row_skew,Ticket,Age_div_Fare,Age_mul_Fare,Pclass_mul_Age,Pclass_mul_Fare,Pclass_div_Age,Pclass_div_Fare,Age,Fare_mul_Embarked_S,Fare,Age_mul_Embarked_S,Age_mul_Sex_male,Fare_mul_Sex_female,Fare_mul_Sex_male,SibSp_mul_Fare,Fare_mul_Embarked_C,Age_mul_SibSp,Age_mul_Sex_female,SibSp_div_Fare,Age_mul_Parch,Age_div_SibSp,Parch_div_Fare,SibSp_plus_Parch,Parch_mul_Fare,SibSp_plus_Embarked_C,Fare_mul_Embarked_Q,Pclass,Age_mul_Embarked_C,Parch_plus_Embarked_C,Age_div_Parch,Pclass_minus_Embarked_C,SibSp_plus_Sex_female,Pclass_mul_Embarked_S,Pclass_minus_SibSp,Age_mul_Embarked_Q,Parch_minus_Embarked_C,Parch_minus_Embarked_Q,Sex_female_plus_Embarked_C,SibSp_mul_Parch,SibSp_minus_Embarked_C,Pclass_minus_Embarked_Q,Pclass_minus_Sex_female,Pclass_plus_SibSp,Parch_minus_Sex_female,Pclass_div_SibSp,Parch_plus_Embarked_Q,Pclass_plus_Parch,SibSp_mul_Embarked_S,Parch_plus_Sex_female,SibSp_minus_Sex_female,SibSp_minus_Parch,Pclass_plus_Embarked_C,Sex_female_plus_Embarked_Q,Sex_female_plus_Embarked_S,Pclass_minus_Parch,SibSp_div_Parch,Parch_mul_Embarked_S,Sex_male_mul_Embarked_Q,Sex_female,Parch,Pclass_mul_Sex_male,Pclass_mul_Embarked_C,Pclass_mul_Sex_female,Sex_female_minus_Embarked_S,Pclass_div_Parch,Pclass_plus_Sex_female,Sex_female_minus_Embarked_Q,Parch_mul_Sex_male,Parch_mul_Embarked_C,Embarked_S,SibSp,Embarked_Q,Embarked_C,Pclass_mul_Parch,Sex_male_mul_Embarked_S,Sex_female_minus_Embarked_C,Parch_mul_Sex_female,SibSp_mul_Sex_male,SibSp_mul_Sex_female,SibSp_mul_Embarked_C,SibSp_mul_Embarked_Q,Sex_female_plus_Sex_male,Sex_female_mul_Embarked_Q,Sex_female_mul_Embarked_C,Sex_female_div_Sex_male,Sex_female_mul_Sex_male,Parch_mul_Embarked_Q,Sex_male_mul_Embarked_C,Survived
2.7746124732335318,0.3814866760168303,3.0344827586206895,159.5,66.0,21.75,0.13636363636363635,0.41379310344827586,22.0,7.25,7.25,22.0,22.0,0.0,7.25,7.25,0.0,22.0,0.0,0.13793103448275862,0.0,22.0,0.0,1.0,0.0,1.0,0.0,3.0,0.0,0.0,0.0,3.0,1.0,3.0,2.0,0.0,0.0,0.0,0.0,0.0,1.0,3.0,3.0,4.0,0.0,3.0,0.0,3.0,1.0,0.0,1.0,1.0,3.0,0.0,1.0,3.0,0.0,0.0,0.0,0.0,0.0,3.0,0.0,0.0,-1.0,0.0,3.0,0.0,0.0,0.0,1.0,1.0,0.0,0.0,0.0,1.0,0.0,0.0,1.0,0.0,0.0,0.0,1.0,0.0,0.0,0.0,0.0,0.0,0.0,0
2.3568441097394977,0.3884992987377279,0.5330841866187452,2708.7653999999998,38.0,71.2833,0.02631578947368421,0.014028531226809086,38.0,0.0,71.2833,0.0,0.0,71.2833,0.0,71.2833,71.2833,38.0,38.0,0.014028531226809086,0.0,38.0,0.0,1.0,0.0,2.0,0.0,1.0,38.0,1.0,0.0,0.0,2.0,0.0,0.0,0.0,-1.0,0.0,2.0,0.0,0.0,1.0,0.0,2.0,-1.0,1.0,0.0,1.0,0.0,1.0,0.0,1.0,2.0,1.0,1.0,1.0,0.0,0.0,0.0,1.0,0.0,0.0,1.0,1.0,1.0,0.0,2.0,1.0,0.0,0.0,0.0,1.0,0.0,1.0,0.0,0.0,0.0,0.0,0.0,1.0,1.0,0.0,1.0,0.0,1.0,0.0,0.0,0.0,0.0,1
2.8427222424024796,0.3856942496493689,3.280757097791798,206.04999999999998,78.0,23.775,0.11538461538461539,0.37854889589905366,26.0,7.925,7.925,26.0,0.0,7.925,0.0,0.0,0.0,0.0,26.0,0.0,0.0,0.0,0.0,0.0,0.0,0.0,0.0,3.0,0.0,0.0,0.0,3.0,1.0,3.0,3.0,0.0,0.0,0.0,1.0,0.0,0.0,3.0,2.0,3.0,-1.0,0.0,0.0,3.0,0.0,1.0,-1.0,0.0,3.0,1.0,2.0,3.0,0.0,0.0,0.0,1.0,0.0,0.0,0.0,3.0,0.0,0.0,4.0,1.0,0.0,0.0,1.0,0.0,0.0,0.0,0.0,0.0,1.0,0.0,0.0,0.0,0.0,0.0,1.0,0.0,0.0,0.0,0.0,0.0,0.0,1
2.1392353245240066,0.3814866738794381,0.6591337099811676,1858.5,35.0,53.1,0.02857142857142857,0.018832391713747645,35.0,53.1,53.1,35.0,0.0,53.1,0.0,53.1,0.0,35.0,35.0,0.018832391713747645,0.0,35.0,0.0,1.0,0.0,1.0,0.0,1.0,0.0,0.0,0.0,1.0,2.0,1.0,0.0,0.0,0.0,0.0,1.0,0.0,1.0,1.0,0.0,2.0,-1.0,1.0,0.0,1.0,1.0,1.0,0.0,1.0,1.0,1.0,2.0,1.0,0.0,0.0,0.0,1.0,0.0,0.0,0.0,1.0,0.0,0.0,2.0,1.0,0.0,0.0,1.0,1.0,0.0,0.0,0.0,0.0,1.0,0.0,0.0,1.0,0.0,0.0,1.0,0.0,0.0,0.0,0.0,0.0,0.0,1
3.0296894722035193,0.3884992987377279,4.3478260869565215,281.75,105.0,24.150000000000002,0.08571428571428572,0.37267080745341613,35.0,8.05,8.05,35.0,35.0,0.0,8.05,0.0,0.0,0.0,0.0,0.0,0.0,0.0,0.0,0.0,0.0,0.0,0.0,3.0,0.0,0.0,0.0,3.0,0.0,3.0,3.0,0.0,0.0,0.0,0.0,0.0,0.0,3.0,3.0,3.0,0.0,0.0,0.0,3.0,0.0,0.0,0.0,0.0,3.0,0.0,1.0,3.0,0.0,0.0,0.0,0.0,0.0,3.0,0.0,0.0,-1.0,0.0,3.0,0.0,0.0,0.0,1.0,0.0,0.0,0.0,0.0,1.0,0.0,0.0,0.0,0.0,0.0,0.0,1.0,0.0,0.0,0.0,0.0,0.0,0.0,0
2.8559461901932175,0.3764044943820224,3.3103578733315207,236.83239999999998,84.0,25.374899999999997,0.10714285714285714,0.3546812007140915,28.0,0.0,8.4583,0.0,28.0,0.0,8.4583,0.0,0.0,0.0,0.0,0.0,0.0,0.0,0.0,0.0,0.0,0.0,8.4583,3.0,0.0,0.0,0.0,3.0,0.0,0.0,3.0,28.0,0.0,-1.0,0.0,0.0,0.0,2.0,3.0,3.0,0.0,0.0,1.0,3.0,0.0,0.0,0.0,0.0,3.0,1.0,0.0,3.0,0.0,0.0,1.0,0.0,0.0,3.0,0.0,0.0,0.0,0.0,3.0,-1.0,0.0,0.0,0.0,0.0,1.0,0.0,0.0,0.0,0.0,0.0,0.0,0.0,0.0,0.0,1.0,0.0,0.0,0.0,0.0,0.0,0.0,0
1.9231332970251136,0.3856942496493689,1.0412147505422995,2800.575,54.0,51.8625,0.018518518518518517,0.019281754639672213,54.0,51.8625,51.8625,54.0,54.0,0.0,51.8625,0.0,0.0,0.0,0.0,0.0,0.0,0.0,0.0,0.0,0.0,0.0,0.0,1.0,0.0,0.0,0.0,1.0,0.0,1.0,1.0,0.0,0.0,0.0,0.0,0.0,0.0,1.0,1.0,1.0,0.0,0.0,0.0,1.0,0.0,0.0,0.0,0.0,1.0,0.0,1.0,1.0,0.0,0.0,0.0,0.0,0.0,1.0,0.0,0.0,-1.0,0.0,1.0,0.0,0.0,0.0,1.0,0.0,0.0,0.0,0.0,1.0,0.0,0.0,0.0,0.0,0.0,0.0,1.0,0.0,0.0,0.0,0.0,0.0,0.0,0
3.124827251630313,0.3856942437752533,0.09489916963226572,42.15,6.0,63.224999999999994,1.5,0.1423487544483986,2.0,21.075,21.075,2.0,2.0,0.0,21.075,63.224999999999994,0.0,6.0,0.0,0.1423487544483986,2.0,0.6666666666666666,0.04744958481613286,4.0,21.075,3.0,0.0,3.0,0.0,1.0,2.0,3.0,3.0,3.0,0.0,0.0,1.0,1.0,0.0,3.0,3.0,3.0,3.0,6.0,1.0,1.0,1.0,4.0,3.0,1.0,3.0,2.0,3.0,0.0,1.0,2.0,3.0,1.0,0.0,0.0,1.0,3.0,0.0,0.0,-1.0,3.0,3.0,0.0,1.0,0.0,1.0,3.0,0.0,0.0,3.0,1.0,0.0,0.0,3.0,0.0,0.0,0.0,1.0,0.0,0.0,0.0,0.0,0.0,0.0,0
2.591406341302755,0.3870967835280519,2.425156961547789,300.5991,81.0,33.3999,0.1111111111111111,0.269461884616421,27.0,11.1333,11.1333,27.0,0.0,11.1333,0.0,0.0,0.0,0.0,27.0,0.0,54.0,0.0,0.17964125641094733,2.0,22.2666,0.0,0.0,3.0,0.0,2.0,13.5,3.0,1.0,3.0,3.0,0.0,2.0,2.0,1.0,0.0,0.0,3.0,2.0,3.0,1.0,0.0,2.0,5.0,0.0,3.0,-1.0,-2.0,3.0,1.0,2.0,1.0,0.0,2.0,0.0,1.0,2.0,0.0,0.0,3.0,0.0,1.5,4.0,1.0,0.0,0.0,1.0,0.0,0.0,0.0,6.0,0.0,1.0,2.0,0.0,0.0,0.0,0.0,1.0,0.0,0.0,0.0,0.0,0.0,0.0,1
2.4968147152119693,0.3814866738794381,0.465567926360456,420.9912,28.0,60.1416,0.14285714285714285,0.06650970376577943,14.0,0.0,30.0708,0.0,0.0,30.0708,0.0,30.0708,30.0708,14.0,14.0,0.033254851882889715,0.0,14.0,0.0,1.0,0.0,2.0,0.0,2.0,14.0,1.0,0.0,1.0,2.0,0.0,1.0,0.0,-1.0,0.0,2.0,0.0,0.0,2.0,1.0,3.0,-1.0,2.0,0.0,2.0,0.0,1.0,0.0,1.0,3.0,1.0,1.0,2.0,0.0,0.0,0.0,1.0,0.0,0.0,2.0,2.0,1.0,0.0,3.0,1.0,0.0,0.0,0.0,1.0,0.0,1.0,0.0,0.0,0.0,0.0,0.0,1.0,1.0,0.0,1.0,0.0,1.0,0.0,0.0,0.0,0.0,1
2.9350900278413934,0.3764044978759011,0.23952095808383234,66.8,12.0,50.099999999999994,0.75,0.17964071856287425,4.0,16.7,16.7,4.0,0.0,16.7,0.0,16.7,0.0,4.0,4.0,0.059880239520958084,4.0,4.0,0.059880239520958084,2.0,16.7,1.0,0.0,3.0,0.0,1.0,4.0,3.0,2.0,3.0,2.0,0.0,1.0,1.0,1.0,1.0,1.0,3.0,2.0,4.0,0.0,3.0,1.0,4.0,1.0,2.0,0.0,0.0,3.0,1.0,2.0,2.0,1.0,1.0,0.0,1.0,1.0,0.0,0.0,3.0,0.0,3.0,4.0,1.0,0.0,0.0,1.0,1.0,0.0,0.0,3.0,0.0,1.0,1.0,0.0,1.0,0.0,0.0,1.0,0.0,0.0,0.0,0.0,0.0,0.0,1
2.5182042005462995,0.3814866760168303,2.184557438794727,1539.9,58.0,26.55,0.017241379310344827,0.03766478342749529,58.0,26.55,26.55,58.0,0.0,26.55,0.0,0.0,0.0,0.0,58.0,0.0,0.0,0.0,0.0,0.0,0.0,0.0,0.0,1.0,0.0,0.0,0.0,1.0,1.0,1.0,1.0,0.0,0.0,0.0,1.0,0.0,0.0,1.0,0.0,1.0,-1.0,0.0,0.0,1.0,0.0,1.0,-1.0,0.0,1.0,1.0,2.0,1.0,0.0,0.0,0.0,1.0,0.0,0.0,0.0,1.0,0.0,0.0,2.0,1.0,0.0,0.0,1.0,0.0,0.0,0.0,0.0,0.0,1.0,0.0,0.0,0.0,0.0,0.0,1.0,0.0,0.0,0.0,0.0,0.0,0.0,1
2.5768716400892195,0.3856942496493689,2.484472049689441,161.0,60.0,24.150000000000002,0.15,0.37267080745341613,20.0,8.05,8.05,20.0,20.0,0.0,8.05,0.0,0.0,0.0,0.0,0.0,0.0,0.0,0.0,0.0,0.0,0.0,0.0,3.0,0.0,0.0,0.0,3.0,0.0,3.0,3.0,0.0,0.0,0.0,0.0,0.0,0.0,3.0,3.0,3.0,0.0,0.0,0.0,3.0,0.0,0.0,0.0,0.0,3.0,0.0,1.0,3.0,0.0,0.0,0.0,0.0,0.0,3.0,0.0,0.0,-1.0,0.0,3.0,0.0,0.0,0.0,1.0,0.0,0.0,0.0,0.0,1.0,0.0,0.0,0.0,0.0,0.0,0.0,1.0,0.0,0.0,0.0,0.0,0.0,0.0,0
1.9409186226486994,0.3884991798949273,1.2470023980815348,1219.725,117.0,93.82499999999999,0.07692307692307693,0.09592326139088729,39.0,31.275,31.275,39.0,39.0,0.0,31.275,31.275,0.0,39.0,0.0,0.0319744204636291,195.0,39.0,0.1598721023181455,6.0,156.375,1.0,0.0,3.0,0.0,5.0,7.8,3.0,1.0,3.0,2.0,0.0,5.0,5.0,0.0,5.0,1.0,3.0,3.0,4.0,5.0,3.0,5.0,8.0,1.0,5.0,1.0,-4.0,3.0,0.0,1.0,-2.0,0.2,5.0,0.0,0.0,5.0,3.0,0.0,0.0,-1.0,0.6,3.0,0.0,5.0,0.0,1.0,1.0,0.0,0.0,15.0,1.0,0.0,0.0,1.0,0.0,0.0,0.0,1.0,0.0,0.0,0.0,0.0,0.0,0.0,0
2.156440638020664,0.3884992987377279,1.7824858037737772,109.9588,42.0,23.5626,0.21428571428571427,0.3819612436658094,14.0,7.8542,7.8542,14.0,0.0,7.8542,0.0,0.0,0.0,0.0,14.0,0.0,0.0,0.0,0.0,0.0,0.0,0.0,0.0,3.0,0.0,0.0,0.0,3.0,1.0,3.0,3.0,0.0,0.0,0.0,1.0,0.0,0.0,3.0,2.0,3.0,-1.0,0.0,0.0,3.0,0.0,1.0,-1.0,0.0,3.0,1.0,2.0,3.0,0.0,0.0,0.0,1.0,0.0,0.0,0.0,3.0,0.0,0.0,4.0,1.0,0.0,0.0,1.0,0.0,0.0,0.0,0.0,0.0,1.0,0.0,0.0,0.0,0.0,0.0,1.0,0.0,0.0,0.0,0.0,0.0,0.0,0
2.914870092810604,0.3814866760168303,3.4375,880.0,110.0,32.0,0.03636363636363636,0.125,55.0,16.0,16.0,55.0,0.0,16.0,0.0,0.0,0.0,0.0,55.0,0.0,0.0,0.0,0.0,0.0,0.0,0.0,0.0,2.0,0.0,0.0,0.0,2.0,1.0,2.0,2.0,0.0,0.0,0.0,1.0,0.0,0.0,2.0,1.0,2.0,-1.0,0.0,0.0,2.0,0.0,1.0,-1.0,0.0,2.0,1.0,2.0,2.0,0.0,0.0,0.0,1.0,0.0,0.0,0.0,2.0,0.0,0.0,3.0,1.0,0.0,0.0,1.0,0.0,0.0,0.0,0.0,0.0,1.0,0.0,0.0,0.0,0.0,0.0,1.0,0.0,0.0,0.0,0.0,0.0,0.0,1
3.1804961306724597,0.3870967581679836,0.06866952789699571,58.25,6.0,87.375,1.5,0.10300429184549356,2.0,0.0,29.125,0.0,2.0,0.0,29.125,116.5,0.0,8.0,0.0,0.13733905579399142,2.0,0.5,0.034334763948497854,5.0,29.125,4.0,29.125,3.0,0.0,1.0,2.0,3.0,4.0,0.0,-1.0,2.0,1.0,0.0,0.0,4.0,4.0,2.0,3.0,7.0,1.0,0.75,2.0,4.0,0.0,1.0,4.0,3.0,3.0,1.0,0.0,2.0,4.0,0.0,1.0,0.0,1.0,3.0,0.0,0.0,0.0,3.0,3.0,-1.0,1.0,0.0,0.0,4.0,1.0,0.0,3.0,0.0,0.0,0.0,4.0,0.0,0.0,4.0,1.0,0.0,0.0,0.0,0.0,1.0,0.0,0
2.492908297750978,0.3870967741935484,2.1538461538461537,364.0,56.0,26.0,0.07142857142857142,0.15384615384615385,28.0,13.0,13.0,28.0,28.0,0.0,13.0,0.0,0.0,0.0,0.0,0.0,0.0,0.0,0.0,0.0,0.0,0.0,0.0,2.0,0.0,0.0,0.0,2.0,0.0,2.0,2.0,0.0,0.0,0.0,0.0,0.0,0.0,2.0,2.0,2.0,0.0,0.0,0.0,2.0,0.0,0.0,0.0,0.0,2.0,0.0,1.0,2.0,0.0,0.0,0.0,0.0,0.0,2.0,0.0,0.0,-1.0,0.0,2.0,0.0,0.0,0.0,1.0,0.0,0.0,0.0,0.0,1.0,0.0,0.0,0.0,0.0,0.0,0.0,1.0,0.0,0.0,0.0,0.0,0.0,0.0,1
2.244233496242365,0.3856942496493689,1.7222222222222223,558.0,93.0,54.0,0.0967741935483871,0.16666666666666666,31.0,18.0,18.0,31.0,0.0,18.0,0.0,18.0,0.0,31.0,31.0,0.05555555555555555,0.0,31.0,0.0,1.0,0.0,1.0,0.0,3.0,0.0,0.0,0.0,3.0,2.0,3.0,2.0,0.0,0.0,0.0,1.0,0.0,1.0,3.0,2.0,4.0,-1.0,3.0,0.0,3.0,1.0,1.0,0.0,1.0,3.0,1.0,2.0,3.0,0.0,0.0,0.0,1.0,0.0,0.0,0.0,3.0,0.0,0.0,4.0,1.0,0.0,0.0,1.0,1.0,0.0,0.0,0.0,0.0,1.0,0.0,0.0,1.0,0.0,0.0,1.0,0.0,0.0,0.0,0.0,0.0,0.0,0
2.9547161591336573,0.3814866760168303,3.8754325259515574,202.29999999999998,84.0,21.674999999999997,0.10714285714285714,0.4152249134948097,28.0,0.0,7.225,0.0,0.0,7.225,0.0,0.0,7.225,0.0,28.0,0.0,0.0,0.0,0.0,0.0,0.0,1.0,0.0,3.0,28.0,1.0,0.0,2.0,1.0,0.0,3.0,0.0,-1.0,0.0,2.0,0.0,-1.0,3.0,2.0,3.0,-1.0,0.0,0.0,3.0,0.0,1.0,-1.0,0.0,4.0,1.0,1.0,3.0,0.0,0.0,0.0,1.0,0.0,0.0,3.0,3.0,1.0,0.0,4.0,1.0,0.0,0.0,0.0,0.0,0.0,1.0,0.0,0.0,0.0,0.0,0.0,0.0,0.0,0.0,1.0,0.0,1.0,0.0,0.0,0.0,0.0,1
2.02959821581502,0.3884992965610454,1.3461538461538463,910.0,70.0,52.0,0.05714285714285714,0.07692307692307693,35.0,26.0,26.0,35.0,35.0,0.0,26.0,0.0,0.0,0.0,0.0,0.0,0.0,0.0,0.0,0.0,0.0,0.0,0.0,2.0,0.0,0.0,0.0,2.0,0.0,2.0,2.0,0.0,0.0,0.0,0.0,0.0,0.0,2.0,2.0,2.0,0.0,0.0,0.0,2.0,0.0,0.0,0.0,0.0,2.0,0.0,1.0,2.0,0.0,0.0,0.0,0.0,0.0,2.0,0.0,0.0,-1.0,0.0,2.0,0.0,0.0,0.0,1.0,0.0,0.0,0.0,0.0,1.0,0.0,0.0,0.0,0.0,0.0,0.0,1.0,0.0,0.0,0.0,0.0,0.0,0.0,0
2.6915597598875527,0.3884992987377279,2.6153846153846154,442.0,68.0,26.0,0.058823529411764705,0.15384615384615385,34.0,13.0,13.0,34.0,34.0,0.0,13.0,0.0,0.0,0.0,0.0,0.0,0.0,0.0,0.0,0.0,0.0,0.0,0.0,2.0,0.0,0.0,0.0,2.0,0.0,2.0,2.0,0.0,0.0,0.0,0.0,0.0,0.0,2.0,2.0,2.0,0.0,0.0,0.0,2.0,0.0,0.0,0.0,0.0,2.0,0.0,1.0,2.0,0.0,0.0,0.0,0.0,0.0,2.0,0.0,0.0,-1.0,0.0,2.0,0.0,0.0,0.0,1.0,0.0,0.0,0.0,0.0,1.0,0.0,0.0,0.0,0.0,0.0,0.0,1.0,0.0,0.0,0.0,0.0,0.0,0.0,1
2.2244689756871865,0.3814866760168303,1.8681811388432223,120.43799999999999,45.0,24.0876,0.2,0.37363622776864447,15.0,0.0,8.0292,0.0,0.0,8.0292,0.0,0.0,0.0,0.0,15.0,0.0,0.0,0.0,0.0,0.0,0.0,0.0,8.0292,3.0,0.0,0.0,0.0,3.0,1.0,0.0,3.0,15.0,0.0,-1.0,1.0,0.0,0.0,2.0,2.0,3.0,-1.0,0.0,1.0,3.0,0.0,1.0,-1.0,0.0,3.0,2.0,1.0,3.0,0.0,0.0,0.0,1.0,0.0,0.0,0.0,3.0,1.0,0.0,4.0,0.0,0.0,0.0,0.0,0.0,1.0,0.0,0.0,0.0,1.0,0.0,0.0,0.0,0.0,0.0,1.0,1.0,0.0,0.0,0.0,0.0,0.0,1
1.9943429012675806,0.3764044943820224,0.7887323943661971,994.0,28.0,35.5,0.03571428571428571,0.028169014084507043,28.0,35.5,35.5,28.0,28.0,0.0,35.5,0.0,0.0,0.0,0.0,0.0,0.0,0.0,0.0,0.0,0.0,0.0,0.0,1.0,0.0,0.0,0.0,1.0,0.0,1.0,1.0,0.0,0.0,0.0,0.0,0.0,0.0,1.0,1.0,1.0,0.0,0.0,0.0,1.0,0.0,0.0,0.0,0.0,1.0,0.0,1.0,1.0,0.0,0.0,0.0,0.0,0.0,1.0,0.0,0.0,-1.0,0.0,1.0,0.0,0.0,0.0,1.0,0.0,0.0,0.0,0.0,1.0,0.0,0.0,0.0,0.0,0.0,0.0,1.0,0.0,0.0,0.0,0.0,0.0,0.0,1
2.6198872563601197,0.3856942437752533,0.37959667852906287,168.6,24.0,63.224999999999994,0.375,0.1423487544483986,8.0,21.075,21.075,8.0,0.0,21.075,0.0,63.224999999999994,0.0,24.0,8.0,0.1423487544483986,8.0,2.6666666666666665,0.04744958481613286,4.0,21.075,3.0,0.0,3.0,0.0,1.0,8.0,3.0,4.0,3.0,0.0,0.0,1.0,1.0,1.0,3.0,3.0,3.0,2.0,6.0,0.0,1.0,1.0,4.0,3.0,2.0,2.0,2.0,3.0,1.0,2.0,2.0,3.0,1.0,0.0,1.0,1.0,0.0,0.0,3.0,0.0,3.0,4.0,1.0,0.0,0.0,1.0,3.0,0.0,0.0,3.0,0.0,1.0,1.0,0.0,3.0,0.0,0.0,1.0,0.0,0.0,0.0,0.0,0.0,0.0,0
1.92256745749073,0.3764045063986951,1.210673038630028,1192.725,114.0,94.1625,0.07894736842105263,0.0955794504181601,38.0,31.3875,31.3875,38.0,0.0,31.3875,0.0,31.3875,0.0,38.0,38.0,0.03185981680605337,190.0,38.0,0.15929908403026682,6.0,156.9375,1.0,0.0,3.0,0.0,5.0,7.6,3.0,2.0,3.0,2.0,0.0,5.0,5.0,1.0,5.0,1.0,3.0,2.0,4.0,4.0,3.0,5.0,8.0,1.0,6.0,0.0,-4.0,3.0,1.0,2.0,-2.0,0.2,5.0,0.0,1.0,5.0,0.0,0.0,3.0,0.0,0.6,4.0,1.0,0.0,0.0,1.0,1.0,0.0,0.0,15.0,0.0,1.0,5.0,0.0,1.0,0.0,0.0,1.0,0.0,0.0,0.0,0.0,0.0,0.0,1
2.954766704809131,0.3870967741935484,3.8754325259515574,202.29999999999998,84.0,21.674999999999997,0.10714285714285714,0.4152249134948097,28.0,0.0,7.225,0.0,28.0,0.0,7.225,0.0,7.225,0.0,0.0,0.0,0.0,0.0,0.0,0.0,0.0,1.0,0.0,3.0,28.0,1.0,0.0,2.0,0.0,0.0,3.0,0.0,-1.0,0.0,1.0,0.0,-1.0,3.0,3.0,3.0,0.0,0.0,0.0,3.0,0.0,0.0,0.0,0.0,4.0,0.0,0.0,3.0,0.0,0.0,0.0,0.0,0.0,3.0,3.0,0.0,0.0,0.0,3.0,0.0,0.0,0.0,0.0,0.0,0.0,1.0,0.0,0.0,-1.0,0.0,0.0,0.0,0.0,0.0,1.0,0.0,0.0,0.0,0.0,0.0,1.0,0
3.288035788828951,0.3884993102536833,0.07224334600760456,4997.0,19.0,263.0,0.05263157894736842,0.0038022813688212928,19.0,263.0,263.0,19.0,19.0,0.0,263.0,789.0,0.0,57.0,0.0,0.011406844106463879,38.0,6.333333333333333,0.0076045627376425855,5.0,526.0,3.0,0.0,1.0,0.0,2.0,9.5,1.0,3.0,1.0,-2.0,0.0,2.0,2.0,0.0,6.0,3.0,1.0,1.0,4.0,2.0,0.3333333333333333,2.0,3.0,3.0,2.0,3.0,1.0,1.0,0.0,1.0,-1.0,1.5,2.0,0.0,0.0,2.0,1.0,0.0,0.0,-1.0,0.5,1.0,0.0,2.0,0.0,1.0,3.0,0.0,0.0,2.0,1.0,0.0,0.0,3.0,0.0,0.0,0.0,1.0,0.0,0.0,0.0,0.0,0.0,0.0,0
2.903254412783071,0.3856942496493689,3.5536602700781805,220.6176,84.0,23.6376,0.10714285714285714,0.38074931465123363,28.0,0.0,7.8792,0.0,0.0,7.8792,0.0,0.0,0.0,0.0,28.0,0.0,0.0,0.0,0.0,0.0,0.0,0.0,7.8792,3.0,0.0,0.0,0.0,3.0,1.0,0.0,3.0,28.0,0.0,-1.0,1.0,0.0,0.0,2.0,2.0,3.0,-1.0,0.0,1.0,3.0,0.0,1.0,-1.0,0.0,3.0,2.0,1.0,3.0,0.0,0.0,0.0,1.0,0.0,0.0,0.0,3.0,1.0,0.0,4.0,0.0,0.0,0.0,0.0,0.0,1.0,0.0,0.0,0.0,1.0,0.0,0.0,0.0,0.0,0.0,1.0,1.0,0.0,0.0,0.0,0.0,0.0,1
2.9019201025961694,0.3856942496493689,3.5461891131994223,221.0824,84.0,23.6874,0.10714285714285714,0.379948833557081,28.0,7.8958,7.8958,28.0,28.0,0.0,7.8958,0.0,0.0,0.0,0.0,0.0,0.0,0.0,0.0,0.0,0.0,0.0,0.0,3.0,0.0,0.0,0.0,3.0,0.0,3.0,3.0,0.0,0.0,0.0,0.0,0.0,0.0,3.0,3.0,3.0,0.0,0.0,0.0,3.0,0.0,0.0,0.0,0.0,3.0,0.0,1.0,3.0,0.0,0.0,0.0,0.0,0.0,3.0,0.0,0.0,-1.0,0.0,3.0,0.0,0.0,0.0,1.0,0.0,0.0,0.0,0.0,1.0,0.0,0.0,0.0,0.0,0.0,0.0,1.0,0.0,0.0,0.0,0.0,0.0,0.0,0
2.0922393905327805,0.3764044943820224,1.4429597991399958,1108.832,40.0,27.7208,0.025,0.0360739949784999,40.0,0.0,27.7208,0.0,40.0,0.0,27.7208,0.0,27.7208,0.0,0.0,0.0,0.0,0.0,0.0,0.0,0.0,1.0,0.0,1.0,40.0,1.0,0.0,0.0,0.0,0.0,1.0,0.0,-1.0,0.0,1.0,0.0,-1.0,1.0,1.0,1.0,0.0,0.0,0.0,1.0,0.0,0.0,0.0,0.0,2.0,0.0,0.0,1.0,0.0,0.0,0.0,0.0,0.0,1.0,1.0,0.0,0.0,0.0,1.0,0.0,0.0,0.0,0.0,0.0,0.0,1.0,0.0,0.0,-1.0,0.0,0.0,0.0,0.0,0.0,1.0,0.0,0.0,0.0,0.0,0.0,1.0,0
3.1256389008871786,0.3764044978759011,0.19109914769780126,4102.5824,28.0,146.5208,0.03571428571428571,0.006824969560635759,28.0,0.0,146.5208,0.0,0.0,146.5208,0.0,146.5208,146.5208,28.0,28.0,0.006824969560635759,0.0,28.0,0.0,1.0,0.0,2.0,0.0,1.0,28.0,1.0,0.0,0.0,2.0,0.0,0.0,0.0,-1.0,0.0,2.0,0.0,0.0,1.0,0.0,2.0,-1.0,1.0,0.0,1.0,0.0,1.0,0.0,1.0,2.0,1.0,1.0,1.0,0.0,0.0,0.0,1.0,0.0,0.0,1.0,1.0,1.0,0.0,2.0,1.0,0.0,0.0,0.0,1.0,0.0,1.0,0.0,0.0,0.0,0.0,0.0,1.0,1.0,0.0,1.0,0.0,1.0,0.0,0.0,0.0,0.0,1
2.9136213823100587,0.3884992987377279,3.6129032258064515,217.0,84.0,23.25,0.10714285714285714,0.3870967741935484,28.0,0.0,7.75,0.0,0.0,7.75,0.0,0.0,0.0,0.0,28.0,0.0,0.0,0.0,0.0,0.0,0.0,0.0,7.75,3.0,0.0,0.0,0.0,3.0,1.0,0.0,3.0,28.0,0.0,-1.0,1.0,0.0,0.0,2.0,2.0,3.0,-1.0,0.0,1.0,3.0,0.0,1.0,-1.0,0.0,3.0,2.0,1.0,3.0,0.0,0.0,0.0,1.0,0.0,0.0,0.0,3.0,1.0,0.0,4.0,0.0,0.0,0.0,0.0,0.0,1.0,0.0,0.0,0.0,1.0,0.0,0.0,0.0,0.0,0.0,1.0,1.0,0.0,0.0,0.0,0.0,0.0,1
3.181315773845525,0.3764044943820224,6.285714285714286,693.0,132.0,21.0,0.030303030303030304,0.19047619047619047,66.0,10.5,10.5,66.0,66.0,0.0,10.5,0.0,0.0,0.0,0.0,0.0,0.0,0.0,0.0,0.0,0.0,0.0,0.0,2.0,0.0,0.0,0.0,2.0,0.0,2.0,2.0,0.0,0.0,0.0,0.0,0.0,0.0,2.0,2.0,2.0,0.0,0.0,0.0,2.0,0.0,0.0,0.0,0.0,2.0,0.0,1.0,2.0,0.0,0.0,0.0,0.0,0.0,2.0,0.0,0.0,-1.0,0.0,2.0,0.0,0.0,0.0,1.0,0.0,0.0,0.0,0.0,1.0,0.0,0.0,0.0,0.0,0.0,0.0,1.0,0.0,0.0,0.0,0.0,0.0,0.0,0
2.7978263134341934,0.3884993021638418,0.3407536497149839,2300.7824,28.0,82.1708,0.03571428571428571,0.012169773204106569,28.0,0.0,82.1708,0.0,28.0,0.0,82.1708,82.1708,82.1708,28.0,0.0,0.012169773204106569,0.0,28.0,0.0,1.0,0.0,2.0,0.0,1.0,28.0,1.0,0.0,0.0,1.0,0.0,0.0,0.0,-1.0,0.0,1.0,0.0,0.0,1.0,1.0,2.0,0.0,1.0,0.0,1.0,0.0,0.0,1.0,1.0,2.0,0.0,0.0,1.0,0.0,0.0,0.0,0.0,0.0,1.0,1.0,0.0,0.0,0.0,1.0,0.0,0.0,0.0,0.0,1.0,0.0,1.0,0.0,0.0,-1.0,0.0,1.0,0.0,1.0,0.0,1.0,0.0,0.0,0.0,0.0,0.0,1.0,0
1.9826744510160184,0.3884993021638418,0.8076923076923077,2184.0,42.0,52.0,0.023809523809523808,0.019230769230769232,42.0,52.0,52.0,42.0,42.0,0.0,52.0,52.0,0.0,42.0,0.0,0.019230769230769232,0.0,42.0,0.0,1.0,0.0,1.0,0.0,1.0,0.0,0.0,0.0,1.0,1.0,1.0,0.0,0.0,0.0,0.0,0.0,0.0,1.0,1.0,1.0,2.0,0.0,1.0,0.0,1.0,1.0,0.0,1.0,1.0,1.0,0.0,1.0,1.0,0.0,0.0,0.0,0.0,0.0,1.0,0.0,0.0,-1.0,0.0,1.0,0.0,0.0,0.0,1.0,1.0,0.0,0.0,0.0,1.0,0.0,0.0,1.0,0.0,0.0,0.0,1.0,0.0,0.0,0.0,0.0,0.0,0.0,0
2.9544434130318877,0.3870967741935484,3.8731809882144637,202.4176,84.0,21.6876,0.10714285714285714,0.41498367730869257,28.0,0.0,7.2292,0.0,28.0,0.0,7.2292,0.0,7.2292,0.0,0.0,0.0,0.0,0.0,0.0,0.0,0.0,1.0,0.0,3.0,28.0,1.0,0.0,2.0,0.0,0.0,3.0,0.0,-1.0,0.0,1.0,0.0,-1.0,3.0,3.0,3.0,0.0,0.0,0.0,3.0,0.0,0.0,0.0,0.0,4.0,0.0,0.0,3.0,0.0,0.0,0.0,0.0,0.0,3.0,3.0,0.0,0.0,0.0,3.0,0.0,0.0,0.0,0.0,0.0,0.0,1.0,0.0,0.0,-1.0,0.0,0.0,0.0,0.0,0.0,1.0,0.0,0.0,0.0,0.0,0.0,1.0,1
2.6300760222499706,0.3870967741935484,2.6086956521739126,169.05,63.0,24.150000000000002,0.14285714285714285,0.37267080745341613,21.0,8.05,8.05,21.0,21.0,0.0,8.05,0.0,0.0,0.0,0.0,0.0,0.0,0.0,0.0,0.0,0.0,0.0,0.0,3.0,0.0,0.0,0.0,3.0,0.0,3.0,3.0,0.0,0.0,0.0,0.0,0.0,0.0,3.0,3.0,3.0,0.0,0.0,0.0,3.0,0.0,0.0,0.0,0.0,3.0,0.0,1.0,3.0,0.0,0.0,0.0,0.0,0.0,3.0,0.0,0.0,-1.0,0.0,3.0,0.0,0.0,0.0,1.0,0.0,0.0,0.0,0.0,1.0,0.0,0.0,0.0,0.0,0.0,0.0,1.0,0.0,0.0,0.0,0.0,0.0,0.0,0
1.842952262880364,0.3814866738794381,1.0,324.0,54.0,54.0,0.16666666666666666,0.16666666666666666,18.0,18.0,18.0,18.0,0.0,18.0,0.0,36.0,0.0,36.0,18.0,0.1111111111111111,0.0,9.0,0.0,2.0,0.0,2.0,0.0,3.0,0.0,0.0,0.0,3.0,3.0,3.0,1.0,0.0,0.0,0.0,1.0,0.0,2.0,3.0,2.0,5.0,-1.0,1.5,0.0,3.0,2.0,1.0,1.0,2.0,3.0,1.0,2.0,3.0,0.0,0.0,0.0,1.0,0.0,0.0,0.0,3.0,0.0,0.0,4.0,1.0,0.0,0.0,1.0,2.0,0.0,0.0,0.0,0.0,1.0,0.0,0.0,2.0,0.0,0.0,1.0,0.0,0.0,0.0,0.0,0.0,0.0,0
1.8625556599753184,0.3764044978759011,1.2453632457724366,157.3838,42.0,33.7251,0.21428571428571427,0.26686355266552214,14.0,0.0,11.2417,0.0,0.0,11.2417,0.0,11.2417,11.2417,14.0,14.0,0.08895451755517404,0.0,14.0,0.0,1.0,0.0,2.0,0.0,3.0,14.0,1.0,0.0,2.0,2.0,0.0,2.0,0.0,-1.0,0.0,2.0,0.0,0.0,3.0,2.0,4.0,-1.0,3.0,0.0,3.0,0.0,1.0,0.0,1.0,4.0,1.0,1.0,3.0,0.0,0.0,0.0,1.0,0.0,0.0,3.0,3.0,1.0,0.0,4.0,1.0,0.0,0.0,0.0,1.0,0.0,1.0,0.0,0.0,0.0,0.0,0.0,1.0,1.0,0.0,1.0,0.0,1.0,0.0,0.0,0.0,0.0,1
3.0272436062531614,0.3884992987377279,4.221635883905013,379.0,120.0,28.424999999999997,0.075,0.316622691292876,40.0,9.475,9.475,40.0,0.0,9.475,0.0,9.475,0.0,40.0,40.0,0.10554089709762533,0.0,40.0,0.0,1.0,0.0,1.0,0.0,3.0,0.0,0.0,0.0,3.0,2.0,3.0,2.0,0.0,0.0,0.0,1.0,0.0,1.0,3.0,2.0,4.0,-1.0,3.0,0.0,3.0,1.0,1.0,0.0,1.0,3.0,1.0,2.0,3.0,0.0,0.0,0.0,1.0,0.0,0.0,0.0,3.0,0.0,0.0,4.0,1.0,0.0,0.0,1.0,1.0,0.0,0.0,0.0,0.0,1.0,0.0,0.0,1.0,0.0,0.0,1.0,0.0,0.0,0.0,0.0,0.0,0.0,0
1.9912369430229901,0.3856942474884025,1.2857142857142858,567.0,54.0,42.0,0.07407407407407407,0.09523809523809523,27.0,21.0,21.0,27.0,0.0,21.0,0.0,21.0,0.0,27.0,27.0,0.047619047619047616,0.0,27.0,0.0,1.0,0.0,1.0,0.0,2.0,0.0,0.0,0.0,2.0,2.0,2.0,1.0,0.0,0.0,0.0,1.0,0.0,1.0,2.0,1.0,3.0,-1.0,2.0,0.0,2.0,1.0,1.0,0.0,1.0,2.0,1.0,2.0,2.0,0.0,0.0,0.0,1.0,0.0,0.0,0.0,2.0,0.0,0.0,3.0,1.0,0.0,0.0,1.0,1.0,0.0,0.0,0.0,0.0,1.0,0.0,0.0,1.0,0.0,0.0,1.0,0.0,0.0,0.0,0.0,0.0,0.0,0
2.901882041538662,0.3814866760168303,3.5461891131994223,221.0824,84.0,23.6874,0.10714285714285714,0.379948833557081,28.0,0.0,7.8958,0.0,28.0,0.0,7.8958,0.0,7.8958,0.0,0.0,0.0,0.0,0.0,0.0,0.0,0.0,1.0,0.0,3.0,28.0,1.0,0.0,2.0,0.0,0.0,3.0,0.0,-1.0,0.0,1.0,0.0,-1.0,3.0,3.0,3.0,0.0,0.0,0.0,3.0,0.0,0.0,0.0,0.0,4.0,0.0,0.0,3.0,0.0,0.0,0.0,0.0,0.0,3.0,3.0,0.0,0.0,0.0,3.0,0.0,0.0,0.0,0.0,0.0,0.0,1.0,0.0,0.0,-1.0,0.0,0.0,0.0,0.0,0.0,1.0,0.0,0.0,0.0,0.0,0.0,1.0,0
3.2791863702098767,0.3814866778217858,0.07215146034555739,124.7376,6.0,83.1584,0.6666666666666666,0.04810097356370493,3.0,0.0,41.5792,0.0,0.0,41.5792,0.0,41.5792,41.5792,3.0,3.0,0.024050486781852464,6.0,3.0,0.04810097356370493,3.0,83.1584,2.0,0.0,2.0,3.0,3.0,1.5,1.0,2.0,0.0,1.0,0.0,1.0,2.0,2.0,2.0,0.0,2.0,1.0,3.0,1.0,2.0,2.0,4.0,0.0,3.0,0.0,-1.0,3.0,1.0,1.0,0.0,0.5,0.0,0.0,1.0,2.0,0.0,2.0,2.0,1.0,1.0,3.0,1.0,0.0,2.0,0.0,1.0,0.0,1.0,4.0,0.0,0.0,2.0,0.0,1.0,1.0,0.0,1.0,0.0,1.0,0.0,0.0,0.0,0.0,1
2.5391115205686665,0.3764044943820224,2.4114123261244798,149.7048,57.0,23.6376,0.15789473684210525,0.38074931465123363,19.0,0.0,7.8792,0.0,0.0,7.8792,0.0,0.0,0.0,0.0,19.0,0.0,0.0,0.0,0.0,0.0,0.0,0.0,7.8792,3.0,0.0,0.0,0.0,3.0,1.0,0.0,3.0,19.0,0.0,-1.0,1.0,0.0,0.0,2.0,2.0,3.0,-1.0,0.0,1.0,3.0,0.0,1.0,-1.0,0.0,3.0,2.0,1.0,3.0,0.0,0.0,0.0,1.0,0.0,0.0,0.0,3.0,1.0,0.0,4.0,0.0,0.0,0.0,0.0,0.0,1.0,0.0,0.0,0.0,1.0,0.0,0.0,0.0,0.0,0.0,1.0,1.0,0.0,0.0,0.0,0.0,0.0,1
2.889479994948239,0.3870967741935484,3.4782608695652173,225.40000000000003,84.0,24.150000000000002,0.10714285714285714,0.37267080745341613,28.0,8.05,8.05,28.0,28.0,0.0,8.05,0.0,0.0,0.0,0.0,0.0,0.0,0.0,0.0,0.0,0.0,0.0,0.0,3.0,0.0,0.0,0.0,3.0,0.0,3.0,3.0,0.0,0.0,0.0,0.0,0.0,0.0,3.0,3.0,3.0,0.0,0.0,0.0,3.0,0.0,0.0,0.0,0.0,3.0,0.0,1.0,3.0,0.0,0.0,0.0,0.0,0.0,3.0,0.0,0.0,-1.0,0.0,3.0,0.0,0.0,0.0,1.0,0.0,0.0,0.0,0.0,1.0,0.0,0.0,0.0,0.0,0.0,0.0,1.0,0.0,0.0,0.0,0.0,0.0,0.0,0
2.2890581419028657,0.3814866760168303,1.8064516129032258,434.0,84.0,46.5,0.10714285714285714,0.1935483870967742,28.0,0.0,15.5,0.0,28.0,0.0,15.5,15.5,0.0,28.0,0.0,0.06451612903225806,0.0,28.0,0.0,1.0,0.0,1.0,15.5,3.0,0.0,0.0,0.0,3.0,1.0,0.0,2.0,28.0,0.0,-1.0,0.0,0.0,1.0,2.0,3.0,4.0,0.0,3.0,1.0,3.0,0.0,0.0,1.0,1.0,3.0,1.0,0.0,3.0,0.0,0.0,1.0,0.0,0.0,3.0,0.0,0.0,0.0,0.0,3.0,-1.0,0.0,0.0,0.0,1.0,1.0,0.0,0.0,0.0,0.0,0.0,1.0,0.0,0.0,1.0,1.0,0.0,0.0,0.0,0.0,0.0,0.0,0
2.9136213823100587,0.3884992987377279,3.6129032258064515,217.0,84.0,23.25,0.10714285714285714,0.3870967741935484,28.0,0.0,7.75,0.0,0.0,7.75,0.0,0.0,0.0,0.0,28.0,0.0,0.0,0.0,0.0,0.0,0.0,0.0,7.75,3.0,0.0,0.0,0.0,3.0,1.0,0.0,3.0,28.0,0.0,-1.0,1.0,0.0,0.0,2.0,2.0,3.0,-1.0,0.0,1.0,3.0,0.0,1.0,-1.0,0.0,3.0,2.0,1.0,3.0,0.0,0.0,0.0,1.0,0.0,0.0,0.0,3.0,1.0,0.0,4.0,0.0,0.0,0.0,0.0,0.0,1.0,0.0,0.0,0.0,1.0,0.0,0.0,0.0,0.0,0.0,1.0,1.0,0.0,0.0,0.0,0.0,0.0,1
1.9732595197783782,0.3870967741935484,1.2915605741909295,607.0176,84.0,65.0376,0.10714285714285714,0.1383814900918853,28.0,0.0,21.6792,0.0,28.0,0.0,21.6792,43.3584,21.6792,56.0,0.0,0.09225432672792354,0.0,14.0,0.0,2.0,0.0,3.0,0.0,3.0,28.0,1.0,0.0,2.0,2.0,0.0,1.0,0.0,-1.0,0.0,1.0,0.0,1.0,3.0,3.0,5.0,0.0,1.5,0.0,3.0,0.0,0.0,2.0,2.0,4.0,0.0,0.0,3.0,0.0,0.0,0.0,0.0,0.0,3.0,3.0,0.0,0.0,0.0,3.0,0.0,0.0,0.0,0.0,2.0,0.0,1.0,0.0,0.0,-1.0,0.0,2.0,0.0,2.0,0.0,1.0,0.0,0.0,0.0,0.0,0.0,1.0,0
1.856719902195922,0.3764044922731047,1.0112359550561798,320.40000000000003,54.0,53.400000000000006,0.16666666666666666,0.16853932584269662,18.0,17.8,17.8,18.0,0.0,17.8,0.0,17.8,0.0,18.0,18.0,0.056179775280898875,0.0,18.0,0.0,1.0,0.0,1.0,0.0,3.0,0.0,0.0,0.0,3.0,2.0,3.0,2.0,0.0,0.0,0.0,1.0,0.0,1.0,3.0,2.0,4.0,-1.0,3.0,0.0,3.0,1.0,1.0,0.0,1.0,3.0,1.0,2.0,3.0,0.0,0.0,0.0,1.0,0.0,0.0,0.0,3.0,0.0,0.0,4.0,1.0,0.0,0.0,1.0,1.0,0.0,0.0,0.0,0.0,1.0,0.0,0.0,1.0,0.0,0.0,1.0,0.0,0.0,0.0,0.0,0.0,0.0,0
3.1191784444521975,0.3814865593192065,0.1763779527559055,277.8125,21.0,119.0625,0.42857142857142855,0.07559055118110236,7.0,39.6875,39.6875,7.0,7.0,0.0,39.6875,158.75,0.0,28.0,0.0,0.10078740157480315,7.0,1.75,0.025196850393700787,5.0,39.6875,4.0,0.0,3.0,0.0,1.0,7.0,3.0,4.0,3.0,-1.0,0.0,1.0,1.0,0.0,4.0,4.0,3.0,3.0,7.0,1.0,0.75,1.0,4.0,4.0,1.0,4.0,3.0,3.0,0.0,1.0,2.0,4.0,1.0,0.0,0.0,1.0,3.0,0.0,0.0,-1.0,3.0,3.0,0.0,1.0,0.0,1.0,4.0,0.0,0.0,3.0,1.0,0.0,0.0,4.0,0.0,0.0,0.0,1.0,0.0,0.0,0.0,0.0,0.0,0.0,0
2.658342529913624,0.3856942496493689,2.6923076923076925,163.79999999999998,63.0,23.4,0.14285714285714285,0.38461538461538464,21.0,7.8,7.8,21.0,21.0,0.0,7.8,0.0,0.0,0.0,0.0,0.0,0.0,0.0,0.0,0.0,0.0,0.0,0.0,3.0,0.0,0.0,0.0,3.0,0.0,3.0,3.0,0.0,0.0,0.0,0.0,0.0,0.0,3.0,3.0,3.0,0.0,0.0,0.0,3.0,0.0,0.0,0.0,0.0,3.0,0.0,1.0,3.0,0.0,0.0,0.0,0.0,0.0,3.0,0.0,0.0,-1.0,0.0,3.0,0.0,0.0,0.0,1.0,0.0,0.0,0.0,0.0,1.0,0.0,0.0,0.0,0.0,0.0,0.0,1.0,0.0,0.0,0.0,0.0,0.0,0.0,0
2.1695129590171374,0.3884992987377279,0.638609551513635,3759.7308000000003,49.0,76.7292,0.02040816326530612,0.013032847990074183,49.0,0.0,76.7292,0.0,0.0,76.7292,0.0,76.7292,76.7292,49.0,49.0,0.013032847990074183,0.0,49.0,0.0,1.0,0.0,2.0,0.0,1.0,49.0,1.0,0.0,0.0,2.0,0.0,0.0,0.0,-1.0,0.0,2.0,0.0,0.0,1.0,0.0,2.0,-1.0,1.0,0.0,1.0,0.0,1.0,0.0,1.0,2.0,1.0,1.0,1.0,0.0,0.0,0.0,1.0,0.0,0.0,1.0,1.0,1.0,0.0,2.0,1.0,0.0,0.0,0.0,1.0,0.0,1.0,0.0,0.0,0.0,0.0,0.0,1.0,1.0,0.0,1.0,0.0,1.0,0.0,0.0,0.0,0.0,1
1.9250533113086679,0.3870967741935484,1.1153846153846154,754.0,58.0,52.0,0.06896551724137931,0.07692307692307693,29.0,26.0,26.0,29.0,0.0,26.0,0.0,26.0,0.0,29.0,29.0,0.038461538461538464,0.0,29.0,0.0,1.0,0.0,1.0,0.0,2.0,0.0,0.0,0.0,2.0,2.0,2.0,1.0,0.0,0.0,0.0,1.0,0.0,1.0,2.0,1.0,3.0,-1.0,2.0,0.0,2.0,1.0,1.0,0.0,1.0,2.0,1.0,2.0,2.0,0.0,0.0,0.0,1.0,0.0,0.0,0.0,2.0,0.0,0.0,3.0,1.0,0.0,0.0,1.0,1.0,0.0,0.0,0.0,0.0,1.0,0.0,0.0,1.0,0.0,0.0,1.0,0.0,0.0,0.0,0.0,0.0,0.0,1
1.9244938585158,0.3764044943820224,1.0487389317706586,4028.648,65.0,61.9792,0.015384615384615385,0.016134445104163977,65.0,0.0,61.9792,0.0,65.0,0.0,61.9792,0.0,61.9792,0.0,0.0,0.0,65.0,0.0,0.016134445104163977,1.0,61.9792,1.0,0.0,1.0,65.0,2.0,65.0,0.0,0.0,0.0,1.0,0.0,0.0,1.0,1.0,0.0,-1.0,1.0,1.0,1.0,1.0,0.0,1.0,2.0,0.0,1.0,0.0,-1.0,2.0,0.0,0.0,0.0,0.0,0.0,0.0,0.0,1.0,1.0,1.0,0.0,0.0,1.0,1.0,0.0,1.0,1.0,0.0,0.0,0.0,1.0,1.0,0.0,-1.0,0.0,0.0,0.0,0.0,0.0,1.0,0.0,0.0,0.0,0.0,0.0,1.0,0
1.9943468507486328,0.3856942496493689,0.7887323943661971,994.0,28.0,35.5,0.03571428571428571,0.028169014084507043,28.0,35.5,35.5,28.0,28.0,0.0,35.5,0.0,0.0,0.0,0.0,0.0,0.0,0.0,0.0,0.0,0.0,0.0,0.0,1.0,0.0,0.0,0.0,1.0,0.0,1.0,1.0,0.0,0.0,0.0,0.0,0.0,0.0,1.0,1.0,1.0,0.0,0.0,0.0,1.0,0.0,0.0,0.0,0.0,1.0,0.0,1.0,1.0,0.0,0.0,0.0,0.0,0.0,1.0,0.0,0.0,-1.0,0.0,1.0,0.0,0.0,0.0,1.0,0.0,0.0,0.0,0.0,1.0,0.0,0.0,0.0,0.0,0.0,0.0,1.0,0.0,0.0,0.0,0.0,0.0,0.0,1
2.3998906711809425,0.3856942496493689,2.0,220.5,42.0,21.0,0.09523809523809523,0.19047619047619047,21.0,10.5,10.5,21.0,0.0,10.5,0.0,0.0,0.0,0.0,21.0,0.0,0.0,0.0,0.0,0.0,0.0,0.0,0.0,2.0,0.0,0.0,0.0,2.0,1.0,2.0,2.0,0.0,0.0,0.0,1.0,0.0,0.0,2.0,1.0,2.0,-1.0,0.0,0.0,2.0,0.0,1.0,-1.0,0.0,2.0,1.0,2.0,2.0,0.0,0.0,0.0,1.0,0.0,0.0,0.0,2.0,0.0,0.0,3.0,1.0,0.0,0.0,1.0,0.0,0.0,0.0,0.0,0.0,1.0,0.0,0.0,0.0,0.0,0.0,1.0,0.0,0.0,0.0,0.0,0.0,0.0,1
2.9657019064406716,0.3814866760168303,3.942344934432579,206.0322,85.5,21.6876,0.10526315789473684,0.41498367730869257,28.5,0.0,7.2292,0.0,28.5,0.0,7.2292,0.0,7.2292,0.0,0.0,0.0,0.0,0.0,0.0,0.0,0.0,1.0,0.0,3.0,28.5,1.0,0.0,2.0,0.0,0.0,3.0,0.0,-1.0,0.0,1.0,0.0,-1.0,3.0,3.0,3.0,0.0,0.0,0.0,3.0,0.0,0.0,0.0,0.0,4.0,0.0,0.0,3.0,0.0,0.0,0.0,0.0,0.0,3.0,3.0,0.0,0.0,0.0,3.0,0.0,0.0,0.0,0.0,0.0,0.0,1.0,0.0,0.0,-1.0,0.0,0.0,0.0,0.0,0.0,1.0,0.0,0.0,0.0,0.0,0.0,1.0,0
3.1375761825161357,0.3884993004358813,0.18018018018018017,138.75,10.0,55.5,0.4,0.07207207207207207,5.0,27.75,27.75,5.0,0.0,27.75,0.0,27.75,0.0,5.0,5.0,0.036036036036036036,10.0,5.0,0.07207207207207207,3.0,55.5,1.0,0.0,2.0,0.0,2.0,2.5,2.0,2.0,2.0,1.0,0.0,2.0,2.0,1.0,2.0,1.0,2.0,1.0,3.0,1.0,2.0,2.0,4.0,1.0,3.0,0.0,-1.0,2.0,1.0,2.0,0.0,0.5,2.0,0.0,1.0,2.0,0.0,0.0,2.0,0.0,1.0,3.0,1.0,0.0,0.0,1.0,1.0,0.0,0.0,4.0,0.0,1.0,2.0,0.0,1.0,0.0,0.0,1.0,0.0,0.0,0.0,0.0,0.0,0.0,1
3.0121887637960585,0.3814865593192065,0.2345415778251599,515.9,33.0,140.7,0.2727272727272727,0.06396588486140725,11.0,46.9,46.9,11.0,11.0,0.0,46.9,234.5,0.0,55.0,0.0,0.10660980810234542,22.0,2.2,0.042643923240938165,7.0,93.8,5.0,0.0,3.0,0.0,2.0,5.5,3.0,5.0,3.0,-2.0,0.0,2.0,2.0,0.0,10.0,5.0,3.0,3.0,8.0,2.0,0.6,2.0,5.0,5.0,2.0,5.0,3.0,3.0,0.0,1.0,1.0,2.5,2.0,0.0,0.0,2.0,3.0,0.0,0.0,-1.0,1.5,3.0,0.0,2.0,0.0,1.0,5.0,0.0,0.0,6.0,1.0,0.0,0.0,5.0,0.0,0.0,0.0,1.0,0.0,0.0,0.0,0.0,0.0,0.0,0
2.7666787390174155,0.3856942496493689,3.0432136335970785,159.0424,66.0,21.6876,0.13636363636363635,0.41498367730869257,22.0,0.0,7.2292,0.0,22.0,0.0,7.2292,0.0,7.2292,0.0,0.0,0.0,0.0,0.0,0.0,0.0,0.0,1.0,0.0,3.0,22.0,1.0,0.0,2.0,0.0,0.0,3.0,0.0,-1.0,0.0,1.0,0.0,-1.0,3.0,3.0,3.0,0.0,0.0,0.0,3.0,0.0,0.0,0.0,0.0,4.0,0.0,0.0,3.0,0.0,0.0,0.0,0.0,0.0,3.0,3.0,0.0,0.0,0.0,3.0,0.0,0.0,0.0,0.0,0.0,0.0,1.0,0.0,0.0,-1.0,0.0,0.0,0.0,0.0,0.0,1.0,0.0,0.0,0.0,0.0,0.0,1.0,0
2.478569245394719,0.3856942496493689,0.475,3040.0,38.0,80.0,0.02631578947368421,0.0125,38.0,80.0,80.0,38.0,0.0,80.0,0.0,0.0,0.0,0.0,38.0,0.0,0.0,0.0,0.0,0.0,0.0,0.0,0.0,1.0,0.0,0.0,0.0,1.0,1.0,1.0,1.0,0.0,0.0,0.0,1.0,0.0,0.0,1.0,0.0,1.0,-1.0,0.0,0.0,1.0,0.0,1.0,-1.0,0.0,1.0,1.0,2.0,1.0,0.0,0.0,0.0,1.0,0.0,0.0,0.0,1.0,0.0,0.0,2.0,1.0,0.0,0.0,1.0,0.0,0.0,0.0,0.0,0.0,1.0,0.0,0.0,0.0,0.0,0.0,1.0,0.0,0.0,0.0,0.0,0.0,0.0,1
2.3444184293761974,0.3884992987377279,0.5390835579514826,3756.3749999999995,45.0,83.475,0.022222222222222223,0.011979634621144056,45.0,83.475,83.475,45.0,45.0,0.0,83.475,83.475,0.0,45.0,0.0,0.011979634621144056,0.0,45.0,0.0,1.0,0.0,1.0,0.0,1.0,0.0,0.0,0.0,1.0,1.0,1.0,0.0,0.0,0.0,0.0,0.0,0.0,1.0,1.0,1.0,2.0,0.0,1.0,0.0,1.0,1.0,0.0,1.0,1.0,1.0,0.0,1.0,1.0,0.0,0.0,0.0,0.0,0.0,1.0,0.0,0.0,-1.0,0.0,1.0,0.0,0.0,0.0,1.0,1.0,0.0,0.0,0.0,1.0,0.0,0.0,1.0,0.0,0.0,0.0,1.0,0.0,0.0,0.0,0.0,0.0,0.0,0
3.1410359659213754,0.3764044787991114,0.14336917562724016,111.6,12.0,83.69999999999999,0.75,0.10752688172043011,4.0,27.9,27.9,4.0,4.0,0.0,27.9,83.69999999999999,0.0,12.0,0.0,0.10752688172043011,8.0,1.3333333333333333,0.07168458781362008,5.0,55.8,3.0,0.0,3.0,0.0,2.0,2.0,3.0,3.0,3.0,0.0,0.0,2.0,2.0,0.0,6.0,3.0,3.0,3.0,6.0,2.0,1.0,2.0,5.0,3.0,2.0,3.0,1.0,3.0,0.0,1.0,1.0,1.5,2.0,0.0,0.0,2.0,3.0,0.0,0.0,-1.0,1.5,3.0,0.0,2.0,0.0,1.0,3.0,0.0,0.0,6.0,1.0,0.0,0.0,3.0,0.0,0.0,0.0,1.0,0.0,0.0,0.0,0.0,0.0,0.0,0
1.9160402749288314,0.3884992987377279,1.0100718593979972,776.1824,28.0,27.7208,0.03571428571428571,0.0360739949784999,28.0,0.0,27.7208,0.0,28.0,0.0,27.7208,0.0,27.7208,0.0,0.0,0.0,0.0,0.0,0.0,0.0,0.0,1.0,0.0,1.0,28.0,1.0,0.0,0.0,0.0,0.0,1.0,0.0,-1.0,0.0,1.0,0.0,-1.0,1.0,1.0,1.0,0.0,0.0,0.0,1.0,0.0,0.0,0.0,0.0,2.0,0.0,0.0,1.0,0.0,0.0,0.0,0.0,0.0,1.0,1.0,0.0,0.0,0.0,1.0,0.0,0.0,0.0,0.0,0.0,0.0,1.0,0.0,0.0,-1.0,0.0,0.0,0.0,0.0,0.0,1.0,0.0,0.0,0.0,0.0,0.0,1.0,0
2.31319985361736,0.3764044943820224,1.8365713835941704,426.88239999999996,84.0,45.737399999999994,0.10714285714285714,0.19677550538508967,28.0,0.0,15.2458,0.0,28.0,0.0,15.2458,15.2458,15.2458,28.0,0.0,0.06559183512836322,28.0,28.0,0.06559183512836322,2.0,15.2458,2.0,0.0,3.0,28.0,2.0,28.0,2.0,1.0,0.0,2.0,0.0,0.0,1.0,1.0,1.0,0.0,3.0,3.0,4.0,1.0,3.0,1.0,4.0,0.0,1.0,1.0,0.0,4.0,0.0,0.0,2.0,1.0,0.0,0.0,0.0,1.0,3.0,3.0,0.0,0.0,3.0,3.0,0.0,1.0,1.0,0.0,1.0,0.0,1.0,3.0,0.0,-1.0,0.0,1.0,0.0,1.0,0.0,1.0,0.0,0.0,0.0,0.0,0.0,1.0,1
2.736879473056336,0.3764044943820224,2.761904761904762,304.5,58.0,21.0,0.06896551724137931,0.19047619047619047,29.0,10.5,10.5,29.0,0.0,10.5,0.0,0.0,0.0,0.0,29.0,0.0,0.0,0.0,0.0,0.0,0.0,0.0,0.0,2.0,0.0,0.0,0.0,2.0,1.0,2.0,2.0,0.0,0.0,0.0,1.0,0.0,0.0,2.0,1.0,2.0,-1.0,0.0,0.0,2.0,0.0,1.0,-1.0,0.0,2.0,1.0,2.0,2.0,0.0,0.0,0.0,1.0,0.0,0.0,0.0,2.0,0.0,0.0,3.0,1.0,0.0,0.0,1.0,0.0,0.0,0.0,0.0,0.0,1.0,0.0,0.0,0.0,0.0,0.0,1.0,0.0,0.0,0.0,0.0,0.0,0.0,1
2.5049962471407103,0.3764044943820224,2.3289165634997486,155.0077,57.0,24.4749,0.15789473684210525,0.3677236679210129,19.0,8.1583,8.1583,19.0,19.0,0.0,8.1583,0.0,0.0,0.0,0.0,0.0,0.0,0.0,0.0,0.0,0.0,0.0,0.0,3.0,0.0,0.0,0.0,3.0,0.0,3.0,3.0,0.0,0.0,0.0,0.0,0.0,0.0,3.0,3.0,3.0,0.0,0.0,0.0,3.0,0.0,0.0,0.0,0.0,3.0,0.0,1.0,3.0,0.0,0.0,0.0,0.0,0.0,3.0,0.0,0.0,-1.0,0.0,3.0,0.0,0.0,0.0,1.0,0.0,0.0,0.0,0.0,1.0,0.0,0.0,0.0,0.0,0.0,0.0,1.0,0.0,0.0,0.0,0.0,0.0,0.0,0
2.2738342469629114,0.3814866760168303,2.145110410094637,134.725,51.0,23.775,0.17647058823529413,0.37854889589905366,17.0,7.925,7.925,17.0,0.0,7.925,0.0,31.7,0.0,68.0,17.0,0.5047318611987381,34.0,4.25,0.25236593059936907,6.0,15.85,4.0,0.0,3.0,0.0,2.0,8.5,3.0,5.0,3.0,-1.0,0.0,2.0,2.0,1.0,8.0,4.0,3.0,2.0,7.0,1.0,0.75,2.0,5.0,4.0,3.0,3.0,2.0,3.0,1.0,2.0,1.0,2.0,2.0,0.0,1.0,2.0,0.0,0.0,3.0,0.0,1.5,4.0,1.0,0.0,0.0,1.0,4.0,0.0,0.0,6.0,0.0,1.0,2.0,0.0,4.0,0.0,0.0,1.0,0.0,0.0,0.0,0.0,0.0,0.0,1
2.77736708176665,0.3856942496493689,3.0014430014430014,225.225,78.0,25.987499999999997,0.11538461538461539,0.34632034632034636,26.0,8.6625,8.6625,26.0,26.0,0.0,8.6625,17.325,0.0,52.0,0.0,0.23088023088023088,0.0,13.0,0.0,2.0,0.0,2.0,0.0,3.0,0.0,0.0,0.0,3.0,2.0,3.0,1.0,0.0,0.0,0.0,0.0,0.0,2.0,3.0,3.0,5.0,0.0,1.5,0.0,3.0,2.0,0.0,2.0,2.0,3.0,0.0,1.0,3.0,0.0,0.0,0.0,0.0,0.0,3.0,0.0,0.0,-1.0,0.0,3.0,0.0,0.0,0.0,1.0,2.0,0.0,0.0,0.0,1.0,0.0,0.0,2.0,0.0,0.0,0.0,1.0,0.0,0.0,0.0,0.0,0.0,0.0,0
2.821368709381486,0.3764044943820224,3.0476190476190474,336.0,64.0,21.0,0.0625,0.19047619047619047,32.0,10.5,10.5,32.0,32.0,0.0,10.5,0.0,0.0,0.0,0.0,0.0,0.0,0.0,0.0,0.0,0.0,0.0,0.0,2.0,0.0,0.0,0.0,2.0,0.0,2.0,2.0,0.0,0.0,0.0,0.0,0.0,0.0,2.0,2.0,2.0,0.0,0.0,0.0,2.0,0.0,0.0,0.0,0.0,2.0,0.0,1.0,2.0,0.0,0.0,0.0,0.0,0.0,2.0,0.0,0.0,-1.0,0.0,2.0,0.0,0.0,0.0,1.0,0.0,0.0,0.0,0.0,1.0,0.0,0.0,0.0,0.0,0.0,0.0,1.0,0.0,0.0,0.0,0.0,0.0,0.0,0
2.7727429979705347,0.3884992550178964,0.3411513859275053,750.4,48.0,140.7,0.1875,0.06396588486140725,16.0,46.9,46.9,16.0,0.0,46.9,0.0,234.5,0.0,80.0,16.0,0.10660980810234542,32.0,3.2,0.042643923240938165,7.0,93.8,5.0,0.0,3.0,0.0,2.0,8.0,3.0,6.0,3.0,-2.0,0.0,2.0,2.0,1.0,10.0,5.0,3.0,2.0,8.0,1.0,0.6,2.0,5.0,5.0,3.0,4.0,3.0,3.0,1.0,2.0,1.0,2.5,2.0,0.0,1.0,2.0,0.0,0.0,3.0,0.0,1.5,4.0,1.0,0.0,0.0,1.0,5.0,0.0,0.0,6.0,0.0,1.0,2.0,0.0,5.0,0.0,0.0,1.0,0.0,0.0,0.0,0.0,0.0,0.0,0
2.926851385579173,0.3764044787991114,0.2857142857142857,1543.5,42.0,147.0,0.09523809523809523,0.027210884353741496,21.0,73.5,73.5,21.0,21.0,0.0,73.5,0.0,0.0,0.0,0.0,0.0,0.0,0.0,0.0,0.0,0.0,0.0,0.0,2.0,0.0,0.0,0.0,2.0,0.0,2.0,2.0,0.0,0.0,0.0,0.0,0.0,0.0,2.0,2.0,2.0,0.0,0.0,0.0,2.0,0.0,0.0,0.0,0.0,2.0,0.0,1.0,2.0,0.0,0.0,0.0,0.0,0.0,2.0,0.0,0.0,-1.0,0.0,2.0,0.0,0.0,0.0,1.0,0.0,0.0,0.0,0.0,1.0,0.0,0.0,0.0,0.0,0.0,0.0,1.0,0.0,0.0,0.0,0.0,0.0,0.0,0
2.2789985148271614,0.3856942496493689,1.7987851281980325,375.80920000000003,78.0,43.3626,0.11538461538461539,0.20755213017669605,26.0,0.0,14.4542,0.0,26.0,0.0,14.4542,14.4542,14.4542,26.0,0.0,0.06918404339223201,0.0,26.0,0.0,1.0,0.0,2.0,0.0,3.0,26.0,1.0,0.0,2.0,1.0,0.0,2.0,0.0,-1.0,0.0,1.0,0.0,0.0,3.0,3.0,4.0,0.0,3.0,0.0,3.0,0.0,0.0,1.0,1.0,4.0,0.0,0.0,3.0,0.0,0.0,0.0,0.0,0.0,3.0,3.0,0.0,0.0,0.0,3.0,0.0,0.0,0.0,0.0,1.0,0.0,1.0,0.0,0.0,-1.0,0.0,1.0,0.0,1.0,0.0,1.0,0.0,0.0,0.0,0.0,0.0,1.0,0
2.2856082383822955,0.3814868040409881,0.5664137865115637,1807.8656,96.0,169.4874,0.09375,0.05310129248545909,32.0,56.4958,56.4958,32.0,32.0,0.0,56.4958,0.0,0.0,0.0,0.0,0.0,0.0,0.0,0.0,0.0,0.0,0.0,0.0,3.0,0.0,0.0,0.0,3.0,0.0,3.0,3.0,0.0,0.0,0.0,0.0,0.0,0.0,3.0,3.0,3.0,0.0,0.0,0.0,3.0,0.0,0.0,0.0,0.0,3.0,0.0,1.0,3.0,0.0,0.0,0.0,0.0,0.0,3.0,0.0,0.0,-1.0,0.0,3.0,0.0,0.0,0.0,1.0,0.0,0.0,0.0,0.0,1.0,0.0,0.0,0.0,0.0,0.0,0.0,1.0,0.0,0.0,0.0,0.0,0.0,0.0,1
2.83571159116444,0.3814866760168303,3.2679738562091503,191.25,75.0,22.950000000000003,0.12,0.39215686274509803,25.0,7.65,7.65,25.0,25.0,0.0,7.65,0.0,0.0,0.0,0.0,0.0,0.0,0.0,0.0,0.0,0.0,0.0,0.0,3.0,0.0,0.0,0.0,3.0,0.0,3.0,3.0,0.0,0.0,0.0,0.0,0.0,0.0,3.0,3.0,3.0,0.0,0.0,0.0,3.0,0.0,0.0,0.0,0.0,3.0,0.0,1.0,3.0,0.0,0.0,0.0,0.0,0.0,3.0,0.0,0.0,-1.0,0.0,3.0,0.0,0.0,0.0,1.0,0.0,0.0,0.0,0.0,1.0,0.0,0.0,0.0,0.0,0.0,0.0,1.0,0.0,0.0,0.0,0.0,0.0,0.0,0
2.9018357233703846,0.3764044943820224,3.5461891131994223,221.0824,84.0,23.6874,0.10714285714285714,0.379948833557081,28.0,7.8958,7.8958,28.0,28.0,0.0,7.8958,0.0,0.0,0.0,0.0,0.0,0.0,0.0,0.0,0.0,0.0,0.0,0.0,3.0,0.0,0.0,0.0,3.0,0.0,3.0,3.0,0.0,0.0,0.0,0.0,0.0,0.0,3.0,3.0,3.0,0.0,0.0,0.0,3.0,0.0,0.0,0.0,0.0,3.0,0.0,1.0,3.0,0.0,0.0,0.0,0.0,0.0,3.0,0.0,0.0,-1.0,0.0,3.0,0.0,0.0,0.0,1.0,0.0,0.0,0.0,0.0,1.0,0.0,0.0,0.0,0.0,0.0,0.0,1.0,0.0,0.0,0.0,0.0,0.0,0.0,0
2.8893830656961605,0.3764044943820224,3.4782608695652173,225.40000000000003,84.0,24.150000000000002,0.10714285714285714,0.37267080745341613,28.0,8.05,8.05,28.0,28.0,0.0,8.05,0.0,0.0,0.0,0.0,0.0,0.0,0.0,0.0,0.0,0.0,0.0,0.0,3.0,0.0,0.0,0.0,3.0,0.0,3.0,3.0,0.0,0.0,0.0,0.0,0.0,0.0,3.0,3.0,3.0,0.0,0.0,0.0,3.0,0.0,0.0,0.0,0.0,3.0,0.0,1.0,3.0,0.0,0.0,0.0,0.0,0.0,3.0,0.0,0.0,-1.0,0.0,3.0,0.0,0.0,0.0,1.0,0.0,0.0,0.0,0.0,1.0,0.0,0.0,0.0,0.0,0.0,0.0,1.0,0.0,0.0,0.0,0.0,0.0,0.0,0
3.270470992607912,0.3764044943820224,0.028620689655172414,24.07,1.66,58.0,2.4096385542168677,0.06896551724137931,0.83,29.0,29.0,0.83,0.83,0.0,29.0,0.0,0.0,0.0,0.0,0.0,1.66,0.0,0.06896551724137931,2.0,58.0,0.0,0.0,2.0,0.0,2.0,0.415,2.0,0.0,2.0,2.0,0.0,2.0,2.0,0.0,0.0,0.0,2.0,2.0,2.0,2.0,0.0,2.0,4.0,0.0,2.0,0.0,-2.0,2.0,0.0,1.0,0.0,0.0,2.0,0.0,0.0,2.0,2.0,0.0,0.0,-1.0,1.0,2.0,0.0,2.0,0.0,1.0,0.0,0.0,0.0,4.0,1.0,0.0,0.0,0.0,0.0,0.0,0.0,1.0,0.0,0.0,0.0,0.0,0.0,0.0,1
2.590131687065769,0.3856942530911989,2.404809619238477,374.25,90.0,37.425,0.1,0.2404809619238477,30.0,12.475,12.475,30.0,0.0,12.475,0.0,0.0,0.0,0.0,30.0,0.0,0.0,0.0,0.0,0.0,0.0,0.0,0.0,3.0,0.0,0.0,0.0,3.0,1.0,3.0,3.0,0.0,0.0,0.0,1.0,0.0,0.0,3.0,2.0,3.0,-1.0,0.0,0.0,3.0,0.0,1.0,-1.0,0.0,3.0,1.0,2.0,3.0,0.0,0.0,0.0,1.0,0.0,0.0,0.0,3.0,0.0,0.0,4.0,1.0,0.0,0.0,1.0,0.0,0.0,0.0,0.0,0.0,1.0,0.0,0.0,0.0,0.0,0.0,1.0,0.0,0.0,0.0,0.0,0.0,0.0,1
2.5757910593366318,0.3884992987377279,2.4444444444444446,198.0,66.0,27.0,0.13636363636363635,0.3333333333333333,22.0,9.0,9.0,22.0,22.0,0.0,9.0,0.0,0.0,0.0,0.0,0.0,0.0,0.0,0.0,0.0,0.0,0.0,0.0,3.0,0.0,0.0,0.0,3.0,0.0,3.0,3.0,0.0,0.0,0.0,0.0,0.0,0.0,3.0,3.0,3.0,0.0,0.0,0.0,3.0,0.0,0.0,0.0,0.0,3.0,0.0,1.0,3.0,0.0,0.0,0.0,0.0,0.0,3.0,0.0,0.0,-1.0,0.0,3.0,0.0,0.0,0.0,1.0,0.0,0.0,0.0,0.0,1.0,0.0,0.0,0.0,0.0,0.0,0.0,1.0,0.0,0.0,0.0,0.0,0.0,0.0,0
2.799095588040669,0.3856942496493689,3.0526315789473686,275.5,87.0,28.5,0.10344827586206896,0.3157894736842105,29.0,9.5,9.5,29.0,29.0,0.0,9.5,0.0,0.0,0.0,0.0,0.0,0.0,0.0,0.0,0.0,0.0,0.0,0.0,3.0,0.0,0.0,0.0,3.0,0.0,3.0,3.0,0.0,0.0,0.0,0.0,0.0,0.0,3.0,3.0,3.0,0.0,0.0,0.0,3.0,0.0,0.0,0.0,0.0,3.0,0.0,1.0,3.0,0.0,0.0,0.0,0.0,0.0,3.0,0.0,0.0,-1.0,0.0,3.0,0.0,0.0,0.0,1.0,0.0,0.0,0.0,0.0,1.0,0.0,0.0,0.0,0.0,0.0,0.0,1.0,0.0,0.0,0.0,0.0,0.0,0.0,1
2.9105181194932426,0.3764044943820224,3.5955056179775284,218.04999999999998,84.0,23.362499999999997,0.10714285714285714,0.3852327447833066,28.0,0.0,7.7875,0.0,0.0,7.7875,0.0,0.0,0.0,0.0,28.0,0.0,0.0,0.0,0.0,0.0,0.0,0.0,7.7875,3.0,0.0,0.0,0.0,3.0,1.0,0.0,3.0,28.0,0.0,-1.0,1.0,0.0,0.0,2.0,2.0,3.0,-1.0,0.0,1.0,3.0,0.0,1.0,-1.0,0.0,3.0,2.0,1.0,3.0,0.0,0.0,0.0,1.0,0.0,0.0,0.0,3.0,1.0,0.0,4.0,0.0,0.0,0.0,0.0,0.0,1.0,0.0,0.0,0.0,1.0,0.0,0.0,0.0,0.0,0.0,1.0,1.0,0.0,0.0,0.0,0.0,0.0,1
2.240238550421752,0.3856942496493689,0.5944798301486199,1318.8,28.0,47.1,0.03571428571428571,0.021231422505307854,28.0,47.1,47.1,28.0,28.0,0.0,47.1,0.0,0.0,0.0,0.0,0.0,0.0,0.0,0.0,0.0,0.0,0.0,0.0,1.0,0.0,0.0,0.0,1.0,0.0,1.0,1.0,0.0,0.0,0.0,0.0,0.0,0.0,1.0,1.0,1.0,0.0,0.0,0.0,1.0,0.0,0.0,0.0,0.0,1.0,0.0,1.0,1.0,0.0,0.0,0.0,0.0,0.0,1.0,0.0,0.0,-1.0,0.0,1.0,0.0,0.0,0.0,1.0,0.0,0.0,0.0,0.0,1.0,0.0,0.0,0.0,0.0,0.0,0.0,1.0,0.0,0.0,0.0,0.0,0.0,0.0,0
2.1577406777226322,0.3764044943820224,1.619047619047619,178.5,34.0,21.0,0.11764705882352941,0.19047619047619047,17.0,10.5,10.5,17.0,0.0,10.5,0.0,0.0,0.0,0.0,17.0,0.0,0.0,0.0,0.0,0.0,0.0,0.0,0.0,2.0,0.0,0.0,0.0,2.0,1.0,2.0,2.0,0.0,0.0,0.0,1.0,0.0,0.0,2.0,1.0,2.0,-1.0,0.0,0.0,2.0,0.0,1.0,-1.0,0.0,2.0,1.0,2.0,2.0,0.0,0.0,0.0,1.0,0.0,0.0,0.0,2.0,0.0,0.0,3.0,1.0,0.0,0.0,1.0,0.0,0.0,0.0,0.0,0.0,1.0,0.0,0.0,0.0,0.0,0.0,1.0,0.0,0.0,0.0,0.0,0.0,0.0,1
2.437016401571103,0.3884992987377279,2.082018927444795,523.05,99.0,47.55,0.09090909090909091,0.18927444794952683,33.0,15.85,15.85,33.0,0.0,15.85,0.0,47.55,0.0,99.0,33.0,0.18927444794952683,0.0,11.0,0.0,3.0,0.0,3.0,0.0,3.0,0.0,0.0,0.0,3.0,4.0,3.0,0.0,0.0,0.0,0.0,1.0,0.0,3.0,3.0,2.0,6.0,-1.0,1.0,0.0,3.0,3.0,1.0,2.0,3.0,3.0,1.0,2.0,3.0,0.0,0.0,0.0,1.0,0.0,0.0,0.0,3.0,0.0,0.0,4.0,1.0,0.0,0.0,1.0,3.0,0.0,0.0,0.0,0.0,1.0,0.0,0.0,3.0,0.0,0.0,1.0,0.0,0.0,0.0,0.0,0.0,0.0,1
2.481601019810672,0.3764044886493897,0.46545454545454545,550.0,48.0,103.125,0.1875,0.08727272727272728,16.0,34.375,34.375,16.0,16.0,0.0,34.375,34.375,0.0,16.0,0.0,0.02909090909090909,48.0,16.0,0.08727272727272728,4.0,103.125,1.0,0.0,3.0,0.0,3.0,5.333333333333333,3.0,1.0,3.0,2.0,0.0,3.0,3.0,0.0,3.0,1.0,3.0,3.0,4.0,3.0,3.0,3.0,6.0,1.0,3.0,1.0,-2.0,3.0,0.0,1.0,0.0,0.3333333333333333,3.0,0.0,0.0,3.0,3.0,0.0,0.0,-1.0,1.0,3.0,0.0,3.0,0.0,1.0,1.0,0.0,0.0,9.0,1.0,0.0,0.0,1.0,0.0,0.0,0.0,1.0,0.0,0.0,0.0,0.0,0.0,0.0,0
2.889492585726881,0.3884992987377279,3.4782608695652173,225.40000000000003,84.0,24.150000000000002,0.10714285714285714,0.37267080745341613,28.0,8.05,8.05,28.0,28.0,0.0,8.05,0.0,0.0,0.0,0.0,0.0,0.0,0.0,0.0,0.0,0.0,0.0,0.0,3.0,0.0,0.0,0.0,3.0,0.0,3.0,3.0,0.0,0.0,0.0,0.0,0.0,0.0,3.0,3.0,3.0,0.0,0.0,0.0,3.0,0.0,0.0,0.0,0.0,3.0,0.0,1.0,3.0,0.0,0.0,0.0,0.0,0.0,3.0,0.0,0.0,-1.0,0.0,3.0,0.0,0.0,0.0,1.0,0.0,0.0,0.0,0.0,1.0,0.0,0.0,0.0,0.0,0.0,0.0,1.0,0.0,0.0,0.0,0.0,0.0,0.0,0
3.2747300642312753,0.381486670206796,0.08745247148288973,6049.0,23.0,263.0,0.043478260869565216,0.0038022813688212928,23.0,263.0,263.0,23.0,0.0,263.0,0.0,789.0,0.0,69.0,23.0,0.011406844106463879,46.0,7.666666666666667,0.0076045627376425855,5.0,526.0,3.0,0.0,1.0,0.0,2.0,11.5,1.0,4.0,1.0,-2.0,0.0,2.0,2.0,1.0,6.0,3.0,1.0,0.0,4.0,1.0,0.3333333333333333,2.0,3.0,3.0,3.0,2.0,1.0,1.0,1.0,2.0,-1.0,1.5,2.0,0.0,1.0,2.0,0.0,0.0,1.0,0.0,0.5,2.0,1.0,0.0,0.0,1.0,3.0,0.0,0.0,2.0,0.0,1.0,2.0,0.0,3.0,0.0,0.0,1.0,0.0,0.0,0.0,0.0,0.0,0.0,1
2.7620863189440326,0.3814866760168303,2.981366459627329,193.20000000000002,72.0,24.150000000000002,0.125,0.37267080745341613,24.0,8.05,8.05,24.0,24.0,0.0,8.05,0.0,0.0,0.0,0.0,0.0,0.0,0.0,0.0,0.0,0.0,0.0,0.0,3.0,0.0,0.0,0.0,3.0,0.0,3.0,3.0,0.0,0.0,0.0,0.0,0.0,0.0,3.0,3.0,3.0,0.0,0.0,0.0,3.0,0.0,0.0,0.0,0.0,3.0,0.0,1.0,3.0,0.0,0.0,0.0,0.0,0.0,3.0,0.0,0.0,-1.0,0.0,3.0,0.0,0.0,0.0,1.0,0.0,0.0,0.0,0.0,1.0,0.0,0.0,0.0,0.0,0.0,0.0,1.0,0.0,0.0,0.0,0.0,0.0,0.0,0
2.9148097146510787,0.3856942496493689,3.602484472049689,233.45000000000002,87.0,24.150000000000002,0.10344827586206896,0.37267080745341613,29.0,8.05,8.05,29.0,29.0,0.0,8.05,0.0,0.0,0.0,0.0,0.0,0.0,0.0,0.0,0.0,0.0,0.0,0.0,3.0,0.0,0.0,0.0,3.0,0.0,3.0,3.0,0.0,0.0,0.0,0.0,0.0,0.0,3.0,3.0,3.0,0.0,0.0,0.0,3.0,0.0,0.0,0.0,0.0,3.0,0.0,1.0,3.0,0.0,0.0,0.0,0.0,0.0,3.0,0.0,0.0,-1.0,0.0,3.0,0.0,0.0,0.0,1.0,0.0,0.0,0.0,0.0,1.0,0.0,0.0,0.0,0.0,0.0,0.0,1.0,0.0,0.0,0.0,0.0,0.0,0.0,0
2.6000045718526867,0.3884992987377279,2.546408291105396,157.084,60.0,23.5626,0.15,0.3819612436658094,20.0,7.8542,7.8542,20.0,20.0,0.0,7.8542,0.0,0.0,0.0,0.0,0.0,0.0,0.0,0.0,0.0,0.0,0.0,0.0,3.0,0.0,0.0,0.0,3.0,0.0,3.0,3.0,0.0,0.0,0.0,0.0,0.0,0.0,3.0,3.0,3.0,0.0,0.0,0.0,3.0,0.0,0.0,0.0,0.0,3.0,0.0,1.0,3.0,0.0,0.0,0.0,0.0,0.0,3.0,0.0,0.0,-1.0,0.0,3.0,0.0,0.0,0.0,1.0,0.0,0.0,0.0,0.0,1.0,0.0,0.0,0.0,0.0,0.0,0.0,1.0,0.0,0.0,0.0,0.0,0.0,0.0,0
2.029291344788122,0.3814866760168303,0.7519411524315489,2814.0499999999997,46.0,61.175,0.021739130434782608,0.016346546791990192,46.0,61.175,61.175,46.0,46.0,0.0,61.175,61.175,0.0,46.0,0.0,0.016346546791990192,0.0,46.0,0.0,1.0,0.0,1.0,0.0,1.0,0.0,0.0,0.0,1.0,1.0,1.0,0.0,0.0,0.0,0.0,0.0,0.0,1.0,1.0,1.0,2.0,0.0,1.0,0.0,1.0,1.0,0.0,1.0,1.0,1.0,0.0,1.0,1.0,0.0,0.0,0.0,0.0,0.0,1.0,0.0,0.0,-1.0,0.0,1.0,0.0,0.0,0.0,1.0,1.0,0.0,0.0,0.0,1.0,0.0,0.0,1.0,0.0,0.0,0.0,1.0,0.0,0.0,0.0,0.0,0.0,0.0,0
1.9572429941691485,0.3814866794822344,1.2636695018226003,534.9499999999999,78.0,61.724999999999994,0.11538461538461539,0.14580801944106928,26.0,20.575,20.575,26.0,26.0,0.0,20.575,20.575,0.0,26.0,0.0,0.04860267314702309,52.0,26.0,0.09720534629404617,3.0,41.15,1.0,0.0,3.0,0.0,2.0,13.0,3.0,1.0,3.0,2.0,0.0,2.0,2.0,0.0,2.0,1.0,3.0,3.0,4.0,2.0,3.0,2.0,5.0,1.0,2.0,1.0,-1.0,3.0,0.0,1.0,1.0,0.5,2.0,0.0,0.0,2.0,3.0,0.0,0.0,-1.0,1.5,3.0,0.0,2.0,0.0,1.0,1.0,0.0,0.0,6.0,1.0,0.0,0.0,1.0,0.0,0.0,0.0,1.0,0.0,0.0,0.0,0.0,0.0,0.0,0
3.2274627867878087,0.3814866760168303,8.137931034482758,427.75,177.0,21.75,0.05084745762711865,0.41379310344827586,59.0,7.25,7.25,59.0,59.0,0.0,7.25,0.0,0.0,0.0,0.0,0.0,0.0,0.0,0.0,0.0,0.0,0.0,0.0,3.0,0.0,0.0,0.0,3.0,0.0,3.0,3.0,0.0,0.0,0.0,0.0,0.0,0.0,3.0,3.0,3.0,0.0,0.0,0.0,3.0,0.0,0.0,0.0,0.0,3.0,0.0,1.0,3.0,0.0,0.0,0.0,0.0,0.0,3.0,0.0,0.0,-1.0,0.0,3.0,0.0,0.0,0.0,1.0,0.0,0.0,0.0,0.0,1.0,0.0,0.0,0.0,0.0,0.0,0.0,1.0,0.0,0.0,0.0,0.0,0.0,0.0,0
2.889492585726881,0.3884992987377279,3.4782608695652173,225.40000000000003,84.0,24.150000000000002,0.10714285714285714,0.37267080745341613,28.0,8.05,8.05,28.0,28.0,0.0,8.05,0.0,0.0,0.0,0.0,0.0,0.0,0.0,0.0,0.0,0.0,0.0,0.0,3.0,0.0,0.0,0.0,3.0,0.0,3.0,3.0,0.0,0.0,0.0,0.0,0.0,0.0,3.0,3.0,3.0,0.0,0.0,0.0,3.0,0.0,0.0,0.0,0.0,3.0,0.0,1.0,3.0,0.0,0.0,0.0,0.0,0.0,3.0,0.0,0.0,-1.0,0.0,3.0,0.0,0.0,0.0,1.0,0.0,0.0,0.0,0.0,1.0,0.0,0.0,0.0,0.0,0.0,0.0,1.0,0.0,0.0,0.0,0.0,0.0,0.0,0
2.449977237106337,0.3764044943820224,2.048813708006533,2460.4482000000003,71.0,34.6542,0.014084507042253521,0.028856531098683563,71.0,0.0,34.6542,0.0,71.0,0.0,34.6542,0.0,34.6542,0.0,0.0,0.0,0.0,0.0,0.0,0.0,0.0,1.0,0.0,1.0,71.0,1.0,0.0,0.0,0.0,0.0,1.0,0.0,-1.0,0.0,1.0,0.0,-1.0,1.0,1.0,1.0,0.0,0.0,0.0,1.0,0.0,0.0,0.0,0.0,2.0,0.0,0.0,1.0,0.0,0.0,0.0,0.0,0.0,1.0,1.0,0.0,0.0,0.0,1.0,0.0,0.0,0.0,0.0,0.0,0.0,1.0,0.0,0.0,-1.0,0.0,0.0,0.0,0.0,0.0,1.0,0.0,0.0,0.0,0.0,0.0,1.0,0
2.745428392375957,0.3764044943820224,0.3630147904852245,1457.2409,23.0,63.3583,0.043478260869565216,0.015783251760227154,23.0,0.0,63.3583,0.0,23.0,0.0,63.3583,0.0,63.3583,0.0,0.0,0.0,23.0,0.0,0.015783251760227154,1.0,63.3583,1.0,0.0,1.0,23.0,2.0,23.0,0.0,0.0,0.0,1.0,0.0,0.0,1.0,1.0,0.0,-1.0,1.0,1.0,1.0,1.0,0.0,1.0,2.0,0.0,1.0,0.0,-1.0,2.0,0.0,0.0,0.0,0.0,0.0,0.0,0.0,1.0,1.0,1.0,0.0,0.0,1.0,1.0,0.0,1.0,1.0,0.0,0.0,0.0,1.0,1.0,0.0,-1.0,0.0,0.0,0.0,0.0,0.0,1.0,0.0,0.0,0.0,0.0,0.0,1.0,1
2.108105729887919,0.3884993021638418,1.4782608695652173,782.0,68.0,46.0,0.058823529411764705,0.08695652173913043,34.0,23.0,23.0,34.0,0.0,23.0,0.0,0.0,0.0,0.0,34.0,0.0,34.0,0.0,0.043478260869565216,1.0,23.0,0.0,0.0,2.0,0.0,1.0,34.0,2.0,1.0,2.0,2.0,0.0,1.0,1.0,1.0,0.0,0.0,2.0,1.0,2.0,0.0,0.0,1.0,3.0,0.0,2.0,-1.0,-1.0,2.0,1.0,2.0,1.0,0.0,1.0,0.0,1.0,1.0,0.0,0.0,2.0,0.0,2.0,3.0,1.0,0.0,0.0,1.0,0.0,0.0,0.0,2.0,0.0,1.0,1.0,0.0,0.0,0.0,0.0,1.0,0.0,0.0,0.0,0.0,0.0,0.0,1
2.009048891608277,0.3884993021638418,1.3076923076923077,884.0,68.0,52.0,0.058823529411764705,0.07692307692307693,34.0,26.0,26.0,34.0,34.0,0.0,26.0,26.0,0.0,34.0,0.0,0.038461538461538464,0.0,34.0,0.0,1.0,0.0,1.0,0.0,2.0,0.0,0.0,0.0,2.0,1.0,2.0,1.0,0.0,0.0,0.0,0.0,0.0,1.0,2.0,2.0,3.0,0.0,2.0,0.0,2.0,1.0,0.0,1.0,1.0,2.0,0.0,1.0,2.0,0.0,0.0,0.0,0.0,0.0,2.0,0.0,0.0,-1.0,0.0,2.0,0.0,0.0,0.0,1.0,1.0,0.0,0.0,0.0,1.0,0.0,0.0,1.0,0.0,0.0,0.0,1.0,0.0,0.0,0.0,0.0,0.0,0.0,0
2.901882041538662,0.3814866760168303,3.5461891131994223,221.0824,84.0,23.6874,0.10714285714285714,0.379948833557081,28.0,7.8958,7.8958,28.0,0.0,7.8958,0.0,0.0,0.0,0.0,28.0,0.0,0.0,0.0,0.0,0.0,0.0,0.0,0.0,3.0,0.0,0.0,0.0,3.0,1.0,3.0,3.0,0.0,0.0,0.0,1.0,0.0,0.0,3.0,2.0,3.0,-1.0,0.0,0.0,3.0,0.0,1.0,-1.0,0.0,3.0,1.0,2.0,3.0,0.0,0.0,0.0,1.0,0.0,0.0,0.0,3.0,0.0,0.0,4.0,1.0,0.0,0.0,1.0,0.0,0.0,0.0,0.0,0.0,1.0,0.0,0.0,0.0,0.0,0.0,1.0,0.0,0.0,0.0,0.0,0.0,0.0,0
2.9019201025961694,0.3856942496493689,3.5461891131994223,221.0824,84.0,23.6874,0.10714285714285714,0.379948833557081,28.0,7.8958,7.8958,28.0,28.0,0.0,7.8958,0.0,0.0,0.0,0.0,0.0,0.0,0.0,0.0,0.0,0.0,0.0,0.0,3.0,0.0,0.0,0.0,3.0,0.0,3.0,3.0,0.0,0.0,0.0,0.0,0.0,0.0,3.0,3.0,3.0,0.0,0.0,0.0,3.0,0.0,0.0,0.0,0.0,3.0,0.0,1.0,3.0,0.0,0.0,0.0,0.0,0.0,3.0,0.0,0.0,-1.0,0.0,3.0,0.0,0.0,0.0,1.0,0.0,0.0,0.0,0.0,1.0,0.0,0.0,0.0,0.0,0.0,0.0,1.0,0.0,0.0,0.0,0.0,0.0,0.0,0
2.9609430332495004,0.3884992965610454,0.27171276079573026,1623.0375,21.0,77.2875,0.047619047619047616,0.012938702895034774,21.0,77.2875,77.2875,21.0,21.0,0.0,77.2875,0.0,0.0,0.0,0.0,0.0,21.0,0.0,0.012938702895034774,1.0,77.2875,0.0,0.0,1.0,0.0,1.0,21.0,1.0,0.0,1.0,1.0,0.0,1.0,1.0,0.0,0.0,0.0,1.0,1.0,1.0,1.0,0.0,1.0,2.0,0.0,1.0,0.0,-1.0,1.0,0.0,1.0,0.0,0.0,1.0,0.0,0.0,1.0,1.0,0.0,0.0,-1.0,1.0,1.0,0.0,1.0,0.0,1.0,0.0,0.0,0.0,1.0,1.0,0.0,0.0,0.0,0.0,0.0,0.0,1.0,0.0,0.0,0.0,0.0,0.0,0.0,0
2.9580080869021557,0.3870967741935484,3.8131774167456265,285.5886,99.0,25.9626,0.09090909090909091,0.3466524924314206,33.0,8.6542,8.6542,33.0,33.0,0.0,8.6542,0.0,0.0,0.0,0.0,0.0,0.0,0.0,0.0,0.0,0.0,0.0,0.0,3.0,0.0,0.0,0.0,3.0,0.0,3.0,3.0,0.0,0.0,0.0,0.0,0.0,0.0,3.0,3.0,3.0,0.0,0.0,0.0,3.0,0.0,0.0,0.0,0.0,3.0,0.0,1.0,3.0,0.0,0.0,0.0,0.0,0.0,3.0,0.0,0.0,-1.0,0.0,3.0,0.0,0.0,0.0,1.0,0.0,0.0,0.0,0.0,1.0,0.0,0.0,0.0,0.0,0.0,0.0,1.0,0.0,0.0,0.0,0.0,0.0,0.0,0
3.066862989293663,0.3814866760168303,4.668769716088328,293.22499999999997,111.0,23.775,0.08108108108108109,0.37854889589905366,37.0,7.925,7.925,37.0,37.0,0.0,7.925,15.85,0.0,74.0,0.0,0.25236593059936907,0.0,18.5,0.0,2.0,0.0,2.0,0.0,3.0,0.0,0.0,0.0,3.0,2.0,3.0,1.0,0.0,0.0,0.0,0.0,0.0,2.0,3.0,3.0,5.0,0.0,1.5,0.0,3.0,2.0,0.0,2.0,2.0,3.0,0.0,1.0,3.0,0.0,0.0,0.0,0.0,0.0,3.0,0.0,0.0,-1.0,0.0,3.0,0.0,0.0,0.0,1.0,2.0,0.0,0.0,0.0,1.0,0.0,0.0,2.0,0.0,0.0,0.0,1.0,0.0,0.0,0.0,0.0,0.0,0.0,0
2.901945332679601,0.3884992987377279,3.5461891131994223,221.0824,84.0,23.6874,0.10714285714285714,0.379948833557081,28.0,7.8958,7.8958,28.0,28.0,0.0,7.8958,0.0,0.0,0.0,0.0,0.0,0.0,0.0,0.0,0.0,0.0,0.0,0.0,3.0,0.0,0.0,0.0,3.0,0.0,3.0,3.0,0.0,0.0,0.0,0.0,0.0,0.0,3.0,3.0,3.0,0.0,0.0,0.0,3.0,0.0,0.0,0.0,0.0,3.0,0.0,1.0,3.0,0.0,0.0,0.0,0.0,0.0,3.0,0.0,0.0,-1.0,0.0,3.0,0.0,0.0,0.0,1.0,0.0,0.0,0.0,0.0,1.0,0.0,0.0,0.0,0.0,0.0,0.0,1.0,0.0,0.0,0.0,0.0,0.0,0.0,0
2.675342519673759,0.3884992987377279,2.7450980392156863,160.65,63.0,22.950000000000003,0.14285714285714285,0.39215686274509803,21.0,7.65,7.65,21.0,0.0,7.65,0.0,0.0,0.0,0.0,21.0,0.0,0.0,0.0,0.0,0.0,0.0,0.0,0.0,3.0,0.0,0.0,0.0,3.0,1.0,3.0,3.0,0.0,0.0,0.0,1.0,0.0,0.0,3.0,2.0,3.0,-1.0,0.0,0.0,3.0,0.0,1.0,-1.0,0.0,3.0,1.0,2.0,3.0,0.0,0.0,0.0,1.0,0.0,0.0,0.0,3.0,0.0,0.0,4.0,1.0,0.0,0.0,1.0,0.0,0.0,0.0,0.0,0.0,1.0,0.0,0.0,0.0,0.0,0.0,1.0,0.0,0.0,0.0,0.0,0.0,0.0,1
2.911563065825734,0.3814866760168303,3.6012861736334405,217.70000000000002,84.0,23.325000000000003,0.10714285714285714,0.3858520900321543,28.0,7.775,7.775,28.0,28.0,0.0,7.775,0.0,0.0,0.0,0.0,0.0,0.0,0.0,0.0,0.0,0.0,0.0,0.0,3.0,0.0,0.0,0.0,3.0,0.0,3.0,3.0,0.0,0.0,0.0,0.0,0.0,0.0,3.0,3.0,3.0,0.0,0.0,0.0,3.0,0.0,0.0,0.0,0.0,3.0,0.0,1.0,3.0,0.0,0.0,0.0,0.0,0.0,3.0,0.0,0.0,-1.0,0.0,3.0,0.0,0.0,0.0,1.0,0.0,0.0,0.0,0.0,1.0,0.0,0.0,0.0,0.0,0.0,0.0,1.0,0.0,0.0,0.0,0.0,0.0,0.0,1
3.077715967749945,0.3856942496493689,4.8126852250563585,300.04040000000003,114.0,23.6874,0.07894736842105263,0.379948833557081,38.0,7.8958,7.8958,38.0,38.0,0.0,7.8958,0.0,0.0,0.0,0.0,0.0,0.0,0.0,0.0,0.0,0.0,0.0,0.0,3.0,0.0,0.0,0.0,3.0,0.0,3.0,3.0,0.0,0.0,0.0,0.0,0.0,0.0,3.0,3.0,3.0,0.0,0.0,0.0,3.0,0.0,0.0,0.0,0.0,3.0,0.0,1.0,3.0,0.0,0.0,0.0,0.0,0.0,3.0,0.0,0.0,-1.0,0.0,3.0,0.0,0.0,0.0,1.0,0.0,0.0,0.0,0.0,1.0,0.0,0.0,0.0,0.0,0.0,0.0,1.0,0.0,0.0,0.0,0.0,0.0,0.0,0
1.922856974831953,0.3764044886493897,1.1594202898550725,676.1999999999999,84.0,72.44999999999999,0.10714285714285714,0.12422360248447206,28.0,0.0,24.15,0.0,0.0,24.15,0.0,24.15,0.0,28.0,28.0,0.041407867494824016,0.0,28.0,0.0,1.0,0.0,1.0,24.15,3.0,0.0,0.0,0.0,3.0,2.0,0.0,2.0,28.0,0.0,-1.0,1.0,0.0,1.0,2.0,2.0,4.0,-1.0,3.0,1.0,3.0,0.0,1.0,0.0,1.0,3.0,2.0,1.0,3.0,0.0,0.0,0.0,1.0,0.0,0.0,0.0,3.0,1.0,0.0,4.0,0.0,0.0,0.0,0.0,1.0,1.0,0.0,0.0,0.0,1.0,0.0,0.0,1.0,0.0,1.0,1.0,1.0,0.0,0.0,0.0,0.0,0.0,1
1.9348436521168095,0.3764044922731047,0.9038461538461539,2444.0,47.0,52.0,0.02127659574468085,0.019230769230769232,47.0,52.0,52.0,47.0,47.0,0.0,52.0,0.0,0.0,0.0,0.0,0.0,0.0,0.0,0.0,0.0,0.0,0.0,0.0,1.0,0.0,0.0,0.0,1.0,0.0,1.0,1.0,0.0,0.0,0.0,0.0,0.0,0.0,1.0,1.0,1.0,0.0,0.0,0.0,1.0,0.0,0.0,0.0,0.0,1.0,0.0,1.0,1.0,0.0,0.0,0.0,0.0,0.0,1.0,0.0,0.0,-1.0,0.0,1.0,0.0,0.0,0.0,1.0,0.0,0.0,0.0,0.0,1.0,0.0,0.0,0.0,0.0,0.0,0.0,1.0,0.0,0.0,0.0,0.0,0.0,0.0,0
1.8222399170821963,0.3870967720247239,1.0031686291873643,209.5859,43.5,43.3626,0.20689655172413793,0.20755213017669605,14.5,0.0,14.4542,0.0,0.0,14.4542,0.0,14.4542,14.4542,14.5,14.5,0.06918404339223201,0.0,14.5,0.0,1.0,0.0,2.0,0.0,3.0,14.5,1.0,0.0,2.0,2.0,0.0,2.0,0.0,-1.0,0.0,2.0,0.0,0.0,3.0,2.0,4.0,-1.0,3.0,0.0,3.0,0.0,1.0,0.0,1.0,4.0,1.0,1.0,3.0,0.0,0.0,0.0,1.0,0.0,0.0,3.0,3.0,1.0,0.0,4.0,1.0,0.0,0.0,0.0,1.0,0.0,1.0,0.0,0.0,0.0,0.0,0.0,1.0,1.0,0.0,1.0,0.0,1.0,0.0,0.0,0.0,0.0,0
2.6783725889547787,0.3870967741935484,2.732919254658385,177.10000000000002,66.0,24.150000000000002,0.13636363636363635,0.37267080745341613,22.0,8.05,8.05,22.0,22.0,0.0,8.05,0.0,0.0,0.0,0.0,0.0,0.0,0.0,0.0,0.0,0.0,0.0,0.0,3.0,0.0,0.0,0.0,3.0,0.0,3.0,3.0,0.0,0.0,0.0,0.0,0.0,0.0,3.0,3.0,3.0,0.0,0.0,0.0,3.0,0.0,0.0,0.0,0.0,3.0,0.0,1.0,3.0,0.0,0.0,0.0,0.0,0.0,3.0,0.0,0.0,-1.0,0.0,3.0,0.0,0.0,0.0,1.0,0.0,0.0,0.0,0.0,1.0,0.0,0.0,0.0,0.0,0.0,0.0,1.0,0.0,0.0,0.0,0.0,0.0,0.0,0
2.383248092610292,0.3814866760168303,2.035623409669211,196.5,60.0,29.474999999999998,0.15,0.3053435114503817,20.0,9.825,9.825,20.0,0.0,9.825,0.0,9.825,0.0,20.0,20.0,0.10178117048346057,0.0,20.0,0.0,1.0,0.0,1.0,0.0,3.0,0.0,0.0,0.0,3.0,2.0,3.0,2.0,0.0,0.0,0.0,1.0,0.0,1.0,3.0,2.0,4.0,-1.0,3.0,0.0,3.0,1.0,1.0,0.0,1.0,3.0,1.0,2.0,3.0,0.0,0.0,0.0,1.0,0.0,0.0,0.0,3.0,0.0,0.0,4.0,1.0,0.0,0.0,1.0,1.0,0.0,0.0,0.0,0.0,1.0,0.0,0.0,1.0,0.0,0.0,1.0,0.0,0.0,0.0,0.0,0.0,0.0,0
1.87431475649946,0.3814866738794381,1.1757952179716842,245.7911,51.0,43.3749,0.17647058823529413,0.20749327375970897,17.0,0.0,14.4583,0.0,0.0,14.4583,0.0,0.0,14.4583,0.0,17.0,0.0,0.0,0.0,0.0,0.0,0.0,1.0,0.0,3.0,17.0,1.0,0.0,2.0,1.0,0.0,3.0,0.0,-1.0,0.0,2.0,0.0,-1.0,3.0,2.0,3.0,-1.0,0.0,0.0,3.0,0.0,1.0,-1.0,0.0,4.0,1.0,1.0,3.0,0.0,0.0,0.0,1.0,0.0,0.0,3.0,3.0,1.0,0.0,4.0,1.0,0.0,0.0,0.0,0.0,0.0,1.0,0.0,0.0,0.0,0.0,0.0,0.0,0.0,0.0,1.0,0.0,1.0,0.0,0.0,0.0,0.0,0
2.6442151623571326,0.3870967741935484,2.6498422712933754,166.42499999999998,63.0,23.775,0.14285714285714285,0.37854889589905366,21.0,7.925,7.925,21.0,21.0,0.0,7.925,0.0,0.0,0.0,0.0,0.0,0.0,0.0,0.0,0.0,0.0,0.0,0.0,3.0,0.0,0.0,0.0,3.0,0.0,3.0,3.0,0.0,0.0,0.0,0.0,0.0,0.0,3.0,3.0,3.0,0.0,0.0,0.0,3.0,0.0,0.0,0.0,0.0,3.0,0.0,1.0,3.0,0.0,0.0,0.0,0.0,0.0,3.0,0.0,0.0,-1.0,0.0,3.0,0.0,0.0,0.0,1.0,0.0,0.0,0.0,0.0,1.0,0.0,0.0,0.0,0.0,0.0,0.0,1.0,0.0,0.0,0.0,0.0,0.0,0.0,0
3.245842487070762,0.3814866760168303,9.096774193548388,546.375,211.5,23.25,0.0425531914893617,0.3870967741935484,70.5,0.0,7.75,0.0,70.5,0.0,7.75,0.0,0.0,0.0,0.0,0.0,0.0,0.0,0.0,0.0,0.0,0.0,7.75,3.0,0.0,0.0,0.0,3.0,0.0,0.0,3.0,70.5,0.0,-1.0,0.0,0.0,0.0,2.0,3.0,3.0,0.0,0.0,1.0,3.0,0.0,0.0,0.0,0.0,3.0,1.0,0.0,3.0,0.0,0.0,1.0,0.0,0.0,3.0,0.0,0.0,0.0,0.0,3.0,-1.0,0.0,0.0,0.0,0.0,1.0,0.0,0.0,0.0,0.0,0.0,0.0,0.0,0.0,0.0,1.0,0.0,0.0,0.0,0.0,0.0,0.0,0
2.045714810347463,0.3814866738794381,1.380952380952381,609.0,58.0,42.0,0.06896551724137931,0.09523809523809523,29.0,21.0,21.0,29.0,29.0,0.0,21.0,21.0,0.0,29.0,0.0,0.047619047619047616,0.0,29.0,0.0,1.0,0.0,1.0,0.0,2.0,0.0,0.0,0.0,2.0,1.0,2.0,1.0,0.0,0.0,0.0,0.0,0.0,1.0,2.0,2.0,3.0,0.0,2.0,0.0,2.0,1.0,0.0,1.0,1.0,2.0,0.0,1.0,2.0,0.0,0.0,0.0,0.0,0.0,2.0,0.0,0.0,-1.0,0.0,2.0,0.0,0.0,0.0,1.0,1.0,0.0,0.0,0.0,1.0,0.0,0.0,1.0,0.0,0.0,0.0,1.0,0.0,0.0,0.0,0.0,0.0,0.0,0
3.2642754219629464,0.3856942530911989,0.09696154828200296,5940.4992,24.0,247.5208,0.041666666666666664,0.0040400645117501235,24.0,0.0,247.5208,0.0,24.0,0.0,247.5208,0.0,247.5208,0.0,0.0,0.0,24.0,0.0,0.0040400645117501235,1.0,247.5208,1.0,0.0,1.0,24.0,2.0,24.0,0.0,0.0,0.0,1.0,0.0,0.0,1.0,1.0,0.0,-1.0,1.0,1.0,1.0,1.0,0.0,1.0,2.0,0.0,1.0,0.0,-1.0,2.0,0.0,0.0,0.0,0.0,0.0,0.0,0.0,1.0,1.0,1.0,0.0,0.0,1.0,1.0,0.0,1.0,1.0,0.0,0.0,0.0,1.0,1.0,0.0,-1.0,0.0,0.0,0.0,0.0,0.0,1.0,0.0,0.0,0.0,0.0,0.0,1.0,0
3.1940362052982505,0.3870966557797831,0.0639488409272582,62.55,6.0,93.82499999999999,1.5,0.09592326139088729,2.0,31.275,31.275,2.0,0.0,31.275,0.0,125.1,0.0,8.0,2.0,0.1278976818545164,4.0,0.5,0.0639488409272582,6.0,62.55,4.0,0.0,3.0,0.0,2.0,1.0,3.0,5.0,3.0,-1.0,0.0,2.0,2.0,1.0,8.0,4.0,3.0,2.0,7.0,1.0,0.75,2.0,5.0,4.0,3.0,3.0,2.0,3.0,1.0,2.0,1.0,2.0,2.0,0.0,1.0,2.0,0.0,0.0,3.0,0.0,1.5,4.0,1.0,0.0,0.0,1.0,4.0,0.0,0.0,6.0,0.0,1.0,2.0,0.0,4.0,0.0,0.0,1.0,0.0,0.0,0.0,0.0,0.0,0.0,0
2.9299580223334236,0.3764044787991114,0.2857142857142857,1543.5,42.0,147.0,0.09523809523809523,0.027210884353741496,21.0,73.5,73.5,21.0,21.0,0.0,73.5,147.0,0.0,42.0,0.0,0.027210884353741496,0.0,10.5,0.0,2.0,0.0,2.0,0.0,2.0,0.0,0.0,0.0,2.0,2.0,2.0,0.0,0.0,0.0,0.0,0.0,0.0,2.0,2.0,2.0,4.0,0.0,1.0,0.0,2.0,2.0,0.0,2.0,2.0,2.0,0.0,1.0,2.0,0.0,0.0,0.0,0.0,0.0,2.0,0.0,0.0,-1.0,0.0,2.0,0.0,0.0,0.0,1.0,2.0,0.0,0.0,0.0,1.0,0.0,0.0,2.0,0.0,0.0,0.0,1.0,0.0,0.0,0.0,0.0,0.0,0.0,0
2.889492585726881,0.3884992987377279,3.4782608695652173,225.40000000000003,84.0,24.150000000000002,0.10714285714285714,0.37267080745341613,28.0,8.05,8.05,28.0,28.0,0.0,8.05,0.0,0.0,0.0,0.0,0.0,0.0,0.0,0.0,0.0,0.0,0.0,0.0,3.0,0.0,0.0,0.0,3.0,0.0,3.0,3.0,0.0,0.0,0.0,0.0,0.0,0.0,3.0,3.0,3.0,0.0,0.0,0.0,3.0,0.0,0.0,0.0,0.0,3.0,0.0,1.0,3.0,0.0,0.0,0.0,0.0,0.0,3.0,0.0,0.0,-1.0,0.0,3.0,0.0,0.0,0.0,1.0,0.0,0.0,0.0,0.0,1.0,0.0,0.0,0.0,0.0,0.0,0.0,1.0,0.0,0.0,0.0,0.0,0.0,0.0,0
1.9199878860877109,0.3870967776275203,1.0807826861939158,977.3009999999999,65.0,60.1416,0.06153846153846154,0.06650970376577943,32.5,0.0,30.0708,0.0,32.5,0.0,30.0708,30.0708,30.0708,32.5,0.0,0.033254851882889715,0.0,32.5,0.0,1.0,0.0,2.0,0.0,2.0,32.5,1.0,0.0,1.0,1.0,0.0,1.0,0.0,-1.0,0.0,1.0,0.0,0.0,2.0,2.0,3.0,0.0,2.0,0.0,2.0,0.0,0.0,1.0,1.0,3.0,0.0,0.0,2.0,0.0,0.0,0.0,0.0,0.0,2.0,2.0,0.0,0.0,0.0,2.0,0.0,0.0,0.0,0.0,1.0,0.0,1.0,0.0,0.0,-1.0,0.0,1.0,0.0,1.0,0.0,1.0,0.0,0.0,0.0,0.0,0.0,1.0,0
2.6480391621906465,0.3870967741935484,2.5,422.5,65.0,26.0,0.06153846153846154,0.15384615384615385,32.5,13.0,13.0,32.5,0.0,13.0,0.0,0.0,0.0,0.0,32.5,0.0,0.0,0.0,0.0,0.0,0.0,0.0,0.0,2.0,0.0,0.0,0.0,2.0,1.0,2.0,2.0,0.0,0.0,0.0,1.0,0.0,0.0,2.0,1.0,2.0,-1.0,0.0,0.0,2.0,0.0,1.0,-1.0,0.0,2.0,1.0,2.0,2.0,0.0,0.0,0.0,1.0,0.0,0.0,0.0,2.0,0.0,0.0,3.0,1.0,0.0,0.0,1.0,0.0,0.0,0.0,0.0,0.0,1.0,0.0,0.0,0.0,0.0,0.0,1.0,0.0,0.0,0.0,0.0,0.0,0.0,1
2.0873862013885214,0.3814866738794381,0.6986899563318778,4173.525,54.0,77.2875,0.018518518518518517,0.012938702895034774,54.0,77.2875,77.2875,54.0,54.0,0.0,77.2875,0.0,0.0,0.0,0.0,0.0,54.0,0.0,0.012938702895034774,1.0,77.2875,0.0,0.0,1.0,0.0,1.0,54.0,1.0,0.0,1.0,1.0,0.0,1.0,1.0,0.0,0.0,0.0,1.0,1.0,1.0,1.0,0.0,1.0,2.0,0.0,1.0,0.0,-1.0,1.0,0.0,1.0,0.0,0.0,1.0,0.0,0.0,1.0,1.0,0.0,0.0,-1.0,1.0,1.0,0.0,1.0,0.0,1.0,0.0,0.0,0.0,1.0,1.0,0.0,0.0,0.0,0.0,0.0,0.0,1.0,0.0,0.0,0.0,0.0,0.0,0.0,0
1.7751514964364872,0.3814866794822344,1.0674542106620886,134.9004,36.0,33.7251,0.25,0.26686355266552214,12.0,0.0,11.2417,0.0,12.0,0.0,11.2417,11.2417,11.2417,12.0,0.0,0.08895451755517404,0.0,12.0,0.0,1.0,0.0,2.0,0.0,3.0,12.0,1.0,0.0,2.0,1.0,0.0,2.0,0.0,-1.0,0.0,1.0,0.0,0.0,3.0,3.0,4.0,0.0,3.0,0.0,3.0,0.0,0.0,1.0,1.0,4.0,0.0,0.0,3.0,0.0,0.0,0.0,0.0,0.0,3.0,3.0,0.0,0.0,0.0,3.0,0.0,0.0,0.0,0.0,1.0,0.0,1.0,0.0,0.0,-1.0,0.0,1.0,0.0,1.0,0.0,1.0,0.0,0.0,0.0,0.0,0.0,1.0,1
2.9135580743503464,0.3814866760168303,3.6129032258064515,217.0,84.0,23.25,0.10714285714285714,0.3870967741935484,28.0,0.0,7.75,0.0,28.0,0.0,7.75,0.0,0.0,0.0,0.0,0.0,0.0,0.0,0.0,0.0,0.0,0.0,7.75,3.0,0.0,0.0,0.0,3.0,0.0,0.0,3.0,28.0,0.0,-1.0,0.0,0.0,0.0,2.0,3.0,3.0,0.0,0.0,1.0,3.0,0.0,0.0,0.0,0.0,3.0,1.0,0.0,3.0,0.0,0.0,1.0,0.0,0.0,3.0,0.0,0.0,0.0,0.0,3.0,-1.0,0.0,0.0,0.0,0.0,1.0,0.0,0.0,0.0,0.0,0.0,0.0,0.0,0.0,0.0,1.0,0.0,0.0,0.0,0.0,0.0,0.0,0
2.8503278032105714,0.3870967741935484,3.3605444081941274,171.4008,72.0,21.4251,0.125,0.4200680510242659,24.0,7.1417,7.1417,24.0,24.0,0.0,7.1417,0.0,0.0,0.0,0.0,0.0,0.0,0.0,0.0,0.0,0.0,0.0,0.0,3.0,0.0,0.0,0.0,3.0,0.0,3.0,3.0,0.0,0.0,0.0,0.0,0.0,0.0,3.0,3.0,3.0,0.0,0.0,0.0,3.0,0.0,0.0,0.0,0.0,3.0,0.0,1.0,3.0,0.0,0.0,0.0,0.0,0.0,3.0,0.0,0.0,-1.0,0.0,3.0,0.0,0.0,0.0,1.0,0.0,0.0,0.0,0.0,1.0,0.0,0.0,0.0,0.0,0.0,0.0,1.0,0.0,0.0,0.0,0.0,0.0,0.0,1
1.9631849182953787,0.3884993021638418,1.2523313489844934,626.0324,84.0,67.0749,0.10714285714285714,0.13417835881976717,28.0,0.0,22.3583,0.0,0.0,22.3583,0.0,22.3583,22.3583,28.0,28.0,0.04472611960658905,28.0,28.0,0.04472611960658905,2.0,22.3583,2.0,0.0,3.0,28.0,2.0,28.0,2.0,2.0,0.0,2.0,0.0,0.0,1.0,2.0,1.0,0.0,3.0,2.0,4.0,0.0,3.0,1.0,4.0,0.0,2.0,0.0,0.0,4.0,1.0,1.0,2.0,1.0,0.0,0.0,1.0,1.0,0.0,3.0,3.0,1.0,3.0,4.0,1.0,0.0,1.0,0.0,1.0,0.0,1.0,3.0,0.0,0.0,1.0,0.0,1.0,1.0,0.0,1.0,0.0,1.0,0.0,0.0,0.0,0.0,1
3.1756005730119554,0.3870967741935484,6.451612903225807,313.875,135.0,20.924999999999997,0.06666666666666667,0.43010752688172044,45.0,6.975,6.975,45.0,45.0,0.0,6.975,0.0,0.0,0.0,0.0,0.0,0.0,0.0,0.0,0.0,0.0,0.0,0.0,3.0,0.0,0.0,0.0,3.0,0.0,3.0,3.0,0.0,0.0,0.0,0.0,0.0,0.0,3.0,3.0,3.0,0.0,0.0,0.0,3.0,0.0,0.0,0.0,0.0,3.0,0.0,1.0,3.0,0.0,0.0,0.0,0.0,0.0,3.0,0.0,0.0,-1.0,0.0,3.0,0.0,0.0,0.0,1.0,0.0,0.0,0.0,0.0,1.0,0.0,0.0,0.0,0.0,0.0,0.0,1.0,0.0,0.0,0.0,0.0,0.0,0.0,0
3.007123380247568,0.3884992987377279,4.17943716912789,260.5614,99.0,23.6874,0.09090909090909091,0.379948833557081,33.0,0.0,7.8958,0.0,33.0,0.0,7.8958,0.0,7.8958,0.0,0.0,0.0,0.0,0.0,0.0,0.0,0.0,1.0,0.0,3.0,33.0,1.0,0.0,2.0,0.0,0.0,3.0,0.0,-1.0,0.0,1.0,0.0,-1.0,3.0,3.0,3.0,0.0,0.0,0.0,3.0,0.0,0.0,0.0,0.0,4.0,0.0,0.0,3.0,0.0,0.0,0.0,0.0,0.0,3.0,3.0,0.0,0.0,0.0,3.0,0.0,0.0,0.0,0.0,0.0,0.0,1.0,0.0,0.0,-1.0,0.0,0.0,0.0,0.0,0.0,1.0,0.0,0.0,0.0,0.0,0.0,1.0,0
2.6951337023998505,0.3856942496493689,2.8368794326241136,141.0,60.0,21.15,0.15,0.425531914893617,20.0,7.05,7.05,20.0,20.0,0.0,7.05,0.0,0.0,0.0,0.0,0.0,0.0,0.0,0.0,0.0,0.0,0.0,0.0,3.0,0.0,0.0,0.0,3.0,0.0,3.0,3.0,0.0,0.0,0.0,0.0,0.0,0.0,3.0,3.0,3.0,0.0,0.0,0.0,3.0,0.0,0.0,0.0,0.0,3.0,0.0,1.0,3.0,0.0,0.0,0.0,0.0,0.0,3.0,0.0,0.0,-1.0,0.0,3.0,0.0,0.0,0.0,1.0,0.0,0.0,0.0,0.0,1.0,0.0,0.0,0.0,0.0,0.0,0.0,1.0,0.0,0.0,0.0,0.0,0.0,0.0,0
2.8708366741165925,0.3856942496493689,3.2413793103448274,681.5,141.0,43.5,0.06382978723404255,0.20689655172413793,47.0,14.5,14.5,47.0,0.0,14.5,0.0,14.5,0.0,47.0,47.0,0.06896551724137931,0.0,47.0,0.0,1.0,0.0,1.0,0.0,3.0,0.0,0.0,0.0,3.0,2.0,3.0,2.0,0.0,0.0,0.0,1.0,0.0,1.0,3.0,2.0,4.0,-1.0,3.0,0.0,3.0,1.0,1.0,0.0,1.0,3.0,1.0,2.0,3.0,0.0,0.0,0.0,1.0,0.0,0.0,0.0,3.0,0.0,0.0,4.0,1.0,0.0,0.0,1.0,1.0,0.0,0.0,0.0,0.0,1.0,0.0,0.0,1.0,0.0,0.0,1.0,0.0,0.0,0.0,0.0,0.0,0.0,0
1.9250511786915376,0.3856942496493689,1.1153846153846154,754.0,58.0,52.0,0.06896551724137931,0.07692307692307693,29.0,26.0,26.0,29.0,0.0,26.0,0.0,26.0,0.0,29.0,29.0,0.038461538461538464,0.0,29.0,0.0,1.0,0.0,1.0,0.0,2.0,0.0,0.0,0.0,2.0,2.0,2.0,1.0,0.0,0.0,0.0,1.0,0.0,1.0,2.0,1.0,3.0,-1.0,2.0,0.0,2.0,1.0,1.0,0.0,1.0,2.0,1.0,2.0,2.0,0.0,0.0,0.0,1.0,0.0,0.0,0.0,2.0,0.0,0.0,3.0,1.0,0.0,0.0,1.0,1.0,0.0,0.0,0.0,0.0,1.0,0.0,0.0,1.0,0.0,0.0,1.0,0.0,0.0,0.0,0.0,0.0,0.0,1
2.366842106291415,0.3884992987377279,1.9230769230769231,325.0,50.0,26.0,0.08,0.15384615384615385,25.0,13.0,13.0,25.0,25.0,0.0,13.0,0.0,0.0,0.0,0.0,0.0,0.0,0.0,0.0,0.0,0.0,0.0,0.0,2.0,0.0,0.0,0.0,2.0,0.0,2.0,2.0,0.0,0.0,0.0,0.0,0.0,0.0,2.0,2.0,2.0,0.0,0.0,0.0,2.0,0.0,0.0,0.0,0.0,2.0,0.0,1.0,2.0,0.0,0.0,0.0,0.0,0.0,2.0,0.0,0.0,-1.0,0.0,2.0,0.0,0.0,0.0,1.0,0.0,0.0,0.0,0.0,1.0,0.0,0.0,0.0,0.0,0.0,0.0,1.0,0.0,0.0,0.0,0.0,0.0,0.0,0
2.1239989174051583,0.3856942496493689,1.5286658070690824,346.0534,46.0,30.0916,0.08695652173913043,0.13292746148426804,23.0,0.0,15.0458,0.0,23.0,0.0,15.0458,0.0,15.0458,0.0,0.0,0.0,0.0,0.0,0.0,0.0,0.0,1.0,0.0,2.0,23.0,1.0,0.0,1.0,0.0,0.0,2.0,0.0,-1.0,0.0,1.0,0.0,-1.0,2.0,2.0,2.0,0.0,0.0,0.0,2.0,0.0,0.0,0.0,0.0,3.0,0.0,0.0,2.0,0.0,0.0,0.0,0.0,0.0,2.0,2.0,0.0,0.0,0.0,2.0,0.0,0.0,0.0,0.0,0.0,0.0,1.0,0.0,0.0,-1.0,0.0,0.0,0.0,0.0,0.0,1.0,0.0,0.0,0.0,0.0,0.0,1.0,0
2.0437760552748307,0.3764044943820224,0.7228924830595853,499.3827,19.0,26.2833,0.05263157894736842,0.038046972792609754,19.0,26.2833,26.2833,19.0,0.0,26.2833,0.0,0.0,0.0,0.0,19.0,0.0,38.0,0.0,0.07609394558521951,2.0,52.5666,0.0,0.0,1.0,0.0,2.0,9.5,1.0,1.0,1.0,1.0,0.0,2.0,2.0,1.0,0.0,0.0,1.0,0.0,1.0,1.0,0.0,2.0,3.0,0.0,3.0,-1.0,-2.0,1.0,1.0,2.0,-1.0,0.0,2.0,0.0,1.0,2.0,0.0,0.0,1.0,0.0,0.5,2.0,1.0,0.0,0.0,1.0,0.0,0.0,0.0,2.0,0.0,1.0,2.0,0.0,0.0,0.0,0.0,1.0,0.0,0.0,0.0,0.0,0.0,0.0,1
2.0892674849973063,0.3764044978759011,0.6967984934086628,1964.7,37.0,53.1,0.02702702702702703,0.018832391713747645,37.0,53.1,53.1,37.0,37.0,0.0,53.1,53.1,0.0,37.0,0.0,0.018832391713747645,0.0,37.0,0.0,1.0,0.0,1.0,0.0,1.0,0.0,0.0,0.0,1.0,1.0,1.0,0.0,0.0,0.0,0.0,0.0,0.0,1.0,1.0,1.0,2.0,0.0,1.0,0.0,1.0,1.0,0.0,1.0,1.0,1.0,0.0,1.0,1.0,0.0,0.0,0.0,0.0,0.0,1.0,0.0,0.0,-1.0,0.0,1.0,0.0,0.0,0.0,1.0,1.0,0.0,0.0,0.0,1.0,0.0,0.0,1.0,0.0,0.0,0.0,1.0,0.0,0.0,0.0,0.0,0.0,0.0,0
2.164826292865557,0.3884992965610454,1.7359792550479023,147.4672,48.0,27.6501,0.1875,0.3254961103214817,16.0,9.2167,9.2167,16.0,16.0,0.0,9.2167,0.0,0.0,0.0,0.0,0.0,0.0,0.0,0.0,0.0,0.0,0.0,0.0,3.0,0.0,0.0,0.0,3.0,0.0,3.0,3.0,0.0,0.0,0.0,0.0,0.0,0.0,3.0,3.0,3.0,0.0,0.0,0.0,3.0,0.0,0.0,0.0,0.0,3.0,0.0,1.0,3.0,0.0,0.0,0.0,0.0,0.0,3.0,0.0,0.0,-1.0,0.0,3.0,0.0,0.0,0.0,1.0,0.0,0.0,0.0,0.0,1.0,0.0,0.0,0.0,0.0,0.0,0.0,1.0,0.0,0.0,0.0,0.0,0.0,0.0,0
2.886059140930862,0.3764044922731047,0.30303030303030304,1900.8000000000002,24.0,79.2,0.041666666666666664,0.012626262626262626,24.0,0.0,79.2,0.0,24.0,0.0,79.2,0.0,79.2,0.0,0.0,0.0,0.0,0.0,0.0,0.0,0.0,1.0,0.0,1.0,24.0,1.0,0.0,0.0,0.0,0.0,1.0,0.0,-1.0,0.0,1.0,0.0,-1.0,1.0,1.0,1.0,0.0,0.0,0.0,1.0,0.0,0.0,0.0,0.0,2.0,0.0,0.0,1.0,0.0,0.0,0.0,0.0,0.0,1.0,1.0,0.0,0.0,0.0,1.0,0.0,0.0,0.0,0.0,0.0,0.0,1.0,0.0,0.0,-1.0,0.0,0.0,0.0,0.0,0.0,1.0,0.0,0.0,0.0,0.0,0.0,1.0,0
2.300892012913995,0.3856942474884025,1.8365713835941704,426.88239999999996,84.0,45.737399999999994,0.10714285714285714,0.19677550538508967,28.0,0.0,15.2458,0.0,0.0,15.2458,0.0,0.0,15.2458,0.0,28.0,0.0,56.0,0.0,0.13118367025672645,2.0,30.4916,1.0,0.0,3.0,28.0,3.0,14.0,2.0,1.0,0.0,3.0,0.0,1.0,2.0,2.0,0.0,-1.0,3.0,2.0,3.0,1.0,0.0,2.0,5.0,0.0,3.0,-1.0,-2.0,4.0,1.0,1.0,1.0,0.0,0.0,0.0,1.0,2.0,0.0,3.0,3.0,1.0,1.5,4.0,1.0,0.0,2.0,0.0,0.0,0.0,1.0,6.0,0.0,0.0,2.0,0.0,0.0,0.0,0.0,1.0,0.0,1.0,0.0,0.0,0.0,0.0,0
2.7106802376535595,0.3764044943820224,2.838709677419355,170.5,66.0,23.25,0.13636363636363635,0.3870967741935484,22.0,7.75,7.75,22.0,0.0,7.75,0.0,0.0,0.0,0.0,22.0,0.0,0.0,0.0,0.0,0.0,0.0,0.0,0.0,3.0,0.0,0.0,0.0,3.0,1.0,3.0,3.0,0.0,0.0,0.0,1.0,0.0,0.0,3.0,2.0,3.0,-1.0,0.0,0.0,3.0,0.0,1.0,-1.0,0.0,3.0,1.0,2.0,3.0,0.0,0.0,0.0,1.0,0.0,0.0,0.0,3.0,0.0,0.0,4.0,1.0,0.0,0.0,1.0,0.0,0.0,0.0,0.0,0.0,1.0,0.0,0.0,0.0,0.0,0.0,1.0,0.0,0.0,0.0,0.0,0.0,0.0,1
2.0962871369781872,0.3814866738794381,1.5141955835962146,380.4,72.0,47.55,0.125,0.18927444794952683,24.0,15.85,15.85,24.0,0.0,15.85,0.0,15.85,0.0,24.0,24.0,0.06309148264984227,0.0,24.0,0.0,1.0,0.0,1.0,0.0,3.0,0.0,0.0,0.0,3.0,2.0,3.0,2.0,0.0,0.0,0.0,1.0,0.0,1.0,3.0,2.0,4.0,-1.0,3.0,0.0,3.0,1.0,1.0,0.0,1.0,3.0,1.0,2.0,3.0,0.0,0.0,0.0,1.0,0.0,0.0,0.0,3.0,0.0,0.0,4.0,1.0,0.0,0.0,1.0,1.0,0.0,0.0,0.0,0.0,1.0,0.0,0.0,1.0,0.0,0.0,1.0,0.0,0.0,0.0,0.0,0.0,0.0,1
2.679140567703266,0.3870967741935484,2.814814814814815,128.25,57.0,20.25,0.15789473684210525,0.4444444444444444,19.0,0.0,6.75,0.0,19.0,0.0,6.75,0.0,0.0,0.0,0.0,0.0,0.0,0.0,0.0,0.0,0.0,0.0,6.75,3.0,0.0,0.0,0.0,3.0,0.0,0.0,3.0,19.0,0.0,-1.0,0.0,0.0,0.0,2.0,3.0,3.0,0.0,0.0,1.0,3.0,0.0,0.0,0.0,0.0,3.0,1.0,0.0,3.0,0.0,0.0,1.0,0.0,0.0,3.0,0.0,0.0,0.0,0.0,3.0,-1.0,0.0,0.0,0.0,0.0,1.0,0.0,0.0,0.0,0.0,0.0,0.0,0.0,0.0,0.0,1.0,0.0,0.0,0.0,0.0,0.0,0.0,0
2.1297508605459097,0.3814866760168303,1.565217391304348,207.0,36.0,23.0,0.1111111111111111,0.17391304347826086,18.0,11.5,11.5,18.0,18.0,0.0,11.5,0.0,0.0,0.0,0.0,0.0,0.0,0.0,0.0,0.0,0.0,0.0,0.0,2.0,0.0,0.0,0.0,2.0,0.0,2.0,2.0,0.0,0.0,0.0,0.0,0.0,0.0,2.0,2.0,2.0,0.0,0.0,0.0,2.0,0.0,0.0,0.0,0.0,2.0,0.0,1.0,2.0,0.0,0.0,0.0,0.0,0.0,2.0,0.0,0.0,-1.0,0.0,2.0,0.0,0.0,0.0,1.0,0.0,0.0,0.0,0.0,1.0,0.0,0.0,0.0,0.0,0.0,0.0,1.0,0.0,0.0,0.0,0.0,0.0,0.0,0
2.391086735841453,0.3856942496493689,0.5170068027210885,698.25,38.0,73.5,0.10526315789473684,0.05442176870748299,19.0,36.75,36.75,19.0,19.0,0.0,36.75,36.75,0.0,19.0,0.0,0.027210884353741496,19.0,19.0,0.027210884353741496,2.0,36.75,1.0,0.0,2.0,0.0,1.0,19.0,2.0,1.0,2.0,1.0,0.0,1.0,1.0,0.0,1.0,1.0,2.0,2.0,3.0,1.0,2.0,1.0,3.0,1.0,1.0,1.0,0.0,2.0,0.0,1.0,1.0,1.0,1.0,0.0,0.0,1.0,2.0,0.0,0.0,-1.0,2.0,2.0,0.0,1.0,0.0,1.0,1.0,0.0,0.0,2.0,1.0,0.0,0.0,1.0,0.0,0.0,0.0,1.0,0.0,0.0,0.0,0.0,0.0,0.0,0
2.8833387686563956,0.3870967741935484,3.4634033710459478,210.4866,81.0,23.3874,0.1111111111111111,0.3848225967828831,27.0,7.7958,7.7958,27.0,27.0,0.0,7.7958,0.0,0.0,0.0,0.0,0.0,0.0,0.0,0.0,0.0,0.0,0.0,0.0,3.0,0.0,0.0,0.0,3.0,0.0,3.0,3.0,0.0,0.0,0.0,0.0,0.0,0.0,3.0,3.0,3.0,0.0,0.0,0.0,3.0,0.0,0.0,0.0,0.0,3.0,0.0,1.0,3.0,0.0,0.0,0.0,0.0,0.0,3.0,0.0,0.0,-1.0,0.0,3.0,0.0,0.0,0.0,1.0,0.0,0.0,0.0,0.0,1.0,0.0,0.0,0.0,0.0,0.0,0.0,1.0,0.0,0.0,0.0,0.0,0.0,0.0,1
2.972588725528243,0.3870967581679836,0.26181818181818184,309.375,27.0,103.125,0.3333333333333333,0.08727272727272728,9.0,34.375,34.375,9.0,0.0,34.375,0.0,68.75,0.0,18.0,9.0,0.05818181818181818,18.0,4.5,0.05818181818181818,4.0,68.75,2.0,0.0,3.0,0.0,2.0,4.5,3.0,3.0,3.0,1.0,0.0,2.0,2.0,1.0,4.0,2.0,3.0,2.0,5.0,1.0,1.5,2.0,5.0,2.0,3.0,1.0,0.0,3.0,1.0,2.0,1.0,1.0,2.0,0.0,1.0,2.0,0.0,0.0,3.0,0.0,1.5,4.0,1.0,0.0,0.0,1.0,2.0,0.0,0.0,6.0,0.0,1.0,2.0,0.0,2.0,0.0,0.0,1.0,0.0,0.0,0.0,0.0,0.0,0.0,0
2.0604722921244094,0.3856942530911989,1.4038461538461537,949.0,73.0,52.0,0.0547945205479452,0.07692307692307693,36.5,26.0,26.0,36.5,36.5,0.0,26.0,0.0,0.0,0.0,0.0,0.0,73.0,0.0,0.07692307692307693,2.0,52.0,0.0,0.0,2.0,0.0,2.0,18.25,2.0,0.0,2.0,2.0,0.0,2.0,2.0,0.0,0.0,0.0,2.0,2.0,2.0,2.0,0.0,2.0,4.0,0.0,2.0,0.0,-2.0,2.0,0.0,1.0,0.0,0.0,2.0,0.0,0.0,2.0,2.0,0.0,0.0,-1.0,1.0,2.0,0.0,2.0,0.0,1.0,0.0,0.0,0.0,4.0,1.0,0.0,0.0,0.0,0.0,0.0,0.0,1.0,0.0,0.0,0.0,0.0,0.0,0.0,0
2.8698427926756023,0.3814866760168303,3.230769230769231,546.0,84.0,26.0,0.047619047619047616,0.15384615384615385,42.0,13.0,13.0,42.0,42.0,0.0,13.0,0.0,0.0,0.0,0.0,0.0,0.0,0.0,0.0,0.0,0.0,0.0,0.0,2.0,0.0,0.0,0.0,2.0,0.0,2.0,2.0,0.0,0.0,0.0,0.0,0.0,0.0,2.0,2.0,2.0,0.0,0.0,0.0,2.0,0.0,0.0,0.0,0.0,2.0,0.0,1.0,2.0,0.0,0.0,0.0,0.0,0.0,2.0,0.0,0.0,-1.0,0.0,2.0,0.0,0.0,0.0,1.0,0.0,0.0,0.0,0.0,1.0,0.0,0.0,0.0,0.0,0.0,0.0,1.0,0.0,0.0,0.0,0.0,0.0,0.0,0
3.0163700615315867,0.3870967741935484,4.07185628742515,638.775,102.0,25.05,0.0392156862745098,0.1596806387225549,51.0,12.525,12.525,51.0,51.0,0.0,12.525,0.0,0.0,0.0,0.0,0.0,0.0,0.0,0.0,0.0,0.0,0.0,0.0,2.0,0.0,0.0,0.0,2.0,0.0,2.0,2.0,0.0,0.0,0.0,0.0,0.0,0.0,2.0,2.0,2.0,0.0,0.0,0.0,2.0,0.0,0.0,0.0,0.0,2.0,0.0,1.0,2.0,0.0,0.0,0.0,0.0,0.0,2.0,0.0,0.0,-1.0,0.0,2.0,0.0,0.0,0.0,1.0,0.0,0.0,0.0,0.0,1.0,0.0,0.0,0.0,0.0,0.0,0.0,1.0,0.0,0.0,0.0,0.0,0.0,0.0,0
2.8242481970542714,0.3870967720247239,0.3303303303303304,1465.1999999999998,22.0,66.6,0.045454545454545456,0.015015015015015017,22.0,66.6,66.6,22.0,0.0,66.6,0.0,66.6,0.0,22.0,22.0,0.015015015015015017,0.0,22.0,0.0,1.0,0.0,1.0,0.0,1.0,0.0,0.0,0.0,1.0,2.0,1.0,0.0,0.0,0.0,0.0,1.0,0.0,1.0,1.0,0.0,2.0,-1.0,1.0,0.0,1.0,1.0,1.0,0.0,1.0,1.0,1.0,2.0,1.0,0.0,0.0,0.0,1.0,0.0,0.0,0.0,1.0,0.0,0.0,2.0,1.0,0.0,0.0,1.0,1.0,0.0,0.0,0.0,0.0,1.0,0.0,0.0,1.0,0.0,0.0,1.0,0.0,0.0,0.0,0.0,0.0,0.0,1
3.196177781272654,0.3870967741935484,6.894409937888198,446.77500000000003,166.5,24.150000000000002,0.05405405405405406,0.37267080745341613,55.5,8.05,8.05,55.5,55.5,0.0,8.05,0.0,0.0,0.0,0.0,0.0,0.0,0.0,0.0,0.0,0.0,0.0,0.0,3.0,0.0,0.0,0.0,3.0,0.0,3.0,3.0,0.0,0.0,0.0,0.0,0.0,0.0,3.0,3.0,3.0,0.0,0.0,0.0,3.0,0.0,0.0,0.0,0.0,3.0,0.0,1.0,3.0,0.0,0.0,0.0,0.0,0.0,3.0,0.0,0.0,-1.0,0.0,3.0,0.0,0.0,0.0,1.0,0.0,0.0,0.0,0.0,1.0,0.0,0.0,0.0,0.0,0.0,0.0,1.0,0.0,0.0,0.0,0.0,0.0,0.0,0
2.747418643058515,0.3814866760168303,2.793103448275862,587.25,121.5,43.5,0.07407407407407407,0.20689655172413793,40.5,14.5,14.5,40.5,40.5,0.0,14.5,0.0,0.0,0.0,0.0,0.0,81.0,0.0,0.13793103448275862,2.0,29.0,0.0,0.0,3.0,0.0,2.0,20.25,3.0,0.0,3.0,3.0,0.0,2.0,2.0,0.0,0.0,0.0,3.0,3.0,3.0,2.0,0.0,2.0,5.0,0.0,2.0,0.0,-2.0,3.0,0.0,1.0,1.0,0.0,2.0,0.0,0.0,2.0,3.0,0.0,0.0,-1.0,1.5,3.0,0.0,2.0,0.0,1.0,0.0,0.0,0.0,6.0,1.0,0.0,0.0,0.0,0.0,0.0,0.0,1.0,0.0,0.0,0.0,0.0,0.0,0.0,0
2.948010526713306,0.3870967741935484,3.8290598290598292,204.75,84.0,21.9375,0.10714285714285714,0.41025641025641024,28.0,7.3125,7.3125,28.0,28.0,0.0,7.3125,0.0,0.0,0.0,0.0,0.0,0.0,0.0,0.0,0.0,0.0,0.0,0.0,3.0,0.0,0.0,0.0,3.0,0.0,3.0,3.0,0.0,0.0,0.0,0.0,0.0,0.0,3.0,3.0,3.0,0.0,0.0,0.0,3.0,0.0,0.0,0.0,0.0,3.0,0.0,1.0,3.0,0.0,0.0,0.0,0.0,0.0,3.0,0.0,0.0,-1.0,0.0,3.0,0.0,0.0,0.0,1.0,0.0,0.0,0.0,0.0,1.0,0.0,0.0,0.0,0.0,0.0,0.0,1.0,0.0,0.0,0.0,0.0,0.0,0.0,0
1.9681648081668988,0.3856942496493689,0.8309003701579689,3130.3392,51.0,61.3792,0.0196078431372549,0.01629216412074449,51.0,0.0,61.3792,0.0,51.0,0.0,61.3792,0.0,61.3792,0.0,0.0,0.0,51.0,0.0,0.01629216412074449,1.0,61.3792,1.0,0.0,1.0,51.0,2.0,51.0,0.0,0.0,0.0,1.0,0.0,0.0,1.0,1.0,0.0,-1.0,1.0,1.0,1.0,1.0,0.0,1.0,2.0,0.0,1.0,0.0,-1.0,2.0,0.0,0.0,0.0,0.0,0.0,0.0,0.0,1.0,1.0,1.0,0.0,0.0,1.0,1.0,0.0,1.0,1.0,0.0,0.0,0.0,1.0,1.0,0.0,-1.0,0.0,0.0,0.0,0.0,0.0,1.0,0.0,0.0,0.0,0.0,0.0,1.0,0
2.3476951941754987,0.3884992987377279,2.068974435234635,123.7328,48.0,23.1999,0.1875,0.387932706606494,16.0,0.0,7.7333,0.0,0.0,7.7333,0.0,0.0,0.0,0.0,16.0,0.0,0.0,0.0,0.0,0.0,0.0,0.0,7.7333,3.0,0.0,0.0,0.0,3.0,1.0,0.0,3.0,16.0,0.0,-1.0,1.0,0.0,0.0,2.0,2.0,3.0,-1.0,0.0,1.0,3.0,0.0,1.0,-1.0,0.0,3.0,2.0,1.0,3.0,0.0,0.0,0.0,1.0,0.0,0.0,0.0,3.0,1.0,0.0,4.0,0.0,0.0,0.0,0.0,0.0,1.0,0.0,0.0,0.0,1.0,0.0,0.0,0.0,0.0,0.0,1.0,1.0,0.0,0.0,0.0,0.0,0.0,1
2.938081494469631,0.3870967741935484,3.726708074534161,241.50000000000003,90.0,24.150000000000002,0.1,0.37267080745341613,30.0,8.05,8.05,30.0,30.0,0.0,8.05,0.0,0.0,0.0,0.0,0.0,0.0,0.0,0.0,0.0,0.0,0.0,0.0,3.0,0.0,0.0,0.0,3.0,0.0,3.0,3.0,0.0,0.0,0.0,0.0,0.0,0.0,3.0,3.0,3.0,0.0,0.0,0.0,3.0,0.0,0.0,0.0,0.0,3.0,0.0,1.0,3.0,0.0,0.0,0.0,0.0,0.0,3.0,0.0,0.0,-1.0,0.0,3.0,0.0,0.0,0.0,1.0,0.0,0.0,0.0,0.0,1.0,0.0,0.0,0.0,0.0,0.0,0.0,1.0,0.0,0.0,0.0,0.0,0.0,0.0,0
2.8390850623799504,0.3856942496493689,3.2323232323232323,242.54999999999998,84.0,25.987499999999997,0.10714285714285714,0.34632034632034636,28.0,8.6625,8.6625,28.0,28.0,0.0,8.6625,0.0,0.0,0.0,0.0,0.0,0.0,0.0,0.0,0.0,0.0,0.0,0.0,3.0,0.0,0.0,0.0,3.0,0.0,3.0,3.0,0.0,0.0,0.0,0.0,0.0,0.0,3.0,3.0,3.0,0.0,0.0,0.0,3.0,0.0,0.0,0.0,0.0,3.0,0.0,1.0,3.0,0.0,0.0,0.0,0.0,0.0,3.0,0.0,0.0,-1.0,0.0,3.0,0.0,0.0,0.0,1.0,0.0,0.0,0.0,0.0,1.0,0.0,0.0,0.0,0.0,0.0,0.0,1.0,0.0,0.0,0.0,0.0,0.0,0.0,0
2.6167253560306976,0.3884991798949273,0.402588066139468,1947.3999999999999,84.0,208.64999999999998,0.10714285714285714,0.043134435657800146,28.0,69.55,69.55,28.0,28.0,0.0,69.55,556.4,0.0,224.0,0.0,0.11502516175413371,56.0,3.5,0.02875629043853343,10.0,139.1,8.0,0.0,3.0,0.0,2.0,14.0,3.0,8.0,3.0,-5.0,0.0,2.0,2.0,0.0,16.0,8.0,3.0,3.0,11.0,2.0,0.375,2.0,5.0,8.0,2.0,8.0,6.0,3.0,0.0,1.0,1.0,4.0,2.0,0.0,0.0,2.0,3.0,0.0,0.0,-1.0,1.5,3.0,0.0,2.0,0.0,1.0,8.0,0.0,0.0,6.0,1.0,0.0,0.0,8.0,0.0,0.0,0.0,1.0,0.0,0.0,0.0,0.0,0.0,0.0,0
2.7315813644877815,0.3884992987377279,2.732919254658385,708.4000000000001,132.0,48.300000000000004,0.06818181818181818,0.18633540372670807,44.0,16.1,16.1,44.0,44.0,0.0,16.1,0.0,0.0,0.0,0.0,0.0,44.0,0.0,0.06211180124223602,1.0,16.1,0.0,0.0,3.0,0.0,1.0,44.0,3.0,0.0,3.0,3.0,0.0,1.0,1.0,0.0,0.0,0.0,3.0,3.0,3.0,1.0,0.0,1.0,4.0,0.0,1.0,0.0,-1.0,3.0,0.0,1.0,2.0,0.0,1.0,0.0,0.0,1.0,3.0,0.0,0.0,-1.0,3.0,3.0,0.0,1.0,0.0,1.0,0.0,0.0,0.0,3.0,1.0,0.0,0.0,0.0,0.0,0.0,0.0,1.0,0.0,0.0,0.0,0.0,0.0,0.0,0
2.6662949946679153,0.3884992987377279,2.5396825396825395,630.0,80.0,31.5,0.05,0.12698412698412698,40.0,15.75,15.75,40.0,0.0,15.75,0.0,0.0,0.0,0.0,40.0,0.0,0.0,0.0,0.0,0.0,0.0,0.0,0.0,2.0,0.0,0.0,0.0,2.0,1.0,2.0,2.0,0.0,0.0,0.0,1.0,0.0,0.0,2.0,1.0,2.0,-1.0,0.0,0.0,2.0,0.0,1.0,-1.0,0.0,2.0,1.0,2.0,2.0,0.0,0.0,0.0,1.0,0.0,0.0,0.0,2.0,0.0,0.0,3.0,1.0,0.0,0.0,1.0,0.0,0.0,0.0,0.0,0.0,1.0,0.0,0.0,0.0,0.0,0.0,1.0,0.0,0.0,0.0,0.0,0.0,0.0,1
2.8560402191944245,0.3870967741935484,3.3440514469453375,202.15,78.0,23.325000000000003,0.11538461538461539,0.3858520900321543,26.0,7.775,7.775,26.0,26.0,0.0,7.775,0.0,0.0,0.0,0.0,0.0,0.0,0.0,0.0,0.0,0.0,0.0,0.0,3.0,0.0,0.0,0.0,3.0,0.0,3.0,3.0,0.0,0.0,0.0,0.0,0.0,0.0,3.0,3.0,3.0,0.0,0.0,0.0,3.0,0.0,0.0,0.0,0.0,3.0,0.0,1.0,3.0,0.0,0.0,0.0,0.0,0.0,3.0,0.0,0.0,-1.0,0.0,3.0,0.0,0.0,0.0,1.0,0.0,0.0,0.0,0.0,1.0,0.0,0.0,0.0,0.0,0.0,0.0,1.0,0.0,0.0,0.0,0.0,0.0,0.0,0
2.306437595236591,0.3856942496493689,1.9624819624819625,147.2625,51.0,25.987499999999997,0.17647058823529413,0.34632034632034636,17.0,8.6625,8.6625,17.0,17.0,0.0,8.6625,0.0,0.0,0.0,0.0,0.0,0.0,0.0,0.0,0.0,0.0,0.0,0.0,3.0,0.0,0.0,0.0,3.0,0.0,3.0,3.0,0.0,0.0,0.0,0.0,0.0,0.0,3.0,3.0,3.0,0.0,0.0,0.0,3.0,0.0,0.0,0.0,0.0,3.0,0.0,1.0,3.0,0.0,0.0,0.0,0.0,0.0,3.0,0.0,0.0,-1.0,0.0,3.0,0.0,0.0,0.0,1.0,0.0,0.0,0.0,0.0,1.0,0.0,0.0,0.0,0.0,0.0,0.0,1.0,0.0,0.0,0.0,0.0,0.0,0.0,0
3.246802443950273,0.385694131664639,0.025196850393700787,39.6875,3.0,119.0625,3.0,0.07559055118110236,1.0,39.6875,39.6875,1.0,1.0,0.0,39.6875,158.75,0.0,4.0,0.0,0.10078740157480315,1.0,0.25,0.025196850393700787,5.0,39.6875,4.0,0.0,3.0,0.0,1.0,1.0,3.0,4.0,3.0,-1.0,0.0,1.0,1.0,0.0,4.0,4.0,3.0,3.0,7.0,1.0,0.75,1.0,4.0,4.0,1.0,4.0,3.0,3.0,0.0,1.0,2.0,4.0,1.0,0.0,0.0,1.0,3.0,0.0,0.0,-1.0,3.0,3.0,0.0,1.0,0.0,1.0,4.0,0.0,0.0,3.0,1.0,0.0,0.0,4.0,0.0,0.0,0.0,1.0,0.0,0.0,0.0,0.0,0.0,0.0,0
2.4923659762693435,0.3764044962643794,0.438489646772229,184.725,27.0,61.574999999999996,0.3333333333333333,0.146163215590743,9.0,20.525,20.525,9.0,9.0,0.0,20.525,0.0,0.0,0.0,0.0,0.0,18.0,0.0,0.097442143727162,2.0,41.05,0.0,0.0,3.0,0.0,2.0,4.5,3.0,0.0,3.0,3.0,0.0,2.0,2.0,0.0,0.0,0.0,3.0,3.0,3.0,2.0,0.0,2.0,5.0,0.0,2.0,0.0,-2.0,3.0,0.0,1.0,1.0,0.0,2.0,0.0,0.0,2.0,3.0,0.0,0.0,-1.0,1.5,3.0,0.0,2.0,0.0,1.0,0.0,0.0,0.0,6.0,1.0,0.0,0.0,0.0,0.0,0.0,0.0,1.0,0.0,0.0,0.0,0.0,0.0,0.0,1
2.4071668773375126,0.3884993021638418,0.509090909090909,1540.0,28.0,55.0,0.03571428571428571,0.01818181818181818,28.0,55.0,55.0,28.0,0.0,55.0,0.0,0.0,0.0,0.0,28.0,0.0,28.0,0.0,0.01818181818181818,1.0,55.0,0.0,0.0,1.0,0.0,1.0,28.0,1.0,1.0,1.0,1.0,0.0,1.0,1.0,1.0,0.0,0.0,1.0,0.0,1.0,0.0,0.0,1.0,2.0,0.0,2.0,-1.0,-1.0,1.0,1.0,2.0,0.0,0.0,1.0,0.0,1.0,1.0,0.0,0.0,1.0,0.0,1.0,2.0,1.0,0.0,0.0,1.0,0.0,0.0,0.0,1.0,0.0,1.0,1.0,0.0,0.0,0.0,0.0,1.0,0.0,0.0,0.0,0.0,0.0,0.0,1
2.1772898305662065,0.3814866330861653,1.6129032258064517,1255.5,135.0,83.69999999999999,0.06666666666666667,0.10752688172043011,45.0,27.9,27.9,45.0,0.0,27.9,0.0,27.9,0.0,45.0,45.0,0.03584229390681004,180.0,45.0,0.14336917562724016,5.0,111.6,1.0,0.0,3.0,0.0,4.0,11.25,3.0,2.0,3.0,2.0,0.0,4.0,4.0,1.0,4.0,1.0,3.0,2.0,4.0,3.0,3.0,4.0,7.0,1.0,5.0,0.0,-3.0,3.0,1.0,2.0,-1.0,0.25,4.0,0.0,1.0,4.0,0.0,0.0,3.0,0.0,0.75,4.0,1.0,0.0,0.0,1.0,1.0,0.0,0.0,12.0,0.0,1.0,4.0,0.0,1.0,0.0,0.0,1.0,0.0,0.0,0.0,0.0,0.0,0.0,0
1.9238379813530428,0.3764044943820224,1.0800385728061717,725.9,28.0,25.925,0.03571428571428571,0.03857280617164899,28.0,25.925,25.925,28.0,28.0,0.0,25.925,0.0,0.0,0.0,0.0,0.0,0.0,0.0,0.0,0.0,0.0,0.0,0.0,1.0,0.0,0.0,0.0,1.0,0.0,1.0,1.0,0.0,0.0,0.0,0.0,0.0,0.0,1.0,1.0,1.0,0.0,0.0,0.0,1.0,0.0,0.0,0.0,0.0,1.0,0.0,1.0,1.0,0.0,0.0,0.0,0.0,0.0,1.0,0.0,0.0,-1.0,0.0,1.0,0.0,0.0,0.0,1.0,0.0,0.0,0.0,0.0,1.0,0.0,0.0,0.0,0.0,0.0,0.0,1.0,0.0,0.0,0.0,0.0,0.0,0.0,0
2.4289604661787583,0.3814868040409881,0.4956120631976182,1581.8824,84.0,169.4874,0.10714285714285714,0.05310129248545909,28.0,56.4958,56.4958,28.0,28.0,0.0,56.4958,0.0,0.0,0.0,0.0,0.0,0.0,0.0,0.0,0.0,0.0,0.0,0.0,3.0,0.0,0.0,0.0,3.0,0.0,3.0,3.0,0.0,0.0,0.0,0.0,0.0,0.0,3.0,3.0,3.0,0.0,0.0,0.0,3.0,0.0,0.0,0.0,0.0,3.0,0.0,1.0,3.0,0.0,0.0,0.0,0.0,0.0,3.0,0.0,0.0,-1.0,0.0,3.0,0.0,0.0,0.0,1.0,0.0,0.0,0.0,0.0,1.0,0.0,0.0,0.0,0.0,0.0,0.0,1.0,0.0,0.0,0.0,0.0,0.0,0.0,0
2.3238499254019533,0.3884992987377279,1.8208955223880596,2043.5,61.0,33.5,0.01639344262295082,0.029850746268656716,61.0,33.5,33.5,61.0,61.0,0.0,33.5,0.0,0.0,0.0,0.0,0.0,0.0,0.0,0.0,0.0,0.0,0.0,0.0,1.0,0.0,0.0,0.0,1.0,0.0,1.0,1.0,0.0,0.0,0.0,0.0,0.0,0.0,1.0,1.0,1.0,0.0,0.0,0.0,1.0,0.0,0.0,0.0,0.0,1.0,0.0,1.0,1.0,0.0,0.0,0.0,0.0,0.0,1.0,0.0,0.0,-1.0,0.0,1.0,0.0,0.0,0.0,1.0,0.0,0.0,0.0,0.0,1.0,0.0,0.0,0.0,0.0,0.0,0.0,1.0,0.0,0.0,0.0,0.0,0.0,0.0,0
3.125986995637738,0.3870967581679836,0.13733905579399142,116.5,12.0,87.375,0.75,0.10300429184549356,4.0,0.0,29.125,0.0,4.0,0.0,29.125,116.5,0.0,16.0,0.0,0.13733905579399142,4.0,1.0,0.034334763948497854,5.0,29.125,4.0,29.125,3.0,0.0,1.0,4.0,3.0,4.0,0.0,-1.0,4.0,1.0,0.0,0.0,4.0,4.0,2.0,3.0,7.0,1.0,0.75,2.0,4.0,0.0,1.0,4.0,3.0,3.0,1.0,0.0,2.0,4.0,0.0,1.0,0.0,1.0,3.0,0.0,0.0,0.0,3.0,3.0,-1.0,1.0,0.0,0.0,4.0,1.0,0.0,3.0,0.0,0.0,0.0,4.0,0.0,0.0,4.0,1.0,0.0,0.0,0.0,0.0,1.0,0.0,0
2.9373168302461985,0.3856942530911989,0.08982062820547367,11.1333,3.0,33.3999,3.0,0.269461884616421,1.0,11.1333,11.1333,1.0,0.0,11.1333,0.0,11.1333,0.0,1.0,1.0,0.08982062820547367,1.0,1.0,0.08982062820547367,2.0,11.1333,1.0,0.0,3.0,0.0,1.0,1.0,3.0,2.0,3.0,2.0,0.0,1.0,1.0,1.0,1.0,1.0,3.0,2.0,4.0,0.0,3.0,1.0,4.0,1.0,2.0,0.0,0.0,3.0,1.0,2.0,2.0,1.0,1.0,0.0,1.0,1.0,0.0,0.0,3.0,0.0,3.0,4.0,1.0,0.0,0.0,1.0,1.0,0.0,0.0,3.0,0.0,1.0,1.0,0.0,1.0,0.0,0.0,1.0,0.0,0.0,0.0,0.0,0.0,0.0,1
2.6441990851935278,0.3856942496493689,2.6498422712933754,166.42499999999998,63.0,23.775,0.14285714285714285,0.37854889589905366,21.0,7.925,7.925,21.0,21.0,0.0,7.925,0.0,0.0,0.0,0.0,0.0,0.0,0.0,0.0,0.0,0.0,0.0,0.0,3.0,0.0,0.0,0.0,3.0,0.0,3.0,3.0,0.0,0.0,0.0,0.0,0.0,0.0,3.0,3.0,3.0,0.0,0.0,0.0,3.0,0.0,0.0,0.0,0.0,3.0,0.0,1.0,3.0,0.0,0.0,0.0,0.0,0.0,3.0,0.0,0.0,-1.0,0.0,3.0,0.0,0.0,0.0,1.0,0.0,0.0,0.0,0.0,1.0,0.0,0.0,0.0,0.0,0.0,0.0,1.0,0.0,0.0,0.0,0.0,0.0,0.0,0
2.3258972399713542,0.3764044943820224,1.8243538203923664,1718.9648,56.0,30.6958,0.017857142857142856,0.03257774679272083,56.0,0.0,30.6958,0.0,56.0,0.0,30.6958,0.0,30.6958,0.0,0.0,0.0,0.0,0.0,0.0,0.0,0.0,1.0,0.0,1.0,56.0,1.0,0.0,0.0,0.0,0.0,1.0,0.0,-1.0,0.0,1.0,0.0,-1.0,1.0,1.0,1.0,0.0,0.0,0.0,1.0,0.0,0.0,0.0,0.0,2.0,0.0,0.0,1.0,0.0,0.0,0.0,0.0,0.0,1.0,1.0,0.0,0.0,0.0,1.0,0.0,0.0,0.0,0.0,0.0,0.0,1.0,0.0,0.0,-1.0,0.0,0.0,0.0,0.0,0.0,1.0,0.0,0.0,0.0,0.0,0.0,1.0,0
2.503616900845891,0.3814866760168303,2.2917674619948563,141.3756,54.0,23.5626,0.16666666666666666,0.3819612436658094,18.0,7.8542,7.8542,18.0,18.0,0.0,7.8542,7.8542,0.0,18.0,0.0,0.1273204145552698,18.0,18.0,0.1273204145552698,2.0,7.8542,1.0,0.0,3.0,0.0,1.0,18.0,3.0,1.0,3.0,2.0,0.0,1.0,1.0,0.0,1.0,1.0,3.0,3.0,4.0,1.0,3.0,1.0,4.0,1.0,1.0,1.0,0.0,3.0,0.0,1.0,2.0,1.0,1.0,0.0,0.0,1.0,3.0,0.0,0.0,-1.0,3.0,3.0,0.0,1.0,0.0,1.0,1.0,0.0,0.0,3.0,1.0,0.0,0.0,1.0,0.0,0.0,0.0,1.0,0.0,0.0,0.0,0.0,0.0,0.0,0
1.8902681271633752,0.3856942437752533,1.0994750006871719,713.0676,84.0,76.4001,0.10714285714285714,0.11780089293076841,28.0,25.4667,25.4667,28.0,28.0,0.0,25.4667,76.4001,0.0,84.0,0.0,0.11780089293076841,28.0,9.333333333333334,0.03926696431025614,4.0,25.4667,3.0,0.0,3.0,0.0,1.0,28.0,3.0,3.0,3.0,0.0,0.0,1.0,1.0,0.0,3.0,3.0,3.0,3.0,6.0,1.0,1.0,1.0,4.0,3.0,1.0,3.0,2.0,3.0,0.0,1.0,2.0,3.0,1.0,0.0,0.0,1.0,3.0,0.0,0.0,-1.0,3.0,3.0,0.0,1.0,0.0,1.0,3.0,0.0,0.0,3.0,1.0,0.0,0.0,3.0,0.0,0.0,0.0,1.0,0.0,0.0,0.0,0.0,0.0,0.0,0
2.276457963027154,0.3814866760168303,1.74140182847192,1435.625,50.0,28.7125,0.02,0.0348280365694384,50.0,0.0,28.7125,0.0,0.0,28.7125,0.0,0.0,28.7125,0.0,50.0,0.0,0.0,0.0,0.0,0.0,0.0,1.0,0.0,1.0,50.0,1.0,0.0,0.0,1.0,0.0,1.0,0.0,-1.0,0.0,2.0,0.0,-1.0,1.0,0.0,1.0,-1.0,0.0,0.0,1.0,0.0,1.0,-1.0,0.0,2.0,1.0,1.0,1.0,0.0,0.0,0.0,1.0,0.0,0.0,1.0,1.0,1.0,0.0,2.0,1.0,0.0,0.0,0.0,0.0,0.0,1.0,0.0,0.0,0.0,0.0,0.0,0.0,0.0,0.0,1.0,0.0,1.0,0.0,0.0,0.0,0.0,0
2.5666503213871463,0.3814866760168303,2.3076923076923075,390.0,60.0,26.0,0.06666666666666667,0.15384615384615385,30.0,13.0,13.0,30.0,30.0,0.0,13.0,0.0,0.0,0.0,0.0,0.0,0.0,0.0,0.0,0.0,0.0,0.0,0.0,2.0,0.0,0.0,0.0,2.0,0.0,2.0,2.0,0.0,0.0,0.0,0.0,0.0,0.0,2.0,2.0,2.0,0.0,0.0,0.0,2.0,0.0,0.0,0.0,0.0,2.0,0.0,1.0,2.0,0.0,0.0,0.0,0.0,0.0,2.0,0.0,0.0,-1.0,0.0,2.0,0.0,0.0,0.0,1.0,0.0,0.0,0.0,0.0,1.0,0.0,0.0,0.0,0.0,0.0,0.0,1.0,0.0,0.0,0.0,0.0,0.0,0.0,0
3.2745571932454993,0.381486670206796,0.0,0.0,108.0,0.0,0.08333333333333333,0.0,36.0,0.0,0.0,36.0,36.0,0.0,0.0,0.0,0.0,0.0,0.0,0.0,0.0,0.0,0.0,0.0,0.0,0.0,0.0,3.0,0.0,0.0,0.0,3.0,0.0,3.0,3.0,0.0,0.0,0.0,0.0,0.0,0.0,3.0,3.0,3.0,0.0,0.0,0.0,3.0,0.0,0.0,0.0,0.0,3.0,0.0,1.0,3.0,0.0,0.0,0.0,0.0,0.0,3.0,0.0,0.0,-1.0,0.0,3.0,0.0,0.0,0.0,1.0,0.0,0.0,0.0,0.0,1.0,0.0,0.0,0.0,0.0,0.0,0.0,1.0,0.0,0.0,0.0,0.0,0.0,0.0,0
2.6167181543658313,0.3870967306315501,0.402588066139468,1947.3999999999999,84.0,208.64999999999998,0.10714285714285714,0.043134435657800146,28.0,69.55,69.55,28.0,0.0,69.55,0.0,556.4,0.0,224.0,28.0,0.11502516175413371,56.0,3.5,0.02875629043853343,10.0,139.1,8.0,0.0,3.0,0.0,2.0,14.0,3.0,9.0,3.0,-5.0,0.0,2.0,2.0,1.0,16.0,8.0,3.0,2.0,11.0,1.0,0.375,2.0,5.0,8.0,3.0,7.0,6.0,3.0,1.0,2.0,1.0,4.0,2.0,0.0,1.0,2.0,0.0,0.0,3.0,0.0,1.5,4.0,1.0,0.0,0.0,1.0,8.0,0.0,0.0,6.0,0.0,1.0,2.0,0.0,8.0,0.0,0.0,1.0,0.0,0.0,0.0,0.0,0.0,0.0,0
2.3352549797669604,0.3856942496493689,1.8604651162790697,421.40000000000003,56.0,30.1,0.07142857142857142,0.13289036544850497,28.0,0.0,15.05,0.0,28.0,0.0,15.05,0.0,15.05,0.0,0.0,0.0,0.0,0.0,0.0,0.0,0.0,1.0,0.0,2.0,28.0,1.0,0.0,1.0,0.0,0.0,2.0,0.0,-1.0,0.0,1.0,0.0,-1.0,2.0,2.0,2.0,0.0,0.0,0.0,2.0,0.0,0.0,0.0,0.0,3.0,0.0,0.0,2.0,0.0,0.0,0.0,0.0,0.0,2.0,2.0,0.0,0.0,0.0,2.0,0.0,0.0,0.0,0.0,0.0,0.0,1.0,0.0,0.0,-1.0,0.0,0.0,0.0,0.0,0.0,1.0,0.0,0.0,0.0,0.0,0.0,1.0,0
2.8748958143073726,0.3856942750812433,0.2867383512544803,282.4875,27.0,94.1625,0.3333333333333333,0.0955794504181601,9.0,31.3875,31.3875,9.0,9.0,0.0,31.3875,125.55,0.0,36.0,0.0,0.12743926722421348,18.0,2.25,0.06371963361210674,6.0,62.775,4.0,0.0,3.0,0.0,2.0,4.5,3.0,4.0,3.0,-1.0,0.0,2.0,2.0,0.0,8.0,4.0,3.0,3.0,7.0,2.0,0.75,2.0,5.0,4.0,2.0,4.0,2.0,3.0,0.0,1.0,1.0,2.0,2.0,0.0,0.0,2.0,3.0,0.0,0.0,-1.0,1.5,3.0,0.0,2.0,0.0,1.0,4.0,0.0,0.0,6.0,1.0,0.0,0.0,4.0,0.0,0.0,0.0,1.0,0.0,0.0,0.0,0.0,0.0,0.0,0
3.293349667049903,0.3870967741935484,0.02564102564102564,39.0,2.0,78.0,2.0,0.05128205128205128,1.0,39.0,39.0,1.0,1.0,0.0,39.0,78.0,0.0,2.0,0.0,0.05128205128205128,1.0,0.5,0.02564102564102564,3.0,39.0,2.0,0.0,2.0,0.0,1.0,1.0,2.0,2.0,2.0,0.0,0.0,1.0,1.0,0.0,2.0,2.0,2.0,2.0,4.0,1.0,1.0,1.0,3.0,2.0,1.0,2.0,1.0,2.0,0.0,1.0,1.0,2.0,1.0,0.0,0.0,1.0,2.0,0.0,0.0,-1.0,2.0,2.0,0.0,1.0,0.0,1.0,2.0,0.0,0.0,2.0,1.0,0.0,0.0,2.0,0.0,0.0,0.0,1.0,0.0,0.0,0.0,0.0,0.0,0.0,1
3.0645067357107134,0.3814866760168303,0.1816118047673099,88.1,12.0,66.07499999999999,0.75,0.1362088535754824,4.0,22.025,22.025,4.0,0.0,22.025,0.0,0.0,0.0,0.0,4.0,0.0,8.0,0.0,0.09080590238365495,2.0,44.05,0.0,0.0,3.0,0.0,2.0,2.0,3.0,1.0,3.0,3.0,0.0,2.0,2.0,1.0,0.0,0.0,3.0,2.0,3.0,1.0,0.0,2.0,5.0,0.0,3.0,-1.0,-2.0,3.0,1.0,2.0,1.0,0.0,2.0,0.0,1.0,2.0,0.0,0.0,3.0,0.0,1.5,4.0,1.0,0.0,0.0,1.0,0.0,0.0,0.0,6.0,0.0,1.0,2.0,0.0,0.0,0.0,0.0,1.0,0.0,0.0,0.0,0.0,0.0,0.0,1
2.303064037509202,0.3856942496493689,0.56,1400.0,28.0,50.0,0.03571428571428571,0.02,28.0,50.0,50.0,28.0,28.0,0.0,50.0,0.0,0.0,0.0,0.0,0.0,0.0,0.0,0.0,0.0,0.0,0.0,0.0,1.0,0.0,0.0,0.0,1.0,0.0,1.0,1.0,0.0,0.0,0.0,0.0,0.0,0.0,1.0,1.0,1.0,0.0,0.0,0.0,1.0,0.0,0.0,0.0,0.0,1.0,0.0,1.0,1.0,0.0,0.0,0.0,0.0,0.0,1.0,0.0,0.0,-1.0,0.0,1.0,0.0,0.0,0.0,1.0,0.0,0.0,0.0,0.0,1.0,0.0,0.0,0.0,0.0,0.0,0.0,1.0,0.0,0.0,0.0,0.0,0.0,0.0,0
2.2890963527426993,0.3870967741935484,1.8064516129032258,434.0,84.0,46.5,0.10714285714285714,0.1935483870967742,28.0,0.0,15.5,0.0,0.0,15.5,0.0,15.5,0.0,28.0,28.0,0.06451612903225806,0.0,28.0,0.0,1.0,0.0,1.0,15.5,3.0,0.0,0.0,0.0,3.0,2.0,0.0,2.0,28.0,0.0,-1.0,1.0,0.0,1.0,2.0,2.0,4.0,-1.0,3.0,1.0,3.0,0.0,1.0,0.0,1.0,3.0,2.0,1.0,3.0,0.0,0.0,0.0,1.0,0.0,0.0,0.0,3.0,1.0,0.0,4.0,0.0,0.0,0.0,0.0,1.0,1.0,0.0,0.0,0.0,1.0,0.0,0.0,1.0,0.0,1.0,1.0,1.0,0.0,0.0,0.0,0.0,0.0,1
2.2479871409132444,0.3884992987377279,1.694915254237288,1194.75,45.0,26.55,0.022222222222222223,0.03766478342749529,45.0,26.55,26.55,45.0,45.0,0.0,26.55,0.0,0.0,0.0,0.0,0.0,0.0,0.0,0.0,0.0,0.0,0.0,0.0,1.0,0.0,0.0,0.0,1.0,0.0,1.0,1.0,0.0,0.0,0.0,0.0,0.0,0.0,1.0,1.0,1.0,0.0,0.0,0.0,1.0,0.0,0.0,0.0,0.0,1.0,0.0,1.0,1.0,0.0,0.0,0.0,0.0,0.0,1.0,0.0,0.0,-1.0,0.0,1.0,0.0,0.0,0.0,1.0,0.0,0.0,0.0,0.0,1.0,0.0,0.0,0.0,0.0,0.0,0.0,1.0,0.0,0.0,0.0,0.0,0.0,0.0,1
2.6827451154310005,0.3814866738794381,2.5806451612903225,620.0,120.0,46.5,0.075,0.1935483870967742,40.0,0.0,15.5,0.0,40.0,0.0,15.5,15.5,0.0,40.0,0.0,0.06451612903225806,40.0,40.0,0.06451612903225806,2.0,15.5,1.0,15.5,3.0,0.0,1.0,40.0,3.0,1.0,0.0,2.0,40.0,1.0,0.0,0.0,1.0,1.0,2.0,3.0,4.0,1.0,3.0,2.0,4.0,0.0,1.0,1.0,0.0,3.0,1.0,0.0,2.0,1.0,0.0,1.0,0.0,1.0,3.0,0.0,0.0,0.0,3.0,3.0,-1.0,1.0,0.0,0.0,1.0,1.0,0.0,3.0,0.0,0.0,0.0,1.0,0.0,0.0,1.0,1.0,0.0,0.0,0.0,0.0,1.0,0.0,0
3.0526184766121145,0.3884992987377279,4.559386002684971,284.2488,108.0,23.6874,0.08333333333333333,0.379948833557081,36.0,7.8958,7.8958,36.0,36.0,0.0,7.8958,0.0,0.0,0.0,0.0,0.0,0.0,0.0,0.0,0.0,0.0,0.0,0.0,3.0,0.0,0.0,0.0,3.0,0.0,3.0,3.0,0.0,0.0,0.0,0.0,0.0,0.0,3.0,3.0,3.0,0.0,0.0,0.0,3.0,0.0,0.0,0.0,0.0,3.0,0.0,1.0,3.0,0.0,0.0,0.0,0.0,0.0,3.0,0.0,0.0,-1.0,0.0,3.0,0.0,0.0,0.0,1.0,0.0,0.0,0.0,0.0,1.0,0.0,0.0,0.0,0.0,0.0,0.0,1.0,0.0,0.0,0.0,0.0,0.0,0.0,0
2.6326810932349507,0.3870967741935484,2.4615384615384617,416.0,64.0,26.0,0.0625,0.15384615384615385,32.0,13.0,13.0,32.0,0.0,13.0,0.0,0.0,0.0,0.0,32.0,0.0,0.0,0.0,0.0,0.0,0.0,0.0,0.0,2.0,0.0,0.0,0.0,2.0,1.0,2.0,2.0,0.0,0.0,0.0,1.0,0.0,0.0,2.0,1.0,2.0,-1.0,0.0,0.0,2.0,0.0,1.0,-1.0,0.0,2.0,1.0,2.0,2.0,0.0,0.0,0.0,1.0,0.0,0.0,0.0,2.0,0.0,0.0,3.0,1.0,0.0,0.0,1.0,0.0,0.0,0.0,0.0,0.0,1.0,0.0,0.0,0.0,0.0,0.0,1.0,0.0,0.0,0.0,0.0,0.0,0.0,1
2.070489487837233,0.3884992987377279,1.4615384615384615,247.0,38.0,26.0,0.10526315789473684,0.15384615384615385,19.0,13.0,13.0,19.0,19.0,0.0,13.0,0.0,0.0,0.0,0.0,0.0,0.0,0.0,0.0,0.0,0.0,0.0,0.0,2.0,0.0,0.0,0.0,2.0,0.0,2.0,2.0,0.0,0.0,0.0,0.0,0.0,0.0,2.0,2.0,2.0,0.0,0.0,0.0,2.0,0.0,0.0,0.0,0.0,2.0,0.0,1.0,2.0,0.0,0.0,0.0,0.0,0.0,2.0,0.0,0.0,-1.0,0.0,2.0,0.0,0.0,0.0,1.0,0.0,0.0,0.0,0.0,1.0,0.0,0.0,0.0,0.0,0.0,0.0,1.0,0.0,0.0,0.0,0.0,0.0,0.0,0
2.5525509023700512,0.3764044943820224,2.419087876550126,149.22979999999998,57.0,23.5626,0.15789473684210525,0.3819612436658094,19.0,7.8542,7.8542,19.0,0.0,7.8542,0.0,7.8542,0.0,19.0,19.0,0.1273204145552698,0.0,19.0,0.0,1.0,0.0,1.0,0.0,3.0,0.0,0.0,0.0,3.0,2.0,3.0,2.0,0.0,0.0,0.0,1.0,0.0,1.0,3.0,2.0,4.0,-1.0,3.0,0.0,3.0,1.0,1.0,0.0,1.0,3.0,1.0,2.0,3.0,0.0,0.0,0.0,1.0,0.0,0.0,0.0,3.0,0.0,0.0,4.0,1.0,0.0,0.0,1.0,1.0,0.0,0.0,0.0,0.0,1.0,0.0,0.0,1.0,0.0,0.0,1.0,0.0,0.0,0.0,0.0,0.0,0.0,1
3.2314913515825396,0.3856942530911989,0.11538461538461539,78.0,6.0,52.0,0.6666666666666666,0.07692307692307693,3.0,26.0,26.0,3.0,3.0,0.0,26.0,26.0,0.0,3.0,0.0,0.038461538461538464,3.0,3.0,0.038461538461538464,2.0,26.0,1.0,0.0,2.0,0.0,1.0,3.0,2.0,1.0,2.0,1.0,0.0,1.0,1.0,0.0,1.0,1.0,2.0,2.0,3.0,1.0,2.0,1.0,3.0,1.0,1.0,1.0,0.0,2.0,0.0,1.0,1.0,1.0,1.0,0.0,0.0,1.0,2.0,0.0,0.0,-1.0,2.0,2.0,0.0,1.0,0.0,1.0,1.0,0.0,0.0,2.0,1.0,0.0,0.0,1.0,0.0,0.0,0.0,1.0,0.0,0.0,0.0,0.0,0.0,0.0,1
2.181336741632177,0.3870967741935484,1.5872557790539956,1219.7152,44.0,27.7208,0.022727272727272728,0.0360739949784999,44.0,0.0,27.7208,0.0,0.0,27.7208,0.0,0.0,27.7208,0.0,44.0,0.0,0.0,0.0,0.0,0.0,0.0,1.0,0.0,1.0,44.0,1.0,0.0,0.0,1.0,0.0,1.0,0.0,-1.0,0.0,2.0,0.0,-1.0,1.0,0.0,1.0,-1.0,0.0,0.0,1.0,0.0,1.0,-1.0,0.0,2.0,1.0,1.0,1.0,0.0,0.0,0.0,1.0,0.0,0.0,1.0,1.0,1.0,0.0,2.0,1.0,0.0,0.0,0.0,0.0,0.0,1.0,0.0,0.0,0.0,0.0,0.0,0.0,0.0,0.0,1.0,0.0,1.0,0.0,0.0,0.0,0.0,1
2.6608286300399775,0.3814866794822344,0.395848234516874,8498.206400000001,58.0,146.5208,0.017241379310344827,0.006824969560635759,58.0,0.0,146.5208,0.0,0.0,146.5208,0.0,0.0,146.5208,0.0,58.0,0.0,0.0,0.0,0.0,0.0,0.0,1.0,0.0,1.0,58.0,1.0,0.0,0.0,1.0,0.0,1.0,0.0,-1.0,0.0,2.0,0.0,-1.0,1.0,0.0,1.0,-1.0,0.0,0.0,1.0,0.0,1.0,-1.0,0.0,2.0,1.0,1.0,1.0,0.0,0.0,0.0,1.0,0.0,0.0,1.0,1.0,1.0,0.0,2.0,1.0,0.0,0.0,0.0,0.0,0.0,1.0,0.0,0.0,0.0,0.0,0.0,0.0,0.0,0.0,1.0,0.0,1.0,0.0,0.0,0.0,0.0,1
2.9135117421459333,0.3764044943820224,3.6129032258064515,217.0,84.0,23.25,0.10714285714285714,0.3870967741935484,28.0,0.0,7.75,0.0,28.0,0.0,7.75,0.0,0.0,0.0,0.0,0.0,0.0,0.0,0.0,0.0,0.0,0.0,7.75,3.0,0.0,0.0,0.0,3.0,0.0,0.0,3.0,28.0,0.0,-1.0,0.0,0.0,0.0,2.0,3.0,3.0,0.0,0.0,1.0,3.0,0.0,0.0,0.0,0.0,3.0,1.0,0.0,3.0,0.0,0.0,1.0,0.0,0.0,3.0,0.0,0.0,0.0,0.0,3.0,-1.0,0.0,0.0,0.0,0.0,1.0,0.0,0.0,0.0,0.0,0.0,0.0,0.0,0.0,0.0,1.0,0.0,0.0,0.0,0.0,0.0,0.0,0
3.1013076827193027,0.3870967741935484,4.997501249375313,352.97639999999996,126.0,25.2126,0.07142857142857142,0.35696437495537947,42.0,8.4042,8.4042,42.0,42.0,0.0,8.4042,0.0,0.0,0.0,0.0,0.0,42.0,0.0,0.1189881249851265,1.0,8.4042,0.0,0.0,3.0,0.0,1.0,42.0,3.0,0.0,3.0,3.0,0.0,1.0,1.0,0.0,0.0,0.0,3.0,3.0,3.0,1.0,0.0,1.0,4.0,0.0,1.0,0.0,-1.0,3.0,0.0,1.0,2.0,0.0,1.0,0.0,0.0,1.0,3.0,0.0,0.0,-1.0,3.0,3.0,0.0,1.0,0.0,1.0,0.0,0.0,0.0,3.0,1.0,0.0,0.0,0.0,0.0,0.0,0.0,1.0,0.0,0.0,0.0,0.0,0.0,0.0,0
2.9135117421459333,0.3764044943820224,3.6129032258064515,217.0,84.0,23.25,0.10714285714285714,0.3870967741935484,28.0,0.0,7.75,0.0,0.0,7.75,0.0,0.0,0.0,0.0,28.0,0.0,0.0,0.0,0.0,0.0,0.0,0.0,7.75,3.0,0.0,0.0,0.0,3.0,1.0,0.0,3.0,28.0,0.0,-1.0,1.0,0.0,0.0,2.0,2.0,3.0,-1.0,0.0,1.0,3.0,0.0,1.0,-1.0,0.0,3.0,2.0,1.0,3.0,0.0,0.0,0.0,1.0,0.0,0.0,0.0,3.0,1.0,0.0,4.0,0.0,0.0,0.0,0.0,0.0,1.0,0.0,0.0,0.0,1.0,0.0,0.0,0.0,0.0,0.0,1.0,1.0,0.0,0.0,0.0,0.0,0.0,1
2.3207619945995073,0.3856942496493689,1.8461538461538463,312.0,48.0,26.0,0.08333333333333333,0.15384615384615385,24.0,13.0,13.0,24.0,0.0,13.0,0.0,0.0,0.0,0.0,24.0,0.0,0.0,0.0,0.0,0.0,0.0,0.0,0.0,2.0,0.0,0.0,0.0,2.0,1.0,2.0,2.0,0.0,0.0,0.0,1.0,0.0,0.0,2.0,1.0,2.0,-1.0,0.0,0.0,2.0,0.0,1.0,-1.0,0.0,2.0,1.0,2.0,2.0,0.0,0.0,0.0,1.0,0.0,0.0,0.0,2.0,0.0,0.0,3.0,1.0,0.0,0.0,1.0,0.0,0.0,0.0,0.0,0.0,1.0,0.0,0.0,0.0,0.0,0.0,1.0,0.0,0.0,0.0,0.0,0.0,0.0,0
2.768455600394376,0.3884992987377279,2.9473684210526314,266.0,84.0,28.5,0.10714285714285714,0.3157894736842105,28.0,9.5,9.5,28.0,28.0,0.0,9.5,0.0,0.0,0.0,0.0,0.0,0.0,0.0,0.0,0.0,0.0,0.0,0.0,3.0,0.0,0.0,0.0,3.0,0.0,3.0,3.0,0.0,0.0,0.0,0.0,0.0,0.0,3.0,3.0,3.0,0.0,0.0,0.0,3.0,0.0,0.0,0.0,0.0,3.0,0.0,1.0,3.0,0.0,0.0,0.0,0.0,0.0,3.0,0.0,0.0,-1.0,0.0,3.0,0.0,0.0,0.0,1.0,0.0,0.0,0.0,0.0,1.0,0.0,0.0,0.0,0.0,0.0,0.0,1.0,0.0,0.0,0.0,0.0,0.0,0.0,0
2.6167253560306976,0.3884991798949273,0.402588066139468,1947.3999999999999,84.0,208.64999999999998,0.10714285714285714,0.043134435657800146,28.0,69.55,69.55,28.0,28.0,0.0,69.55,556.4,0.0,224.0,0.0,0.11502516175413371,56.0,3.5,0.02875629043853343,10.0,139.1,8.0,0.0,3.0,0.0,2.0,14.0,3.0,8.0,3.0,-5.0,0.0,2.0,2.0,0.0,16.0,8.0,3.0,3.0,11.0,2.0,0.375,2.0,5.0,8.0,2.0,8.0,6.0,3.0,0.0,1.0,1.0,4.0,2.0,0.0,0.0,2.0,3.0,0.0,0.0,-1.0,1.5,3.0,0.0,2.0,0.0,1.0,8.0,0.0,0.0,6.0,1.0,0.0,0.0,8.0,0.0,0.0,0.0,1.0,0.0,0.0,0.0,0.0,0.0,0.0,0
3.102452432339446,0.3870967741935484,5.23415129776163,220.8572,102.0,19.4874,0.08823529411764706,0.46183687921426153,34.0,6.4958,6.4958,34.0,34.0,0.0,6.4958,0.0,0.0,0.0,0.0,0.0,0.0,0.0,0.0,0.0,0.0,0.0,0.0,3.0,0.0,0.0,0.0,3.0,0.0,3.0,3.0,0.0,0.0,0.0,0.0,0.0,0.0,3.0,3.0,3.0,0.0,0.0,0.0,3.0,0.0,0.0,0.0,0.0,3.0,0.0,1.0,3.0,0.0,0.0,0.0,0.0,0.0,3.0,0.0,0.0,-1.0,0.0,3.0,0.0,0.0,0.0,1.0,0.0,0.0,0.0,0.0,1.0,0.0,0.0,0.0,0.0,0.0,0.0,1.0,0.0,0.0,0.0,0.0,0.0,0.0,0
3.1701145856895785,0.3814866760168303,6.297577854671281,328.7375,136.5,21.674999999999997,0.06593406593406594,0.4152249134948097,45.5,0.0,7.225,0.0,45.5,0.0,7.225,0.0,7.225,0.0,0.0,0.0,0.0,0.0,0.0,0.0,0.0,1.0,0.0,3.0,45.5,1.0,0.0,2.0,0.0,0.0,3.0,0.0,-1.0,0.0,1.0,0.0,-1.0,3.0,3.0,3.0,0.0,0.0,0.0,3.0,0.0,0.0,0.0,0.0,4.0,0.0,0.0,3.0,0.0,0.0,0.0,0.0,0.0,3.0,3.0,0.0,0.0,0.0,3.0,0.0,0.0,0.0,0.0,0.0,0.0,1.0,0.0,0.0,-1.0,0.0,0.0,0.0,0.0,0.0,1.0,0.0,0.0,0.0,0.0,0.0,1.0,0
2.453765073110839,0.3764044943820224,2.2360248447204967,144.9,54.0,24.150000000000002,0.16666666666666666,0.37267080745341613,18.0,8.05,8.05,18.0,18.0,0.0,8.05,0.0,0.0,0.0,0.0,0.0,0.0,0.0,0.0,0.0,0.0,0.0,0.0,3.0,0.0,0.0,0.0,3.0,0.0,3.0,3.0,0.0,0.0,0.0,0.0,0.0,0.0,3.0,3.0,3.0,0.0,0.0,0.0,3.0,0.0,0.0,0.0,0.0,3.0,0.0,1.0,3.0,0.0,0.0,0.0,0.0,0.0,3.0,0.0,0.0,-1.0,0.0,3.0,0.0,0.0,0.0,1.0,0.0,0.0,0.0,0.0,1.0,0.0,0.0,0.0,0.0,0.0,0.0,1.0,0.0,0.0,0.0,0.0,0.0,0.0,1
2.779708120277706,0.3884992987377279,0.19115890083632017,20.925,6.0,31.387500000000003,1.5,0.2867383512544803,2.0,10.4625,10.4625,2.0,0.0,10.4625,0.0,0.0,0.0,0.0,2.0,0.0,2.0,0.0,0.09557945041816009,1.0,10.4625,0.0,0.0,3.0,0.0,1.0,2.0,3.0,1.0,3.0,3.0,0.0,1.0,1.0,1.0,0.0,0.0,3.0,2.0,3.0,0.0,0.0,1.0,4.0,0.0,2.0,-1.0,-1.0,3.0,1.0,2.0,2.0,0.0,1.0,0.0,1.0,1.0,0.0,0.0,3.0,0.0,3.0,4.0,1.0,0.0,0.0,1.0,0.0,0.0,0.0,3.0,0.0,1.0,1.0,0.0,0.0,0.0,0.0,1.0,0.0,0.0,0.0,0.0,0.0,0.0,0
2.4175100001975482,0.3884992987377279,2.0189274447949526,507.2,96.0,47.55,0.09375,0.18927444794952683,32.0,15.85,15.85,32.0,32.0,0.0,15.85,15.85,0.0,32.0,0.0,0.06309148264984227,0.0,32.0,0.0,1.0,0.0,1.0,0.0,3.0,0.0,0.0,0.0,3.0,1.0,3.0,2.0,0.0,0.0,0.0,0.0,0.0,1.0,3.0,3.0,4.0,0.0,3.0,0.0,3.0,1.0,0.0,1.0,1.0,3.0,0.0,1.0,3.0,0.0,0.0,0.0,0.0,0.0,3.0,0.0,0.0,-1.0,0.0,3.0,0.0,0.0,0.0,1.0,1.0,0.0,0.0,0.0,1.0,0.0,0.0,1.0,0.0,0.0,0.0,1.0,0.0,0.0,0.0,0.0,0.0,0.0,0
2.0224912428249793,0.3870967720247239,1.383898868928809,488.475,78.0,56.362500000000004,0.11538461538461539,0.1596806387225549,26.0,0.0,18.7875,0.0,26.0,0.0,18.7875,0.0,18.7875,0.0,0.0,0.0,0.0,0.0,0.0,0.0,0.0,1.0,0.0,3.0,26.0,1.0,0.0,2.0,0.0,0.0,3.0,0.0,-1.0,0.0,1.0,0.0,-1.0,3.0,3.0,3.0,0.0,0.0,0.0,3.0,0.0,0.0,0.0,0.0,4.0,0.0,0.0,3.0,0.0,0.0,0.0,0.0,0.0,3.0,3.0,0.0,0.0,0.0,3.0,0.0,0.0,0.0,0.0,0.0,0.0,1.0,0.0,0.0,-1.0,0.0,0.0,0.0,0.0,0.0,1.0,0.0,0.0,0.0,0.0,0.0,1.0,1
2.345310233796033,0.3764044943820224,2.064516129032258,124.0,48.0,23.25,0.1875,0.3870967741935484,16.0,0.0,7.75,0.0,0.0,7.75,0.0,0.0,0.0,0.0,16.0,0.0,0.0,0.0,0.0,0.0,0.0,0.0,7.75,3.0,0.0,0.0,0.0,3.0,1.0,0.0,3.0,16.0,0.0,-1.0,1.0,0.0,0.0,2.0,2.0,3.0,-1.0,0.0,1.0,3.0,0.0,1.0,-1.0,0.0,3.0,2.0,1.0,3.0,0.0,0.0,0.0,1.0,0.0,0.0,0.0,3.0,1.0,0.0,4.0,0.0,0.0,0.0,0.0,0.0,1.0,0.0,0.0,0.0,1.0,0.0,0.0,0.0,0.0,0.0,1.0,1.0,0.0,0.0,0.0,0.0,0.0,1
2.006479020270142,0.3764044943820224,1.2903225806451613,1240.0,40.0,31.0,0.025,0.03225806451612903,40.0,0.0,31.0,0.0,40.0,0.0,31.0,0.0,31.0,0.0,0.0,0.0,0.0,0.0,0.0,0.0,0.0,1.0,0.0,1.0,40.0,1.0,0.0,0.0,0.0,0.0,1.0,0.0,-1.0,0.0,1.0,0.0,-1.0,1.0,1.0,1.0,0.0,0.0,0.0,1.0,0.0,0.0,0.0,0.0,2.0,0.0,0.0,1.0,0.0,0.0,0.0,0.0,0.0,1.0,1.0,0.0,0.0,0.0,1.0,0.0,0.0,0.0,0.0,0.0,0.0,1.0,0.0,0.0,-1.0,0.0,0.0,0.0,0.0,0.0,1.0,0.0,0.0,0.0,0.0,0.0,1.0,1
2.8589180681296638,0.3764044943820224,3.404255319148936,169.2,72.0,21.15,0.125,0.425531914893617,24.0,7.05,7.05,24.0,24.0,0.0,7.05,0.0,0.0,0.0,0.0,0.0,0.0,0.0,0.0,0.0,0.0,0.0,0.0,3.0,0.0,0.0,0.0,3.0,0.0,3.0,3.0,0.0,0.0,0.0,0.0,0.0,0.0,3.0,3.0,3.0,0.0,0.0,0.0,3.0,0.0,0.0,0.0,0.0,3.0,0.0,1.0,3.0,0.0,0.0,0.0,0.0,0.0,3.0,0.0,0.0,-1.0,0.0,3.0,0.0,0.0,0.0,1.0,0.0,0.0,0.0,0.0,1.0,0.0,0.0,0.0,0.0,0.0,0.0,1.0,0.0,0.0,0.0,0.0,0.0,0.0,0
2.2240580676688118,0.3764044943820224,1.6666666666666667,735.0,70.0,42.0,0.05714285714285714,0.09523809523809523,35.0,21.0,21.0,35.0,0.0,21.0,0.0,0.0,0.0,0.0,35.0,0.0,0.0,0.0,0.0,0.0,0.0,0.0,0.0,2.0,0.0,0.0,0.0,2.0,1.0,2.0,2.0,0.0,0.0,0.0,1.0,0.0,0.0,2.0,1.0,2.0,-1.0,0.0,0.0,2.0,0.0,1.0,-1.0,0.0,2.0,1.0,2.0,2.0,0.0,0.0,0.0,1.0,0.0,0.0,0.0,2.0,0.0,0.0,3.0,1.0,0.0,0.0,1.0,0.0,0.0,0.0,0.0,0.0,1.0,0.0,0.0,0.0,0.0,0.0,1.0,0.0,0.0,0.0,0.0,0.0,0.0,1
2.7644613637903848,0.3856942496493689,3.0344827586206895,159.5,66.0,21.75,0.13636363636363635,0.41379310344827586,22.0,7.25,7.25,22.0,22.0,0.0,7.25,0.0,0.0,0.0,0.0,0.0,0.0,0.0,0.0,0.0,0.0,0.0,0.0,3.0,0.0,0.0,0.0,3.0,0.0,3.0,3.0,0.0,0.0,0.0,0.0,0.0,0.0,3.0,3.0,3.0,0.0,0.0,0.0,3.0,0.0,0.0,0.0,0.0,3.0,0.0,1.0,3.0,0.0,0.0,0.0,0.0,0.0,3.0,0.0,0.0,-1.0,0.0,3.0,0.0,0.0,0.0,1.0,0.0,0.0,0.0,0.0,1.0,0.0,0.0,0.0,0.0,0.0,0.0,1.0,0.0,0.0,0.0,0.0,0.0,0.0,0
2.5666199891911705,0.3764044943820224,2.3076923076923075,390.0,60.0,26.0,0.06666666666666667,0.15384615384615385,30.0,13.0,13.0,30.0,30.0,0.0,13.0,0.0,0.0,0.0,0.0,0.0,0.0,0.0,0.0,0.0,0.0,0.0,0.0,2.0,0.0,0.0,0.0,2.0,0.0,2.0,2.0,0.0,0.0,0.0,0.0,0.0,0.0,2.0,2.0,2.0,0.0,0.0,0.0,2.0,0.0,0.0,0.0,0.0,2.0,0.0,1.0,2.0,0.0,0.0,0.0,0.0,0.0,2.0,0.0,0.0,-1.0,0.0,2.0,0.0,0.0,0.0,1.0,0.0,0.0,0.0,0.0,1.0,0.0,0.0,0.0,0.0,0.0,0.0,1.0,0.0,0.0,0.0,0.0,0.0,0.0,0
2.9217568715950235,0.3884992987377279,3.6129032258064515,217.0,84.0,23.25,0.10714285714285714,0.3870967741935484,28.0,0.0,7.75,0.0,28.0,0.0,7.75,7.75,0.0,28.0,0.0,0.12903225806451613,0.0,28.0,0.0,1.0,0.0,1.0,7.75,3.0,0.0,0.0,0.0,3.0,1.0,0.0,2.0,28.0,0.0,-1.0,0.0,0.0,1.0,2.0,3.0,4.0,0.0,3.0,1.0,3.0,0.0,0.0,1.0,1.0,3.0,1.0,0.0,3.0,0.0,0.0,1.0,0.0,0.0,3.0,0.0,0.0,0.0,0.0,3.0,-1.0,0.0,0.0,0.0,1.0,1.0,0.0,0.0,0.0,0.0,0.0,1.0,0.0,0.0,1.0,1.0,0.0,0.0,0.0,0.0,0.0,0.0,0
2.9542974933499635,0.3764044978759011,0.2736702714632531,3511.525,31.0,113.275,0.03225806451612903,0.008828073273008165,31.0,0.0,113.275,0.0,0.0,113.275,0.0,113.275,113.275,31.0,31.0,0.008828073273008165,0.0,31.0,0.0,1.0,0.0,2.0,0.0,1.0,31.0,1.0,0.0,0.0,2.0,0.0,0.0,0.0,-1.0,0.0,2.0,0.0,0.0,1.0,0.0,2.0,-1.0,1.0,0.0,1.0,0.0,1.0,0.0,1.0,2.0,1.0,1.0,1.0,0.0,0.0,0.0,1.0,0.0,0.0,1.0,1.0,1.0,0.0,2.0,1.0,0.0,0.0,0.0,1.0,0.0,1.0,0.0,0.0,0.0,0.0,0.0,1.0,1.0,0.0,1.0,0.0,1.0,0.0,0.0,0.0,0.0,1
2.8724493410703733,0.3884992987377279,3.406940063091483,213.975,81.0,23.775,0.1111111111111111,0.37854889589905366,27.0,7.925,7.925,27.0,0.0,7.925,0.0,0.0,0.0,0.0,27.0,0.0,0.0,0.0,0.0,0.0,0.0,0.0,0.0,3.0,0.0,0.0,0.0,3.0,1.0,3.0,3.0,0.0,0.0,0.0,1.0,0.0,0.0,3.0,2.0,3.0,-1.0,0.0,0.0,3.0,0.0,1.0,-1.0,0.0,3.0,1.0,2.0,3.0,0.0,0.0,0.0,1.0,0.0,0.0,0.0,3.0,0.0,0.0,4.0,1.0,0.0,0.0,1.0,0.0,0.0,0.0,0.0,0.0,1.0,0.0,0.0,0.0,0.0,0.0,1.0,0.0,0.0,0.0,0.0,0.0,0.0,1
2.1594149314930156,0.3884992987377279,1.5555555555555556,1134.0,84.0,54.0,0.047619047619047616,0.07407407407407407,42.0,27.0,27.0,42.0,42.0,0.0,27.0,27.0,0.0,42.0,0.0,0.037037037037037035,0.0,42.0,0.0,1.0,0.0,1.0,0.0,2.0,0.0,0.0,0.0,2.0,1.0,2.0,1.0,0.0,0.0,0.0,0.0,0.0,1.0,2.0,2.0,3.0,0.0,2.0,0.0,2.0,1.0,0.0,1.0,1.0,2.0,0.0,1.0,2.0,0.0,0.0,0.0,0.0,0.0,2.0,0.0,0.0,-1.0,0.0,2.0,0.0,0.0,0.0,1.0,1.0,0.0,0.0,0.0,1.0,0.0,0.0,1.0,0.0,0.0,0.0,1.0,0.0,0.0,0.0,0.0,0.0,0.0,0
2.606624923939398,0.3764044943820224,0.41944274409929255,2441.3344,32.0,76.2917,0.03125,0.013107585753102892,32.0,0.0,76.2917,0.0,0.0,76.2917,0.0,0.0,76.2917,0.0,32.0,0.0,0.0,0.0,0.0,0.0,0.0,1.0,0.0,1.0,32.0,1.0,0.0,0.0,1.0,0.0,1.0,0.0,-1.0,0.0,2.0,0.0,-1.0,1.0,0.0,1.0,-1.0,0.0,0.0,1.0,0.0,1.0,-1.0,0.0,2.0,1.0,1.0,1.0,0.0,0.0,0.0,1.0,0.0,0.0,1.0,1.0,1.0,0.0,2.0,1.0,0.0,0.0,0.0,0.0,0.0,1.0,0.0,0.0,0.0,0.0,0.0,0.0,0.0,0.0,1.0,0.0,1.0,0.0,0.0,0.0,0.0,1
2.767142587744501,0.3870967741935484,2.857142857142857,315.0,60.0,21.0,0.06666666666666667,0.19047619047619047,30.0,10.5,10.5,30.0,30.0,0.0,10.5,0.0,0.0,0.0,0.0,0.0,0.0,0.0,0.0,0.0,0.0,0.0,0.0,2.0,0.0,0.0,0.0,2.0,0.0,2.0,2.0,0.0,0.0,0.0,0.0,0.0,0.0,2.0,2.0,2.0,0.0,0.0,0.0,2.0,0.0,0.0,0.0,0.0,2.0,0.0,1.0,2.0,0.0,0.0,0.0,0.0,0.0,2.0,0.0,0.0,-1.0,0.0,2.0,0.0,0.0,0.0,1.0,0.0,0.0,0.0,0.0,1.0,0.0,0.0,0.0,0.0,0.0,0.0,1.0,0.0,0.0,0.0,0.0,0.0,0.0,0
2.3058342283026416,0.3856942496493689,1.9875776397515525,128.8,48.0,24.150000000000002,0.1875,0.37267080745341613,16.0,8.05,8.05,16.0,16.0,0.0,8.05,0.0,0.0,0.0,0.0,0.0,0.0,0.0,0.0,0.0,0.0,0.0,0.0,3.0,0.0,0.0,0.0,3.0,0.0,3.0,3.0,0.0,0.0,0.0,0.0,0.0,0.0,3.0,3.0,3.0,0.0,0.0,0.0,3.0,0.0,0.0,0.0,0.0,3.0,0.0,1.0,3.0,0.0,0.0,0.0,0.0,0.0,3.0,0.0,0.0,-1.0,0.0,3.0,0.0,0.0,0.0,1.0,0.0,0.0,0.0,0.0,1.0,0.0,0.0,0.0,0.0,0.0,0.0,1.0,0.0,0.0,0.0,0.0,0.0,0.0,1
2.452921403004177,0.3814866760168303,2.076923076923077,351.0,54.0,26.0,0.07407407407407407,0.15384615384615385,27.0,13.0,13.0,27.0,27.0,0.0,13.0,0.0,0.0,0.0,0.0,0.0,0.0,0.0,0.0,0.0,0.0,0.0,0.0,2.0,0.0,0.0,0.0,2.0,0.0,2.0,2.0,0.0,0.0,0.0,0.0,0.0,0.0,2.0,2.0,2.0,0.0,0.0,0.0,2.0,0.0,0.0,0.0,0.0,2.0,0.0,1.0,2.0,0.0,0.0,0.0,0.0,0.0,2.0,0.0,0.0,-1.0,0.0,2.0,0.0,0.0,0.0,1.0,0.0,0.0,0.0,0.0,1.0,0.0,0.0,0.0,0.0,0.0,0.0,1.0,0.0,0.0,0.0,0.0,0.0,0.0,0
3.1749248698813575,0.3814866760168303,6.335403726708074,410.55,153.0,24.150000000000002,0.058823529411764705,0.37267080745341613,51.0,8.05,8.05,51.0,51.0,0.0,8.05,0.0,0.0,0.0,0.0,0.0,0.0,0.0,0.0,0.0,0.0,0.0,0.0,3.0,0.0,0.0,0.0,3.0,0.0,3.0,3.0,0.0,0.0,0.0,0.0,0.0,0.0,3.0,3.0,3.0,0.0,0.0,0.0,3.0,0.0,0.0,0.0,0.0,3.0,0.0,1.0,3.0,0.0,0.0,0.0,0.0,0.0,3.0,0.0,0.0,-1.0,0.0,3.0,0.0,0.0,0.0,1.0,0.0,0.0,0.0,0.0,1.0,0.0,0.0,0.0,0.0,0.0,0.0,1.0,0.0,0.0,0.0,0.0,0.0,0.0,0
2.9019201025961694,0.3856942496493689,3.5461891131994223,221.0824,84.0,23.6874,0.10714285714285714,0.379948833557081,28.0,7.8958,7.8958,28.0,28.0,0.0,7.8958,0.0,0.0,0.0,0.0,0.0,0.0,0.0,0.0,0.0,0.0,0.0,0.0,3.0,0.0,0.0,0.0,3.0,0.0,3.0,3.0,0.0,0.0,0.0,0.0,0.0,0.0,3.0,3.0,3.0,0.0,0.0,0.0,3.0,0.0,0.0,0.0,0.0,3.0,0.0,1.0,3.0,0.0,0.0,0.0,0.0,0.0,3.0,0.0,0.0,-1.0,0.0,3.0,0.0,0.0,0.0,1.0,0.0,0.0,0.0,0.0,1.0,0.0,0.0,0.0,0.0,0.0,0.0,1.0,0.0,0.0,0.0,0.0,0.0,0.0,0
2.601137053095384,0.3870967776275203,0.4222222222222222,3420.0,38.0,90.0,0.02631578947368421,0.011111111111111112,38.0,90.0,90.0,38.0,38.0,0.0,90.0,90.0,0.0,38.0,0.0,0.011111111111111112,0.0,38.0,0.0,1.0,0.0,1.0,0.0,1.0,0.0,0.0,0.0,1.0,1.0,1.0,0.0,0.0,0.0,0.0,0.0,0.0,1.0,1.0,1.0,2.0,0.0,1.0,0.0,1.0,1.0,0.0,1.0,1.0,1.0,0.0,1.0,1.0,0.0,0.0,0.0,0.0,0.0,1.0,0.0,0.0,-1.0,0.0,1.0,0.0,0.0,0.0,1.0,1.0,0.0,0.0,0.0,1.0,0.0,0.0,1.0,0.0,0.0,0.0,1.0,0.0,0.0,0.0,0.0,0.0,0.0,1
2.538407737339627,0.3870967741935484,2.3529411764705883,205.7,66.0,28.049999999999997,0.13636363636363635,0.32085561497326204,22.0,9.35,9.35,22.0,22.0,0.0,9.35,0.0,0.0,0.0,0.0,0.0,0.0,0.0,0.0,0.0,0.0,0.0,0.0,3.0,0.0,0.0,0.0,3.0,0.0,3.0,3.0,0.0,0.0,0.0,0.0,0.0,0.0,3.0,3.0,3.0,0.0,0.0,0.0,3.0,0.0,0.0,0.0,0.0,3.0,0.0,1.0,3.0,0.0,0.0,0.0,0.0,0.0,3.0,0.0,0.0,-1.0,0.0,3.0,0.0,0.0,0.0,1.0,0.0,0.0,0.0,0.0,1.0,0.0,0.0,0.0,0.0,0.0,0.0,1.0,0.0,0.0,0.0,0.0,0.0,0.0,0
2.2843405929112195,0.3870967741935484,1.8095238095238095,199.5,38.0,21.0,0.10526315789473684,0.19047619047619047,19.0,10.5,10.5,19.0,19.0,0.0,10.5,0.0,0.0,0.0,0.0,0.0,0.0,0.0,0.0,0.0,0.0,0.0,0.0,2.0,0.0,0.0,0.0,2.0,0.0,2.0,2.0,0.0,0.0,0.0,0.0,0.0,0.0,2.0,2.0,2.0,0.0,0.0,0.0,2.0,0.0,0.0,0.0,0.0,2.0,0.0,1.0,2.0,0.0,0.0,0.0,0.0,0.0,2.0,0.0,0.0,-1.0,0.0,2.0,0.0,0.0,0.0,1.0,0.0,0.0,0.0,0.0,1.0,0.0,0.0,0.0,0.0,0.0,0.0,1.0,0.0,0.0,0.0,0.0,0.0,0.0,1
2.696499824545644,0.3764044943820224,2.8275862068965516,148.625,61.5,21.75,0.14634146341463414,0.41379310344827586,20.5,7.25,7.25,20.5,20.5,0.0,7.25,0.0,0.0,0.0,0.0,0.0,0.0,0.0,0.0,0.0,0.0,0.0,0.0,3.0,0.0,0.0,0.0,3.0,0.0,3.0,3.0,0.0,0.0,0.0,0.0,0.0,0.0,3.0,3.0,3.0,0.0,0.0,0.0,3.0,0.0,0.0,0.0,0.0,3.0,0.0,1.0,3.0,0.0,0.0,0.0,0.0,0.0,3.0,0.0,0.0,-1.0,0.0,3.0,0.0,0.0,0.0,1.0,0.0,0.0,0.0,0.0,1.0,0.0,0.0,0.0,0.0,0.0,0.0,1.0,0.0,0.0,0.0,0.0,0.0,0.0,0
2.020649976183609,0.3814866760168303,1.3846153846153846,234.0,36.0,26.0,0.1111111111111111,0.15384615384615385,18.0,13.0,13.0,18.0,18.0,0.0,13.0,0.0,0.0,0.0,0.0,0.0,0.0,0.0,0.0,0.0,0.0,0.0,0.0,2.0,0.0,0.0,0.0,2.0,0.0,2.0,2.0,0.0,0.0,0.0,0.0,0.0,0.0,2.0,2.0,2.0,0.0,0.0,0.0,2.0,0.0,0.0,0.0,0.0,2.0,0.0,1.0,2.0,0.0,0.0,0.0,0.0,0.0,2.0,0.0,0.0,-1.0,0.0,2.0,0.0,0.0,0.0,1.0,0.0,0.0,0.0,0.0,1.0,0.0,0.0,0.0,0.0,0.0,0.0,1.0,0.0,0.0,0.0,0.0,0.0,0.0,0
1.8902748987932723,0.3870967581679836,1.0994750006871719,713.0676,84.0,76.4001,0.10714285714285714,0.11780089293076841,28.0,25.4667,25.4667,28.0,0.0,25.4667,0.0,76.4001,0.0,84.0,28.0,0.11780089293076841,28.0,9.333333333333334,0.03926696431025614,4.0,25.4667,3.0,0.0,3.0,0.0,1.0,28.0,3.0,4.0,3.0,0.0,0.0,1.0,1.0,1.0,3.0,3.0,3.0,2.0,6.0,0.0,1.0,1.0,4.0,3.0,2.0,2.0,2.0,3.0,1.0,2.0,2.0,3.0,1.0,0.0,1.0,1.0,0.0,0.0,3.0,0.0,3.0,4.0,1.0,0.0,0.0,1.0,3.0,0.0,0.0,3.0,0.0,1.0,1.0,0.0,3.0,0.0,0.0,1.0,0.0,0.0,0.0,0.0,0.0,0.0,0
2.608449630912799,0.3884992987377279,0.41928721174004197,2921.625,35.0,83.475,0.02857142857142857,0.011979634621144056,35.0,83.475,83.475,35.0,0.0,83.475,0.0,83.475,0.0,35.0,35.0,0.011979634621144056,0.0,35.0,0.0,1.0,0.0,1.0,0.0,1.0,0.0,0.0,0.0,1.0,2.0,1.0,0.0,0.0,0.0,0.0,1.0,0.0,1.0,1.0,0.0,2.0,-1.0,1.0,0.0,1.0,1.0,1.0,0.0,1.0,1.0,1.0,2.0,1.0,0.0,0.0,0.0,1.0,0.0,0.0,0.0,1.0,0.0,0.0,2.0,1.0,0.0,0.0,1.0,1.0,0.0,0.0,0.0,0.0,1.0,0.0,0.0,1.0,0.0,0.0,1.0,0.0,0.0,0.0,0.0,0.0,0.0,1
2.9357911203706175,0.3764044943820224,3.729903536977492,225.47500000000002,87.0,23.325000000000003,0.10344827586206896,0.3858520900321543,29.0,7.775,7.775,29.0,29.0,0.0,7.775,0.0,0.0,0.0,0.0,0.0,0.0,0.0,0.0,0.0,0.0,0.0,0.0,3.0,0.0,0.0,0.0,3.0,0.0,3.0,3.0,0.0,0.0,0.0,0.0,0.0,0.0,3.0,3.0,3.0,0.0,0.0,0.0,3.0,0.0,0.0,0.0,0.0,3.0,0.0,1.0,3.0,0.0,0.0,0.0,0.0,0.0,3.0,0.0,0.0,-1.0,0.0,3.0,0.0,0.0,0.0,1.0,0.0,0.0,0.0,0.0,1.0,0.0,0.0,0.0,0.0,0.0,0.0,1.0,0.0,0.0,0.0,0.0,0.0,0.0,0
3.0522073534203433,0.3870967741935484,4.37037037037037,796.5,118.0,27.0,0.03389830508474576,0.14814814814814814,59.0,13.5,13.5,59.0,59.0,0.0,13.5,0.0,0.0,0.0,0.0,0.0,0.0,0.0,0.0,0.0,0.0,0.0,0.0,2.0,0.0,0.0,0.0,2.0,0.0,2.0,2.0,0.0,0.0,0.0,0.0,0.0,0.0,2.0,2.0,2.0,0.0,0.0,0.0,2.0,0.0,0.0,0.0,0.0,2.0,0.0,1.0,2.0,0.0,0.0,0.0,0.0,0.0,2.0,0.0,0.0,-1.0,0.0,2.0,0.0,0.0,0.0,1.0,0.0,0.0,0.0,0.0,1.0,0.0,0.0,0.0,0.0,0.0,0.0,1.0,0.0,0.0,0.0,0.0,0.0,0.0,0
3.1113286354985554,0.3870967857675673,0.15929908403026682,156.9375,15.0,94.1625,0.6,0.0955794504181601,5.0,31.3875,31.3875,5.0,0.0,31.3875,0.0,125.55,0.0,20.0,5.0,0.12743926722421348,10.0,1.25,0.06371963361210674,6.0,62.775,4.0,0.0,3.0,0.0,2.0,2.5,3.0,5.0,3.0,-1.0,0.0,2.0,2.0,1.0,8.0,4.0,3.0,2.0,7.0,1.0,0.75,2.0,5.0,4.0,3.0,3.0,2.0,3.0,1.0,2.0,1.0,2.0,2.0,0.0,1.0,2.0,0.0,0.0,3.0,0.0,1.5,4.0,1.0,0.0,0.0,1.0,4.0,0.0,0.0,6.0,0.0,1.0,2.0,0.0,4.0,0.0,0.0,1.0,0.0,0.0,0.0,0.0,0.0,0.0,1
2.548715304590676,0.3856942496493689,2.2857142857142856,252.0,48.0,21.0,0.08333333333333333,0.19047619047619047,24.0,10.5,10.5,24.0,24.0,0.0,10.5,0.0,0.0,0.0,0.0,0.0,0.0,0.0,0.0,0.0,0.0,0.0,0.0,2.0,0.0,0.0,0.0,2.0,0.0,2.0,2.0,0.0,0.0,0.0,0.0,0.0,0.0,2.0,2.0,2.0,0.0,0.0,0.0,2.0,0.0,0.0,0.0,0.0,2.0,0.0,1.0,2.0,0.0,0.0,0.0,0.0,0.0,2.0,0.0,0.0,-1.0,0.0,2.0,0.0,0.0,0.0,1.0,0.0,0.0,0.0,0.0,1.0,0.0,0.0,0.0,0.0,0.0,0.0,1.0,0.0,0.0,0.0,0.0,0.0,0.0,0
2.929361687251504,0.3764044943820224,3.708609271523179,211.4,84.0,22.65,0.10714285714285714,0.3973509933774835,28.0,7.55,7.55,28.0,0.0,7.55,0.0,0.0,0.0,0.0,28.0,0.0,0.0,0.0,0.0,0.0,0.0,0.0,0.0,3.0,0.0,0.0,0.0,3.0,1.0,3.0,3.0,0.0,0.0,0.0,1.0,0.0,0.0,3.0,2.0,3.0,-1.0,0.0,0.0,3.0,0.0,1.0,-1.0,0.0,3.0,1.0,2.0,3.0,0.0,0.0,0.0,1.0,0.0,0.0,0.0,3.0,0.0,0.0,4.0,1.0,0.0,0.0,1.0,0.0,0.0,0.0,0.0,0.0,1.0,0.0,0.0,0.0,0.0,0.0,1.0,0.0,0.0,0.0,0.0,0.0,0.0,0
2.2451946140436623,0.3814866760168303,1.6923076923076923,1144.0,88.0,52.0,0.045454545454545456,0.07692307692307693,44.0,26.0,26.0,44.0,44.0,0.0,26.0,26.0,0.0,44.0,0.0,0.038461538461538464,0.0,44.0,0.0,1.0,0.0,1.0,0.0,2.0,0.0,0.0,0.0,2.0,1.0,2.0,1.0,0.0,0.0,0.0,0.0,0.0,1.0,2.0,2.0,3.0,0.0,2.0,0.0,2.0,1.0,0.0,1.0,1.0,2.0,0.0,1.0,2.0,0.0,0.0,0.0,0.0,0.0,2.0,0.0,0.0,-1.0,0.0,2.0,0.0,0.0,0.0,1.0,1.0,0.0,0.0,0.0,1.0,0.0,0.0,1.0,0.0,0.0,0.0,1.0,0.0,0.0,0.0,0.0,0.0,0.0,0
2.868968364507516,0.3814866778217858,0.3047619047619048,210.0,16.0,52.5,0.25,0.0761904761904762,8.0,26.25,26.25,8.0,0.0,26.25,0.0,0.0,0.0,0.0,8.0,0.0,16.0,0.0,0.0761904761904762,2.0,52.5,0.0,0.0,2.0,0.0,2.0,4.0,2.0,1.0,2.0,2.0,0.0,2.0,2.0,1.0,0.0,0.0,2.0,1.0,2.0,1.0,0.0,2.0,4.0,0.0,3.0,-1.0,-2.0,2.0,1.0,2.0,0.0,0.0,2.0,0.0,1.0,2.0,0.0,0.0,2.0,0.0,1.0,3.0,1.0,0.0,0.0,1.0,0.0,0.0,0.0,4.0,0.0,1.0,2.0,0.0,0.0,0.0,0.0,1.0,0.0,0.0,0.0,0.0,0.0,0.0,1
2.2843032688916147,0.3814866760168303,1.8095238095238095,199.5,38.0,21.0,0.10526315789473684,0.19047619047619047,19.0,10.5,10.5,19.0,19.0,0.0,10.5,0.0,0.0,0.0,0.0,0.0,0.0,0.0,0.0,0.0,0.0,0.0,0.0,2.0,0.0,0.0,0.0,2.0,0.0,2.0,2.0,0.0,0.0,0.0,0.0,0.0,0.0,2.0,2.0,2.0,0.0,0.0,0.0,2.0,0.0,0.0,0.0,0.0,2.0,0.0,1.0,2.0,0.0,0.0,0.0,0.0,0.0,2.0,0.0,0.0,-1.0,0.0,2.0,0.0,0.0,0.0,1.0,0.0,0.0,0.0,0.0,1.0,0.0,0.0,0.0,0.0,0.0,0.0,1.0,0.0,0.0,0.0,0.0,0.0,0.0,0
2.716137553580454,0.3856942496493689,2.6883910386965377,405.075,66.0,24.55,0.06060606060606061,0.1629327902240326,33.0,12.275,12.275,33.0,33.0,0.0,12.275,0.0,0.0,0.0,0.0,0.0,0.0,0.0,0.0,0.0,0.0,0.0,0.0,2.0,0.0,0.0,0.0,2.0,0.0,2.0,2.0,0.0,0.0,0.0,0.0,0.0,0.0,2.0,2.0,2.0,0.0,0.0,0.0,2.0,0.0,0.0,0.0,0.0,2.0,0.0,1.0,2.0,0.0,0.0,0.0,0.0,0.0,2.0,0.0,0.0,-1.0,0.0,2.0,0.0,0.0,0.0,1.0,0.0,0.0,0.0,0.0,1.0,0.0,0.0,0.0,0.0,0.0,0.0,1.0,0.0,0.0,0.0,0.0,0.0,0.0,0
2.364813570977334,0.3884992965610454,1.9371532149824964,404.7176,84.0,43.3626,0.10714285714285714,0.20755213017669605,28.0,0.0,14.4542,0.0,0.0,14.4542,0.0,14.4542,14.4542,28.0,28.0,0.06918404339223201,0.0,28.0,0.0,1.0,0.0,2.0,0.0,3.0,28.0,1.0,0.0,2.0,2.0,0.0,2.0,0.0,-1.0,0.0,2.0,0.0,0.0,3.0,2.0,4.0,-1.0,3.0,0.0,3.0,0.0,1.0,0.0,1.0,4.0,1.0,1.0,3.0,0.0,0.0,0.0,1.0,0.0,0.0,3.0,3.0,1.0,0.0,4.0,1.0,0.0,0.0,0.0,1.0,0.0,1.0,0.0,0.0,0.0,0.0,0.0,1.0,1.0,0.0,1.0,0.0,1.0,0.0,0.0,0.0,0.0,0
2.2891058509096225,0.3884992987377279,1.8064516129032258,434.0,84.0,46.5,0.10714285714285714,0.1935483870967742,28.0,0.0,15.5,0.0,0.0,15.5,0.0,15.5,0.0,28.0,28.0,0.06451612903225806,0.0,28.0,0.0,1.0,0.0,1.0,15.5,3.0,0.0,0.0,0.0,3.0,2.0,0.0,2.0,28.0,0.0,-1.0,1.0,0.0,1.0,2.0,2.0,4.0,-1.0,3.0,1.0,3.0,0.0,1.0,0.0,1.0,3.0,2.0,1.0,3.0,0.0,0.0,0.0,1.0,0.0,0.0,0.0,3.0,1.0,0.0,4.0,0.0,0.0,0.0,0.0,1.0,1.0,0.0,0.0,0.0,1.0,0.0,0.0,1.0,0.0,1.0,1.0,1.0,0.0,0.0,0.0,0.0,0.0,1
2.7369648874109433,0.3884992987377279,2.761904761904762,304.5,58.0,21.0,0.06896551724137931,0.19047619047619047,29.0,10.5,10.5,29.0,29.0,0.0,10.5,0.0,0.0,0.0,0.0,0.0,0.0,0.0,0.0,0.0,0.0,0.0,0.0,2.0,0.0,0.0,0.0,2.0,0.0,2.0,2.0,0.0,0.0,0.0,0.0,0.0,0.0,2.0,2.0,2.0,0.0,0.0,0.0,2.0,0.0,0.0,0.0,0.0,2.0,0.0,1.0,2.0,0.0,0.0,0.0,0.0,0.0,2.0,0.0,0.0,-1.0,0.0,2.0,0.0,0.0,0.0,1.0,0.0,0.0,0.0,0.0,1.0,0.0,0.0,0.0,0.0,0.0,0.0,1.0,0.0,0.0,0.0,0.0,0.0,0.0,0
2.7777956462937623,0.3884992987377279,3.087719298245614,156.75,66.0,21.375,0.13636363636363635,0.42105263157894735,22.0,7.125,7.125,22.0,22.0,0.0,7.125,0.0,0.0,0.0,0.0,0.0,0.0,0.0,0.0,0.0,0.0,0.0,0.0,3.0,0.0,0.0,0.0,3.0,0.0,3.0,3.0,0.0,0.0,0.0,0.0,0.0,0.0,3.0,3.0,3.0,0.0,0.0,0.0,3.0,0.0,0.0,0.0,0.0,3.0,0.0,1.0,3.0,0.0,0.0,0.0,0.0,0.0,3.0,0.0,0.0,-1.0,0.0,3.0,0.0,0.0,0.0,1.0,0.0,0.0,0.0,0.0,1.0,0.0,0.0,0.0,0.0,0.0,0.0,1.0,0.0,0.0,0.0,0.0,0.0,0.0,0
2.9969860169584637,0.3764044943820224,4.152249134948097,216.75,90.0,21.674999999999997,0.1,0.4152249134948097,30.0,0.0,7.225,0.0,30.0,0.0,7.225,0.0,7.225,0.0,0.0,0.0,0.0,0.0,0.0,0.0,0.0,1.0,0.0,3.0,30.0,1.0,0.0,2.0,0.0,0.0,3.0,0.0,-1.0,0.0,1.0,0.0,-1.0,3.0,3.0,3.0,0.0,0.0,0.0,3.0,0.0,0.0,0.0,0.0,4.0,0.0,0.0,3.0,0.0,0.0,0.0,0.0,0.0,3.0,3.0,0.0,0.0,0.0,3.0,0.0,0.0,0.0,0.0,0.0,0.0,1.0,0.0,0.0,-1.0,0.0,0.0,0.0,0.0,0.0,1.0,0.0,0.0,0.0,0.0,0.0,1.0,0
2.4491792646878703,0.3814866794822344,0.4888888888888889,3960.0,44.0,90.0,0.022727272727272728,0.011111111111111112,44.0,0.0,90.0,0.0,44.0,0.0,90.0,180.0,0.0,88.0,0.0,0.022222222222222223,0.0,22.0,0.0,2.0,0.0,2.0,90.0,1.0,0.0,0.0,0.0,1.0,2.0,0.0,-1.0,44.0,0.0,-1.0,0.0,0.0,2.0,0.0,1.0,3.0,0.0,0.5,1.0,1.0,0.0,0.0,2.0,2.0,1.0,1.0,0.0,1.0,0.0,0.0,1.0,0.0,0.0,1.0,0.0,0.0,0.0,0.0,1.0,-1.0,0.0,0.0,0.0,2.0,1.0,0.0,0.0,0.0,0.0,0.0,2.0,0.0,0.0,2.0,1.0,0.0,0.0,0.0,0.0,0.0,0.0,0
2.824174938899813,0.3870967741935484,3.215434083601286,194.375,75.0,23.325000000000003,0.12,0.3858520900321543,25.0,7.775,7.775,25.0,0.0,7.775,0.0,0.0,0.0,0.0,25.0,0.0,0.0,0.0,0.0,0.0,0.0,0.0,0.0,3.0,0.0,0.0,0.0,3.0,1.0,3.0,3.0,0.0,0.0,0.0,1.0,0.0,0.0,3.0,2.0,3.0,-1.0,0.0,0.0,3.0,0.0,1.0,-1.0,0.0,3.0,1.0,2.0,3.0,0.0,0.0,0.0,1.0,0.0,0.0,0.0,3.0,0.0,0.0,4.0,1.0,0.0,0.0,1.0,0.0,0.0,0.0,0.0,0.0,1.0,0.0,0.0,0.0,0.0,0.0,1.0,0.0,0.0,0.0,0.0,0.0,0.0,0
2.1980060714100853,0.3856942530911989,1.6551724137931034,348.0,48.0,29.0,0.08333333333333333,0.13793103448275862,24.0,14.5,14.5,24.0,0.0,14.5,0.0,0.0,0.0,0.0,24.0,0.0,48.0,0.0,0.13793103448275862,2.0,29.0,0.0,0.0,2.0,0.0,2.0,12.0,2.0,1.0,2.0,2.0,0.0,2.0,2.0,1.0,0.0,0.0,2.0,1.0,2.0,1.0,0.0,2.0,4.0,0.0,3.0,-1.0,-2.0,2.0,1.0,2.0,0.0,0.0,2.0,0.0,1.0,2.0,0.0,0.0,2.0,0.0,1.0,3.0,1.0,0.0,0.0,1.0,0.0,0.0,0.0,4.0,0.0,1.0,2.0,0.0,0.0,0.0,0.0,1.0,0.0,0.0,0.0,0.0,0.0,0.0,1
2.081331927832199,0.3856942530911989,0.7040350723633886,1944.5054,37.0,52.5542,0.02702702702702703,0.019027974928740234,37.0,52.5542,52.5542,37.0,37.0,0.0,52.5542,52.5542,0.0,37.0,0.0,0.019027974928740234,37.0,37.0,0.019027974928740234,2.0,52.5542,1.0,0.0,1.0,0.0,1.0,37.0,1.0,1.0,1.0,0.0,0.0,1.0,1.0,0.0,1.0,1.0,1.0,1.0,2.0,1.0,1.0,1.0,2.0,1.0,1.0,1.0,0.0,1.0,0.0,1.0,0.0,1.0,1.0,0.0,0.0,1.0,1.0,0.0,0.0,-1.0,1.0,1.0,0.0,1.0,0.0,1.0,1.0,0.0,0.0,1.0,1.0,0.0,0.0,1.0,0.0,0.0,0.0,1.0,0.0,0.0,0.0,0.0,0.0,0.0,1
2.466138859111582,0.3814866738794381,2.076923076923077,1404.0,108.0,52.0,0.037037037037037035,0.07692307692307693,54.0,26.0,26.0,54.0,54.0,0.0,26.0,26.0,0.0,54.0,0.0,0.038461538461538464,0.0,54.0,0.0,1.0,0.0,1.0,0.0,2.0,0.0,0.0,0.0,2.0,1.0,2.0,1.0,0.0,0.0,0.0,0.0,0.0,1.0,2.0,2.0,3.0,0.0,2.0,0.0,2.0,1.0,0.0,1.0,1.0,2.0,0.0,1.0,2.0,0.0,0.0,0.0,0.0,0.0,2.0,0.0,0.0,-1.0,0.0,2.0,0.0,0.0,0.0,1.0,1.0,0.0,0.0,0.0,1.0,0.0,0.0,1.0,0.0,0.0,0.0,1.0,0.0,0.0,0.0,0.0,0.0,0.0,0
2.9527440765274733,0.3764044943820224,3.8620689655172415,203.0,84.0,21.75,0.10714285714285714,0.41379310344827586,28.0,7.25,7.25,28.0,28.0,0.0,7.25,0.0,0.0,0.0,0.0,0.0,0.0,0.0,0.0,0.0,0.0,0.0,0.0,3.0,0.0,0.0,0.0,3.0,0.0,3.0,3.0,0.0,0.0,0.0,0.0,0.0,0.0,3.0,3.0,3.0,0.0,0.0,0.0,3.0,0.0,0.0,0.0,0.0,3.0,0.0,1.0,3.0,0.0,0.0,0.0,0.0,0.0,3.0,0.0,0.0,-1.0,0.0,3.0,0.0,0.0,0.0,1.0,0.0,0.0,0.0,0.0,1.0,0.0,0.0,0.0,0.0,0.0,0.0,1.0,0.0,0.0,0.0,0.0,0.0,0.0,0
2.7363157377000826,0.3884992987377279,2.771804062126643,303.4125,87.0,31.387500000000003,0.10344827586206896,0.2867383512544803,29.0,10.4625,10.4625,29.0,0.0,10.4625,0.0,10.4625,0.0,29.0,29.0,0.09557945041816009,29.0,29.0,0.09557945041816009,2.0,10.4625,1.0,0.0,3.0,0.0,1.0,29.0,3.0,2.0,3.0,2.0,0.0,1.0,1.0,1.0,1.0,1.0,3.0,2.0,4.0,0.0,3.0,1.0,4.0,1.0,2.0,0.0,0.0,3.0,1.0,2.0,2.0,1.0,1.0,0.0,1.0,1.0,0.0,0.0,3.0,0.0,3.0,4.0,1.0,0.0,0.0,1.0,1.0,0.0,0.0,3.0,0.0,1.0,1.0,0.0,1.0,0.0,0.0,1.0,0.0,0.0,0.0,0.0,0.0,0.0,0
2.5865606250073903,0.3884992987377279,2.335216572504708,1646.1000000000001,62.0,26.55,0.016129032258064516,0.03766478342749529,62.0,26.55,26.55,62.0,62.0,0.0,26.55,0.0,0.0,0.0,0.0,0.0,0.0,0.0,0.0,0.0,0.0,0.0,0.0,1.0,0.0,0.0,0.0,1.0,0.0,1.0,1.0,0.0,0.0,0.0,0.0,0.0,0.0,1.0,1.0,1.0,0.0,0.0,0.0,1.0,0.0,0.0,0.0,0.0,1.0,0.0,1.0,1.0,0.0,0.0,0.0,0.0,0.0,1.0,0.0,0.0,-1.0,0.0,1.0,0.0,0.0,0.0,1.0,0.0,0.0,0.0,0.0,1.0,0.0,0.0,0.0,0.0,0.0,0.0,1.0,0.0,0.0,0.0,0.0,0.0,0.0,0
2.3269937204542637,0.3870967741935484,1.8633540372670805,483.00000000000006,90.0,48.300000000000004,0.1,0.18633540372670807,30.0,16.1,16.1,30.0,30.0,0.0,16.1,16.1,0.0,30.0,0.0,0.06211180124223602,0.0,30.0,0.0,1.0,0.0,1.0,0.0,3.0,0.0,0.0,0.0,3.0,1.0,3.0,2.0,0.0,0.0,0.0,0.0,0.0,1.0,3.0,3.0,4.0,0.0,3.0,0.0,3.0,1.0,0.0,1.0,1.0,3.0,0.0,1.0,3.0,0.0,0.0,0.0,0.0,0.0,3.0,0.0,0.0,-1.0,0.0,3.0,0.0,0.0,0.0,1.0,1.0,0.0,0.0,0.0,1.0,0.0,0.0,1.0,0.0,0.0,0.0,1.0,0.0,0.0,0.0,0.0,0.0,0.0,0
2.430059439169374,0.3764044922731047,2.0284477427334573,828.7125,123.0,60.637499999999996,0.07317073170731707,0.14842300556586271,41.0,20.2125,20.2125,41.0,0.0,20.2125,0.0,0.0,0.0,0.0,41.0,0.0,82.0,0.0,0.09894867037724181,2.0,40.425,0.0,0.0,3.0,0.0,2.0,20.5,3.0,1.0,3.0,3.0,0.0,2.0,2.0,1.0,0.0,0.0,3.0,2.0,3.0,1.0,0.0,2.0,5.0,0.0,3.0,-1.0,-2.0,3.0,1.0,2.0,1.0,0.0,2.0,0.0,1.0,2.0,0.0,0.0,3.0,0.0,1.5,4.0,1.0,0.0,0.0,1.0,0.0,0.0,0.0,6.0,0.0,1.0,2.0,0.0,0.0,0.0,0.0,1.0,0.0,0.0,0.0,0.0,0.0,0.0,0
2.341901670873423,0.3870967741935484,1.9021632187225335,442.1282,87.0,45.737399999999994,0.10344827586206896,0.19677550538508967,29.0,0.0,15.2458,0.0,0.0,15.2458,0.0,0.0,15.2458,0.0,29.0,0.0,58.0,0.0,0.13118367025672645,2.0,30.4916,1.0,0.0,3.0,29.0,3.0,14.5,2.0,1.0,0.0,3.0,0.0,1.0,2.0,2.0,0.0,-1.0,3.0,2.0,3.0,1.0,0.0,2.0,5.0,0.0,3.0,-1.0,-2.0,4.0,1.0,1.0,1.0,0.0,0.0,0.0,1.0,2.0,0.0,3.0,3.0,1.0,1.5,4.0,1.0,0.0,2.0,0.0,0.0,0.0,1.0,6.0,0.0,0.0,2.0,0.0,0.0,0.0,0.0,1.0,0.0,1.0,0.0,0.0,0.0,0.0,1
2.7650292248416033,0.3814866760168303,0.35353535353535354,2217.6,28.0,79.2,0.03571428571428571,0.012626262626262626,28.0,0.0,79.2,0.0,0.0,79.2,0.0,0.0,79.2,0.0,28.0,0.0,0.0,0.0,0.0,0.0,0.0,1.0,0.0,1.0,28.0,1.0,0.0,0.0,1.0,0.0,1.0,0.0,-1.0,0.0,2.0,0.0,-1.0,1.0,0.0,1.0,-1.0,0.0,0.0,1.0,0.0,1.0,-1.0,0.0,2.0,1.0,1.0,1.0,0.0,0.0,0.0,1.0,0.0,0.0,1.0,1.0,1.0,0.0,2.0,1.0,0.0,0.0,0.0,0.0,0.0,1.0,0.0,0.0,0.0,0.0,0.0,0.0,0.0,0.0,1.0,0.0,1.0,0.0,0.0,0.0,0.0,1
2.780922205675551,0.3814866854367755,0.3468208092485549,2595.0,30.0,86.5,0.03333333333333333,0.011560693641618497,30.0,86.5,86.5,30.0,0.0,86.5,0.0,0.0,0.0,0.0,30.0,0.0,0.0,0.0,0.0,0.0,0.0,0.0,0.0,1.0,0.0,0.0,0.0,1.0,1.0,1.0,1.0,0.0,0.0,0.0,1.0,0.0,0.0,1.0,0.0,1.0,-1.0,0.0,0.0,1.0,0.0,1.0,-1.0,0.0,1.0,1.0,2.0,1.0,0.0,0.0,0.0,1.0,0.0,0.0,0.0,1.0,0.0,0.0,2.0,1.0,0.0,0.0,1.0,0.0,0.0,0.0,0.0,0.0,1.0,0.0,0.0,0.0,0.0,0.0,1.0,0.0,0.0,0.0,0.0,0.0,0.0,1
3.2898382960957533,0.3870967741935484,0.06831545030031472,17931.522,35.0,512.3292,0.02857142857142857,0.0019518700085804205,35.0,0.0,512.3292,0.0,0.0,512.3292,0.0,0.0,512.3292,0.0,35.0,0.0,0.0,0.0,0.0,0.0,0.0,1.0,0.0,1.0,35.0,1.0,0.0,0.0,1.0,0.0,1.0,0.0,-1.0,0.0,2.0,0.0,-1.0,1.0,0.0,1.0,-1.0,0.0,0.0,1.0,0.0,1.0,-1.0,0.0,2.0,1.0,1.0,1.0,0.0,0.0,0.0,1.0,0.0,0.0,1.0,1.0,1.0,0.0,2.0,1.0,0.0,0.0,0.0,0.0,0.0,1.0,0.0,0.0,0.0,0.0,0.0,0.0,0.0,0.0,1.0,0.0,1.0,0.0,0.0,0.0,0.0,1
2.3829492030946584,0.3856942496493689,1.9230769230769231,1300.0,100.0,52.0,0.04,0.07692307692307693,50.0,26.0,26.0,50.0,0.0,26.0,0.0,0.0,0.0,0.0,50.0,0.0,50.0,0.0,0.038461538461538464,1.0,26.0,0.0,0.0,2.0,0.0,1.0,50.0,2.0,1.0,2.0,2.0,0.0,1.0,1.0,1.0,0.0,0.0,2.0,1.0,2.0,0.0,0.0,1.0,3.0,0.0,2.0,-1.0,-1.0,2.0,1.0,2.0,1.0,0.0,1.0,0.0,1.0,1.0,0.0,0.0,2.0,0.0,2.0,3.0,1.0,0.0,0.0,1.0,0.0,0.0,0.0,2.0,0.0,1.0,1.0,0.0,0.0,0.0,0.0,1.0,0.0,0.0,0.0,0.0,0.0,0.0,1
2.9135961458537794,0.3856942496493689,3.6129032258064515,217.0,84.0,23.25,0.10714285714285714,0.3870967741935484,28.0,0.0,7.75,0.0,28.0,0.0,7.75,0.0,0.0,0.0,0.0,0.0,0.0,0.0,0.0,0.0,0.0,0.0,7.75,3.0,0.0,0.0,0.0,3.0,0.0,0.0,3.0,28.0,0.0,-1.0,0.0,0.0,0.0,2.0,3.0,3.0,0.0,0.0,1.0,3.0,0.0,0.0,0.0,0.0,3.0,1.0,0.0,3.0,0.0,0.0,1.0,0.0,0.0,3.0,0.0,0.0,0.0,0.0,3.0,-1.0,0.0,0.0,0.0,0.0,1.0,0.0,0.0,0.0,0.0,0.0,0.0,0.0,0.0,0.0,1.0,0.0,0.0,0.0,0.0,0.0,0.0,0
3.1781548805083686,0.3814866878231038,0.0955794504181601,94.1625,9.0,94.1625,1.0,0.0955794504181601,3.0,31.3875,31.3875,3.0,3.0,0.0,31.3875,125.55,0.0,12.0,0.0,0.12743926722421348,6.0,0.75,0.06371963361210674,6.0,62.775,4.0,0.0,3.0,0.0,2.0,1.5,3.0,4.0,3.0,-1.0,0.0,2.0,2.0,0.0,8.0,4.0,3.0,3.0,7.0,2.0,0.75,2.0,5.0,4.0,2.0,4.0,2.0,3.0,0.0,1.0,1.0,2.0,2.0,0.0,0.0,2.0,3.0,0.0,0.0,-1.0,1.5,3.0,0.0,2.0,0.0,1.0,4.0,0.0,0.0,6.0,1.0,0.0,0.0,4.0,0.0,0.0,0.0,1.0,0.0,0.0,0.0,0.0,0.0,0.0,1
2.1491366280020294,0.3870967835280519,0.652856246076585,4141.8,52.0,79.65,0.019230769230769232,0.012554927809165096,52.0,79.65,79.65,52.0,52.0,0.0,79.65,79.65,0.0,52.0,0.0,0.012554927809165096,52.0,52.0,0.012554927809165096,2.0,79.65,1.0,0.0,1.0,0.0,1.0,52.0,1.0,1.0,1.0,0.0,0.0,1.0,1.0,0.0,1.0,1.0,1.0,1.0,2.0,1.0,1.0,1.0,2.0,1.0,1.0,1.0,0.0,1.0,0.0,1.0,0.0,1.0,1.0,0.0,0.0,1.0,1.0,0.0,0.0,-1.0,1.0,1.0,0.0,1.0,0.0,1.0,1.0,0.0,0.0,1.0,1.0,0.0,0.0,1.0,0.0,0.0,0.0,1.0,0.0,0.0,0.0,0.0,0.0,0.0,0
3.3081729936634514,0.3814866760168303,0.0,0.0,40.0,0.0,0.025,0.0,40.0,0.0,0.0,40.0,40.0,0.0,0.0,0.0,0.0,0.0,0.0,0.0,0.0,0.0,0.0,0.0,0.0,0.0,0.0,1.0,0.0,0.0,0.0,1.0,0.0,1.0,1.0,0.0,0.0,0.0,0.0,0.0,0.0,1.0,1.0,1.0,0.0,0.0,0.0,1.0,0.0,0.0,0.0,0.0,1.0,0.0,1.0,1.0,0.0,0.0,0.0,0.0,0.0,1.0,0.0,0.0,-1.0,0.0,1.0,0.0,0.0,0.0,1.0,0.0,0.0,0.0,0.0,1.0,0.0,0.0,0.0,0.0,0.0,0.0,1.0,0.0,0.0,0.0,0.0,0.0,0.0,0
2.9135961458537794,0.3856942496493689,3.6129032258064515,217.0,84.0,23.25,0.10714285714285714,0.3870967741935484,28.0,0.0,7.75,0.0,0.0,7.75,0.0,0.0,0.0,0.0,28.0,0.0,0.0,0.0,0.0,0.0,0.0,0.0,7.75,3.0,0.0,0.0,0.0,3.0,1.0,0.0,3.0,28.0,0.0,-1.0,1.0,0.0,0.0,2.0,2.0,3.0,-1.0,0.0,1.0,3.0,0.0,1.0,-1.0,0.0,3.0,2.0,1.0,3.0,0.0,0.0,0.0,1.0,0.0,0.0,0.0,3.0,1.0,0.0,4.0,0.0,0.0,0.0,0.0,0.0,1.0,0.0,0.0,0.0,1.0,0.0,0.0,0.0,0.0,0.0,1.0,1.0,0.0,0.0,0.0,0.0,0.0,0
2.9097999492687765,0.3856942496493689,3.4285714285714284,378.0,72.0,21.0,0.05555555555555555,0.19047619047619047,36.0,10.5,10.5,36.0,36.0,0.0,10.5,0.0,0.0,0.0,0.0,0.0,0.0,0.0,0.0,0.0,0.0,0.0,0.0,2.0,0.0,0.0,0.0,2.0,0.0,2.0,2.0,0.0,0.0,0.0,0.0,0.0,0.0,2.0,2.0,2.0,0.0,0.0,0.0,2.0,0.0,0.0,0.0,0.0,2.0,0.0,1.0,2.0,0.0,0.0,0.0,0.0,0.0,2.0,0.0,0.0,-1.0,0.0,2.0,0.0,0.0,0.0,1.0,0.0,0.0,0.0,0.0,1.0,0.0,0.0,0.0,0.0,0.0,0.0,1.0,0.0,0.0,0.0,0.0,0.0,0.0,0
2.6238934129339713,0.3764043792390494,0.4031496062992126,635.0,48.0,119.0625,0.1875,0.07559055118110236,16.0,39.6875,39.6875,16.0,16.0,0.0,39.6875,158.75,0.0,64.0,0.0,0.10078740157480315,16.0,4.0,0.025196850393700787,5.0,39.6875,4.0,0.0,3.0,0.0,1.0,16.0,3.0,4.0,3.0,-1.0,0.0,1.0,1.0,0.0,4.0,4.0,3.0,3.0,7.0,1.0,0.75,1.0,4.0,4.0,1.0,4.0,3.0,3.0,0.0,1.0,2.0,4.0,1.0,0.0,0.0,1.0,3.0,0.0,0.0,-1.0,3.0,3.0,0.0,1.0,0.0,1.0,4.0,0.0,0.0,3.0,1.0,0.0,0.0,4.0,0.0,0.0,0.0,1.0,0.0,0.0,0.0,0.0,0.0,0.0,0
2.8332654768188825,0.3870967741935484,3.215434083601286,194.375,75.0,23.325000000000003,0.12,0.3858520900321543,25.0,7.775,7.775,25.0,25.0,0.0,7.775,7.775,0.0,25.0,0.0,0.12861736334405144,0.0,25.0,0.0,1.0,0.0,1.0,0.0,3.0,0.0,0.0,0.0,3.0,1.0,3.0,2.0,0.0,0.0,0.0,0.0,0.0,1.0,3.0,3.0,4.0,0.0,3.0,0.0,3.0,1.0,0.0,1.0,1.0,3.0,0.0,1.0,3.0,0.0,0.0,0.0,0.0,0.0,3.0,0.0,0.0,-1.0,0.0,3.0,0.0,0.0,0.0,1.0,1.0,0.0,0.0,0.0,1.0,0.0,0.0,1.0,0.0,0.0,0.0,1.0,0.0,0.0,0.0,0.0,0.0,0.0,1
2.7048183515824533,0.3814866778217858,0.37794249409464853,8900.825,58.0,153.4625,0.017241379310344827,0.006516249898183595,58.0,153.4625,153.4625,58.0,0.0,153.4625,0.0,0.0,0.0,0.0,58.0,0.0,58.0,0.0,0.006516249898183595,1.0,153.4625,0.0,0.0,1.0,0.0,1.0,58.0,1.0,1.0,1.0,1.0,0.0,1.0,1.0,1.0,0.0,0.0,1.0,0.0,1.0,0.0,0.0,1.0,2.0,0.0,2.0,-1.0,-1.0,1.0,1.0,2.0,0.0,0.0,1.0,0.0,1.0,1.0,0.0,0.0,1.0,0.0,1.0,2.0,1.0,0.0,0.0,1.0,0.0,0.0,0.0,1.0,0.0,1.0,1.0,0.0,0.0,0.0,0.0,1.0,0.0,0.0,0.0,0.0,0.0,0.0,1
2.987249625301517,0.3884993004358813,0.25804872402278795,4747.1655,35.0,135.6333,0.02857142857142857,0.0073728206863653695,35.0,135.6333,135.6333,35.0,0.0,135.6333,0.0,0.0,0.0,0.0,35.0,0.0,0.0,0.0,0.0,0.0,0.0,0.0,0.0,1.0,0.0,0.0,0.0,1.0,1.0,1.0,1.0,0.0,0.0,0.0,1.0,0.0,0.0,1.0,0.0,1.0,-1.0,0.0,0.0,1.0,0.0,1.0,-1.0,0.0,1.0,1.0,2.0,1.0,0.0,0.0,0.0,1.0,0.0,0.0,0.0,1.0,0.0,0.0,2.0,1.0,0.0,0.0,1.0,0.0,0.0,0.0,0.0,0.0,1.0,0.0,0.0,0.0,0.0,0.0,1.0,0.0,0.0,0.0,0.0,0.0,0.0,1
1.9312495946058648,0.3884993021638418,0.9032258064516129,868.0,28.0,31.0,0.03571428571428571,0.03225806451612903,28.0,31.0,31.0,28.0,28.0,0.0,31.0,0.0,0.0,0.0,0.0,0.0,0.0,0.0,0.0,0.0,0.0,0.0,0.0,1.0,0.0,0.0,0.0,1.0,0.0,1.0,1.0,0.0,0.0,0.0,0.0,0.0,0.0,1.0,1.0,1.0,0.0,0.0,0.0,1.0,0.0,0.0,0.0,0.0,1.0,0.0,1.0,1.0,0.0,0.0,0.0,0.0,0.0,1.0,0.0,0.0,-1.0,0.0,1.0,0.0,0.0,0.0,1.0,0.0,0.0,0.0,0.0,1.0,0.0,0.0,0.0,0.0,0.0,0.0,1.0,0.0,0.0,0.0,0.0,0.0,0.0,0
3.230416920159449,0.381486670206796,0.0,0.0,75.0,0.0,0.12,0.0,25.0,0.0,0.0,25.0,25.0,0.0,0.0,0.0,0.0,0.0,0.0,0.0,0.0,0.0,0.0,0.0,0.0,0.0,0.0,3.0,0.0,0.0,0.0,3.0,0.0,3.0,3.0,0.0,0.0,0.0,0.0,0.0,0.0,3.0,3.0,3.0,0.0,0.0,0.0,3.0,0.0,0.0,0.0,0.0,3.0,0.0,1.0,3.0,0.0,0.0,0.0,0.0,0.0,3.0,0.0,0.0,-1.0,0.0,3.0,0.0,0.0,0.0,1.0,0.0,0.0,0.0,0.0,1.0,0.0,0.0,0.0,0.0,0.0,0.0,1.0,0.0,0.0,0.0,0.0,0.0,0.0,1
2.47825724711292,0.3856942530911989,2.1025641025641026,799.5,82.0,39.0,0.04878048780487805,0.10256410256410256,41.0,19.5,19.5,41.0,0.0,19.5,0.0,0.0,0.0,0.0,41.0,0.0,41.0,0.0,0.05128205128205128,1.0,19.5,0.0,0.0,2.0,0.0,1.0,41.0,2.0,1.0,2.0,2.0,0.0,1.0,1.0,1.0,0.0,0.0,2.0,1.0,2.0,0.0,0.0,1.0,3.0,0.0,2.0,-1.0,-1.0,2.0,1.0,2.0,1.0,0.0,1.0,0.0,1.0,1.0,0.0,0.0,2.0,0.0,2.0,3.0,1.0,0.0,0.0,1.0,0.0,0.0,0.0,2.0,0.0,1.0,1.0,0.0,0.0,0.0,0.0,1.0,0.0,0.0,0.0,0.0,0.0,0.0,1
1.9842079322522452,0.3884992987377279,1.245791245791246,1098.8999999999999,37.0,29.7,0.02702702702702703,0.03367003367003367,37.0,0.0,29.7,0.0,37.0,0.0,29.7,0.0,29.7,0.0,0.0,0.0,37.0,0.0,0.03367003367003367,1.0,29.7,1.0,0.0,1.0,37.0,2.0,37.0,0.0,0.0,0.0,1.0,0.0,0.0,1.0,1.0,0.0,-1.0,1.0,1.0,1.0,1.0,0.0,1.0,2.0,0.0,1.0,0.0,-1.0,2.0,0.0,0.0,0.0,0.0,0.0,0.0,0.0,1.0,1.0,1.0,0.0,0.0,1.0,1.0,0.0,1.0,1.0,0.0,0.0,0.0,1.0,1.0,0.0,-1.0,0.0,0.0,0.0,0.0,0.0,1.0,0.0,0.0,0.0,0.0,0.0,1.0,0
2.9135580743503464,0.3814866760168303,3.6129032258064515,217.0,84.0,23.25,0.10714285714285714,0.3870967741935484,28.0,0.0,7.75,0.0,0.0,7.75,0.0,0.0,0.0,0.0,28.0,0.0,0.0,0.0,0.0,0.0,0.0,0.0,7.75,3.0,0.0,0.0,0.0,3.0,1.0,0.0,3.0,28.0,0.0,-1.0,1.0,0.0,0.0,2.0,2.0,3.0,-1.0,0.0,1.0,3.0,0.0,1.0,-1.0,0.0,3.0,2.0,1.0,3.0,0.0,0.0,0.0,1.0,0.0,0.0,0.0,3.0,1.0,0.0,4.0,0.0,0.0,0.0,0.0,0.0,1.0,0.0,0.0,0.0,1.0,0.0,0.0,0.0,0.0,0.0,1.0,1.0,0.0,0.0,0.0,0.0,0.0,1
1.9833858358735026,0.3764045038793692,0.8081243433989711,4911.372899999999,63.0,77.9583,0.015873015873015872,0.012827370530142398,63.0,77.9583,77.9583,63.0,0.0,77.9583,0.0,77.9583,0.0,63.0,63.0,0.012827370530142398,0.0,63.0,0.0,1.0,0.0,1.0,0.0,1.0,0.0,0.0,0.0,1.0,2.0,1.0,0.0,0.0,0.0,0.0,1.0,0.0,1.0,1.0,0.0,2.0,-1.0,1.0,0.0,1.0,1.0,1.0,0.0,1.0,1.0,1.0,2.0,1.0,0.0,0.0,0.0,1.0,0.0,0.0,0.0,1.0,0.0,0.0,2.0,1.0,0.0,0.0,1.0,1.0,0.0,0.0,0.0,0.0,1.0,0.0,0.0,1.0,0.0,0.0,1.0,0.0,0.0,0.0,0.0,0.0,0.0,1
3.148131408581514,0.3884992987377279,5.806451612903226,348.75,135.0,23.25,0.06666666666666667,0.3870967741935484,45.0,7.75,7.75,45.0,0.0,7.75,0.0,0.0,0.0,0.0,45.0,0.0,0.0,0.0,0.0,0.0,0.0,0.0,0.0,3.0,0.0,0.0,0.0,3.0,1.0,3.0,3.0,0.0,0.0,0.0,1.0,0.0,0.0,3.0,2.0,3.0,-1.0,0.0,0.0,3.0,0.0,1.0,-1.0,0.0,3.0,1.0,2.0,3.0,0.0,0.0,0.0,1.0,0.0,0.0,0.0,3.0,0.0,0.0,4.0,1.0,0.0,0.0,1.0,0.0,0.0,0.0,0.0,0.0,1.0,0.0,0.0,0.0,0.0,0.0,1.0,0.0,0.0,0.0,0.0,0.0,0.0,0
3.2804831923306406,0.381486670206796,0.0,0.0,56.0,0.0,0.07142857142857142,0.0,28.0,0.0,0.0,28.0,28.0,0.0,0.0,0.0,0.0,0.0,0.0,0.0,0.0,0.0,0.0,0.0,0.0,0.0,0.0,2.0,0.0,0.0,0.0,2.0,0.0,2.0,2.0,0.0,0.0,0.0,0.0,0.0,0.0,2.0,2.0,2.0,0.0,0.0,0.0,2.0,0.0,0.0,0.0,0.0,2.0,0.0,1.0,2.0,0.0,0.0,0.0,0.0,0.0,2.0,0.0,0.0,-1.0,0.0,2.0,0.0,0.0,0.0,1.0,0.0,0.0,0.0,0.0,1.0,0.0,0.0,0.0,0.0,0.0,0.0,1.0,0.0,0.0,0.0,0.0,0.0,0.0,0
2.960053063138903,0.3814866602235201,0.24034334763948498,203.875,21.0,87.375,0.42857142857142855,0.10300429184549356,7.0,0.0,29.125,0.0,7.0,0.0,29.125,116.5,0.0,28.0,0.0,0.13733905579399142,7.0,1.75,0.034334763948497854,5.0,29.125,4.0,29.125,3.0,0.0,1.0,7.0,3.0,4.0,0.0,-1.0,7.0,1.0,0.0,0.0,4.0,4.0,2.0,3.0,7.0,1.0,0.75,2.0,4.0,0.0,1.0,4.0,3.0,3.0,1.0,0.0,2.0,4.0,0.0,1.0,0.0,1.0,3.0,0.0,0.0,0.0,3.0,3.0,-1.0,1.0,0.0,0.0,4.0,1.0,0.0,3.0,0.0,0.0,0.0,4.0,0.0,0.0,4.0,1.0,0.0,0.0,0.0,0.0,1.0,0.0,0
2.257922834843223,0.3870967720247239,1.728395061728395,708.75,105.0,60.75,0.08571428571428572,0.14814814814814814,35.0,20.25,20.25,35.0,0.0,20.25,0.0,20.25,0.0,35.0,35.0,0.04938271604938271,35.0,35.0,0.04938271604938271,2.0,20.25,1.0,0.0,3.0,0.0,1.0,35.0,3.0,2.0,3.0,2.0,0.0,1.0,1.0,1.0,1.0,1.0,3.0,2.0,4.0,0.0,3.0,1.0,4.0,1.0,2.0,0.0,0.0,3.0,1.0,2.0,2.0,1.0,1.0,0.0,1.0,1.0,0.0,0.0,3.0,0.0,3.0,4.0,1.0,0.0,0.0,1.0,1.0,0.0,0.0,3.0,0.0,1.0,1.0,0.0,1.0,0.0,0.0,1.0,0.0,0.0,0.0,0.0,0.0,0.0,1
3.2336607256744165,0.3764044943820224,8.387096774193548,503.75,195.0,23.25,0.046153846153846156,0.3870967741935484,65.0,0.0,7.75,0.0,65.0,0.0,7.75,0.0,0.0,0.0,0.0,0.0,0.0,0.0,0.0,0.0,0.0,0.0,7.75,3.0,0.0,0.0,0.0,3.0,0.0,0.0,3.0,65.0,0.0,-1.0,0.0,0.0,0.0,2.0,3.0,3.0,0.0,0.0,1.0,3.0,0.0,0.0,0.0,0.0,3.0,1.0,0.0,3.0,0.0,0.0,1.0,0.0,0.0,3.0,0.0,0.0,0.0,0.0,3.0,-1.0,0.0,0.0,0.0,0.0,1.0,0.0,0.0,0.0,0.0,0.0,0.0,0.0,0.0,0.0,1.0,0.0,0.0,0.0,0.0,0.0,0.0,0
2.905177165654385,0.3764044943820224,3.5649716075475544,219.9176,84.0,23.5626,0.10714285714285714,0.3819612436658094,28.0,7.8542,7.8542,28.0,28.0,0.0,7.8542,0.0,0.0,0.0,0.0,0.0,0.0,0.0,0.0,0.0,0.0,0.0,0.0,3.0,0.0,0.0,0.0,3.0,0.0,3.0,3.0,0.0,0.0,0.0,0.0,0.0,0.0,3.0,3.0,3.0,0.0,0.0,0.0,3.0,0.0,0.0,0.0,0.0,3.0,0.0,1.0,3.0,0.0,0.0,0.0,0.0,0.0,3.0,0.0,0.0,-1.0,0.0,3.0,0.0,0.0,0.0,1.0,0.0,0.0,0.0,0.0,1.0,0.0,0.0,0.0,0.0,0.0,0.0,1.0,0.0,0.0,0.0,0.0,0.0,0.0,0
2.1341080314582586,0.3870967741935484,1.6842105263157894,152.0,48.0,28.5,0.1875,0.3157894736842105,16.0,9.5,9.5,16.0,16.0,0.0,9.5,0.0,0.0,0.0,0.0,0.0,0.0,0.0,0.0,0.0,0.0,0.0,0.0,3.0,0.0,0.0,0.0,3.0,0.0,3.0,3.0,0.0,0.0,0.0,0.0,0.0,0.0,3.0,3.0,3.0,0.0,0.0,0.0,3.0,0.0,0.0,0.0,0.0,3.0,0.0,1.0,3.0,0.0,0.0,0.0,0.0,0.0,3.0,0.0,0.0,-1.0,0.0,3.0,0.0,0.0,0.0,1.0,0.0,0.0,0.0,0.0,1.0,0.0,0.0,0.0,0.0,0.0,0.0,1.0,0.0,0.0,0.0,0.0,0.0,0.0,0
2.5183202724773928,0.3870967741935484,2.3602484472049685,152.95000000000002,57.0,24.150000000000002,0.15789473684210525,0.37267080745341613,19.0,8.05,8.05,19.0,19.0,0.0,8.05,0.0,0.0,0.0,0.0,0.0,0.0,0.0,0.0,0.0,0.0,0.0,0.0,3.0,0.0,0.0,0.0,3.0,0.0,3.0,3.0,0.0,0.0,0.0,0.0,0.0,0.0,3.0,3.0,3.0,0.0,0.0,0.0,3.0,0.0,0.0,0.0,0.0,3.0,0.0,1.0,3.0,0.0,0.0,0.0,0.0,0.0,3.0,0.0,0.0,-1.0,0.0,3.0,0.0,0.0,0.0,1.0,0.0,0.0,0.0,0.0,1.0,0.0,0.0,0.0,0.0,0.0,0.0,1.0,0.0,0.0,0.0,0.0,0.0,0.0,1
1.923241178688353,0.3814866760168303,1.0769230769230769,728.0,28.0,26.0,0.03571428571428571,0.038461538461538464,28.0,26.0,26.0,28.0,28.0,0.0,26.0,0.0,0.0,0.0,0.0,0.0,0.0,0.0,0.0,0.0,0.0,0.0,0.0,1.0,0.0,0.0,0.0,1.0,0.0,1.0,1.0,0.0,0.0,0.0,0.0,0.0,0.0,1.0,1.0,1.0,0.0,0.0,0.0,1.0,0.0,0.0,0.0,0.0,1.0,0.0,1.0,1.0,0.0,0.0,0.0,0.0,0.0,1.0,0.0,0.0,-1.0,0.0,1.0,0.0,0.0,0.0,1.0,0.0,0.0,0.0,0.0,1.0,0.0,0.0,0.0,0.0,0.0,0.0,1.0,0.0,0.0,0.0,0.0,0.0,0.0,0
2.957446758194249,0.3856942496493689,3.8095238095238098,285.8625,99.0,25.987499999999997,0.09090909090909091,0.34632034632034636,33.0,0.0,8.6625,0.0,33.0,0.0,8.6625,0.0,8.6625,0.0,0.0,0.0,0.0,0.0,0.0,0.0,0.0,1.0,0.0,3.0,33.0,1.0,0.0,2.0,0.0,0.0,3.0,0.0,-1.0,0.0,1.0,0.0,-1.0,3.0,3.0,3.0,0.0,0.0,0.0,3.0,0.0,0.0,0.0,0.0,4.0,0.0,0.0,3.0,0.0,0.0,0.0,0.0,0.0,3.0,3.0,0.0,0.0,0.0,3.0,0.0,0.0,0.0,0.0,0.0,0.0,1.0,0.0,0.0,-1.0,0.0,0.0,0.0,0.0,0.0,1.0,0.0,0.0,0.0,0.0,0.0,1.0,0
2.8273731790777408,0.3764044943820224,3.1578947368421053,285.0,90.0,28.5,0.1,0.3157894736842105,30.0,9.5,9.5,30.0,30.0,0.0,9.5,0.0,0.0,0.0,0.0,0.0,0.0,0.0,0.0,0.0,0.0,0.0,0.0,3.0,0.0,0.0,0.0,3.0,0.0,3.0,3.0,0.0,0.0,0.0,0.0,0.0,0.0,3.0,3.0,3.0,0.0,0.0,0.0,3.0,0.0,0.0,0.0,0.0,3.0,0.0,1.0,3.0,0.0,0.0,0.0,0.0,0.0,3.0,0.0,0.0,-1.0,0.0,3.0,0.0,0.0,0.0,1.0,0.0,0.0,0.0,0.0,1.0,0.0,0.0,0.0,0.0,0.0,0.0,1.0,0.0,0.0,0.0,0.0,0.0,0.0,1
2.695053495413595,0.3870967741935484,2.7862914460852606,173.7076,66.0,23.6874,0.13636363636363635,0.379948833557081,22.0,7.8958,7.8958,22.0,22.0,0.0,7.8958,0.0,0.0,0.0,0.0,0.0,0.0,0.0,0.0,0.0,0.0,0.0,0.0,3.0,0.0,0.0,0.0,3.0,0.0,3.0,3.0,0.0,0.0,0.0,0.0,0.0,0.0,3.0,3.0,3.0,0.0,0.0,0.0,3.0,0.0,0.0,0.0,0.0,3.0,0.0,1.0,3.0,0.0,0.0,0.0,0.0,0.0,3.0,0.0,0.0,-1.0,0.0,3.0,0.0,0.0,0.0,1.0,0.0,0.0,0.0,0.0,1.0,0.0,0.0,0.0,0.0,0.0,0.0,1.0,0.0,0.0,0.0,0.0,0.0,0.0,0
2.8698774649929577,0.3884992987377279,3.230769230769231,546.0,84.0,26.0,0.047619047619047616,0.15384615384615385,42.0,13.0,13.0,42.0,42.0,0.0,13.0,0.0,0.0,0.0,0.0,0.0,0.0,0.0,0.0,0.0,0.0,0.0,0.0,2.0,0.0,0.0,0.0,2.0,0.0,2.0,2.0,0.0,0.0,0.0,0.0,0.0,0.0,2.0,2.0,2.0,0.0,0.0,0.0,2.0,0.0,0.0,0.0,0.0,2.0,0.0,1.0,2.0,0.0,0.0,0.0,0.0,0.0,2.0,0.0,0.0,-1.0,0.0,2.0,0.0,0.0,0.0,1.0,0.0,0.0,0.0,0.0,1.0,0.0,0.0,0.0,0.0,0.0,0.0,1.0,0.0,0.0,0.0,0.0,0.0,0.0,1
2.710738354499933,0.3814866760168303,2.838709677419355,170.5,66.0,23.25,0.13636363636363635,0.3870967741935484,22.0,0.0,7.75,0.0,0.0,7.75,0.0,0.0,0.0,0.0,22.0,0.0,0.0,0.0,0.0,0.0,0.0,0.0,7.75,3.0,0.0,0.0,0.0,3.0,1.0,0.0,3.0,22.0,0.0,-1.0,1.0,0.0,0.0,2.0,2.0,3.0,-1.0,0.0,1.0,3.0,0.0,1.0,-1.0,0.0,3.0,2.0,1.0,3.0,0.0,0.0,0.0,1.0,0.0,0.0,0.0,3.0,1.0,0.0,4.0,0.0,0.0,0.0,0.0,0.0,1.0,0.0,0.0,0.0,1.0,0.0,0.0,0.0,0.0,0.0,1.0,1.0,0.0,0.0,0.0,0.0,0.0,1
2.822452202252288,0.3764044922731047,0.3297400126823082,2050.1,26.0,78.85,0.038461538461538464,0.012682308180088777,26.0,78.85,78.85,26.0,0.0,78.85,0.0,0.0,0.0,0.0,26.0,0.0,0.0,0.0,0.0,0.0,0.0,0.0,0.0,1.0,0.0,0.0,0.0,1.0,1.0,1.0,1.0,0.0,0.0,0.0,1.0,0.0,0.0,1.0,0.0,1.0,-1.0,0.0,0.0,1.0,0.0,1.0,-1.0,0.0,1.0,1.0,2.0,1.0,0.0,0.0,0.0,1.0,0.0,0.0,0.0,1.0,0.0,0.0,2.0,1.0,0.0,0.0,1.0,0.0,0.0,0.0,0.0,0.0,1.0,0.0,0.0,0.0,0.0,0.0,1.0,0.0,0.0,0.0,0.0,0.0,0.0,1
3.094289755710852,0.3764044978759011,0.20860964962362427,1730.5048,19.0,91.0792,0.05263157894736842,0.010979455243348646,19.0,0.0,91.0792,0.0,0.0,91.0792,0.0,91.0792,91.0792,19.0,19.0,0.010979455243348646,0.0,19.0,0.0,1.0,0.0,2.0,0.0,1.0,19.0,1.0,0.0,0.0,2.0,0.0,0.0,0.0,-1.0,0.0,2.0,0.0,0.0,1.0,0.0,2.0,-1.0,1.0,0.0,1.0,0.0,1.0,0.0,1.0,2.0,1.0,1.0,1.0,0.0,0.0,0.0,1.0,0.0,0.0,1.0,1.0,1.0,0.0,2.0,1.0,0.0,0.0,0.0,1.0,0.0,1.0,0.0,0.0,0.0,0.0,0.0,1.0,1.0,0.0,1.0,0.0,1.0,0.0,0.0,0.0,0.0,1
2.7523767635167546,0.3764044943820224,2.796116504854369,463.5,72.0,25.75,0.05555555555555555,0.1553398058252427,36.0,0.0,12.875,0.0,36.0,0.0,12.875,0.0,12.875,0.0,0.0,0.0,0.0,0.0,0.0,0.0,0.0,1.0,0.0,2.0,36.0,1.0,0.0,1.0,0.0,0.0,2.0,0.0,-1.0,0.0,1.0,0.0,-1.0,2.0,2.0,2.0,0.0,0.0,0.0,2.0,0.0,0.0,0.0,0.0,3.0,0.0,0.0,2.0,0.0,0.0,0.0,0.0,0.0,2.0,2.0,0.0,0.0,0.0,2.0,0.0,0.0,0.0,0.0,0.0,0.0,1.0,0.0,0.0,-1.0,0.0,0.0,0.0,0.0,0.0,1.0,0.0,0.0,0.0,0.0,0.0,1.0,0
2.6827338044542532,0.3870967741935484,2.7118644067796613,212.39999999999998,72.0,26.549999999999997,0.125,0.33898305084745767,24.0,8.85,8.85,24.0,0.0,8.85,0.0,0.0,0.0,0.0,24.0,0.0,0.0,0.0,0.0,0.0,0.0,0.0,0.0,3.0,0.0,0.0,0.0,3.0,1.0,3.0,3.0,0.0,0.0,0.0,1.0,0.0,0.0,3.0,2.0,3.0,-1.0,0.0,0.0,3.0,0.0,1.0,-1.0,0.0,3.0,1.0,2.0,3.0,0.0,0.0,0.0,1.0,0.0,0.0,0.0,3.0,0.0,0.0,4.0,1.0,0.0,0.0,1.0,0.0,0.0,0.0,0.0,0.0,1.0,0.0,0.0,0.0,0.0,0.0,1.0,0.0,0.0,0.0,0.0,0.0,0.0,0
2.7772040041212946,0.3764044943820224,3.039590668456648,189.4992,72.0,23.6874,0.125,0.379948833557081,24.0,7.8958,7.8958,24.0,24.0,0.0,7.8958,0.0,0.0,0.0,0.0,0.0,0.0,0.0,0.0,0.0,0.0,0.0,0.0,3.0,0.0,0.0,0.0,3.0,0.0,3.0,3.0,0.0,0.0,0.0,0.0,0.0,0.0,3.0,3.0,3.0,0.0,0.0,0.0,3.0,0.0,0.0,0.0,0.0,3.0,0.0,1.0,3.0,0.0,0.0,0.0,0.0,0.0,3.0,0.0,0.0,-1.0,0.0,3.0,0.0,0.0,0.0,1.0,0.0,0.0,0.0,0.0,1.0,0.0,0.0,0.0,0.0,0.0,0.0,1.0,0.0,0.0,0.0,0.0,0.0,0.0,0
1.9160402749288314,0.3884992987377279,1.0100718593979972,776.1824,28.0,27.7208,0.03571428571428571,0.0360739949784999,28.0,0.0,27.7208,0.0,28.0,0.0,27.7208,0.0,27.7208,0.0,0.0,0.0,0.0,0.0,0.0,0.0,0.0,1.0,0.0,1.0,28.0,1.0,0.0,0.0,0.0,0.0,1.0,0.0,-1.0,0.0,1.0,0.0,-1.0,1.0,1.0,1.0,0.0,0.0,0.0,1.0,0.0,0.0,0.0,0.0,2.0,0.0,0.0,1.0,0.0,0.0,0.0,0.0,0.0,1.0,1.0,0.0,0.0,0.0,1.0,0.0,0.0,0.0,0.0,0.0,0.0,1.0,0.0,0.0,-1.0,0.0,0.0,0.0,0.0,0.0,1.0,0.0,0.0,0.0,0.0,0.0,1.0,0
2.8244553894951836,0.3764044943820224,3.250705472251425,169.8862,70.5,21.6876,0.1276595744680851,0.41498367730869257,23.5,0.0,7.2292,0.0,23.5,0.0,7.2292,0.0,7.2292,0.0,0.0,0.0,0.0,0.0,0.0,0.0,0.0,1.0,0.0,3.0,23.5,1.0,0.0,2.0,0.0,0.0,3.0,0.0,-1.0,0.0,1.0,0.0,-1.0,3.0,3.0,3.0,0.0,0.0,0.0,3.0,0.0,0.0,0.0,0.0,4.0,0.0,0.0,3.0,0.0,0.0,0.0,0.0,0.0,3.0,3.0,0.0,0.0,0.0,3.0,0.0,0.0,0.0,0.0,0.0,0.0,1.0,0.0,0.0,-1.0,0.0,0.0,0.0,0.0,0.0,1.0,0.0,0.0,0.0,0.0,0.0,1.0,0
3.315120594258996,0.3870967857675673,0.013196964698119432,303.1,2.0,151.55,0.5,0.006598482349059716,2.0,151.55,151.55,2.0,0.0,151.55,0.0,151.55,0.0,2.0,2.0,0.006598482349059716,4.0,2.0,0.013196964698119432,3.0,303.1,1.0,0.0,1.0,0.0,2.0,1.0,1.0,2.0,1.0,0.0,0.0,2.0,2.0,1.0,2.0,1.0,1.0,0.0,2.0,1.0,1.0,2.0,3.0,1.0,3.0,0.0,-1.0,1.0,1.0,2.0,-1.0,0.5,2.0,0.0,1.0,2.0,0.0,0.0,1.0,0.0,0.5,2.0,1.0,0.0,0.0,1.0,1.0,0.0,0.0,2.0,0.0,1.0,2.0,0.0,1.0,0.0,0.0,1.0,0.0,0.0,0.0,0.0,0.0,0.0,0
1.9268733185323235,0.3856942496493689,0.9180327868852459,854.0,28.0,30.5,0.03571428571428571,0.03278688524590164,28.0,30.5,30.5,28.0,28.0,0.0,30.5,0.0,0.0,0.0,0.0,0.0,0.0,0.0,0.0,0.0,0.0,0.0,0.0,1.0,0.0,0.0,0.0,1.0,0.0,1.0,1.0,0.0,0.0,0.0,0.0,0.0,0.0,1.0,1.0,1.0,0.0,0.0,0.0,1.0,0.0,0.0,0.0,0.0,1.0,0.0,1.0,1.0,0.0,0.0,0.0,0.0,0.0,1.0,0.0,0.0,-1.0,0.0,1.0,0.0,0.0,0.0,1.0,0.0,0.0,0.0,0.0,1.0,0.0,0.0,0.0,0.0,0.0,0.0,1.0,0.0,0.0,0.0,0.0,0.0,0.0,1
3.1033101458753025,0.3764044922731047,0.20200322558750616,12376.04,50.0,247.5208,0.02,0.0040400645117501235,50.0,0.0,247.5208,0.0,0.0,247.5208,0.0,0.0,247.5208,0.0,50.0,0.0,50.0,0.0,0.0040400645117501235,1.0,247.5208,1.0,0.0,1.0,50.0,2.0,50.0,0.0,1.0,0.0,1.0,0.0,0.0,1.0,2.0,0.0,-1.0,1.0,0.0,1.0,0.0,0.0,1.0,2.0,0.0,2.0,-1.0,-1.0,2.0,1.0,1.0,0.0,0.0,0.0,0.0,1.0,1.0,0.0,1.0,1.0,1.0,1.0,2.0,1.0,0.0,1.0,0.0,0.0,0.0,1.0,1.0,0.0,0.0,1.0,0.0,0.0,0.0,0.0,1.0,0.0,1.0,0.0,0.0,0.0,0.0,1
2.9135117421459333,0.3764044943820224,3.6129032258064515,217.0,84.0,23.25,0.10714285714285714,0.3870967741935484,28.0,0.0,7.75,0.0,0.0,7.75,0.0,0.0,0.0,0.0,28.0,0.0,0.0,0.0,0.0,0.0,0.0,0.0,7.75,3.0,0.0,0.0,0.0,3.0,1.0,0.0,3.0,28.0,0.0,-1.0,1.0,0.0,0.0,2.0,2.0,3.0,-1.0,0.0,1.0,3.0,0.0,1.0,-1.0,0.0,3.0,2.0,1.0,3.0,0.0,0.0,0.0,1.0,0.0,0.0,0.0,3.0,1.0,0.0,4.0,0.0,0.0,0.0,0.0,0.0,1.0,0.0,0.0,0.0,1.0,0.0,0.0,0.0,0.0,0.0,1.0,1.0,0.0,0.0,0.0,0.0,0.0,1
1.9331595247396152,0.3870967776275203,1.2043010752688172,651.0,84.0,69.75,0.10714285714285714,0.12903225806451613,28.0,0.0,23.25,0.0,28.0,0.0,23.25,46.5,0.0,56.0,0.0,0.08602150537634409,0.0,14.0,0.0,2.0,0.0,2.0,23.25,3.0,0.0,0.0,0.0,3.0,2.0,0.0,1.0,28.0,0.0,-1.0,0.0,0.0,2.0,2.0,3.0,5.0,0.0,1.5,1.0,3.0,0.0,0.0,2.0,2.0,3.0,1.0,0.0,3.0,0.0,0.0,1.0,0.0,0.0,3.0,0.0,0.0,0.0,0.0,3.0,-1.0,0.0,0.0,0.0,2.0,1.0,0.0,0.0,0.0,0.0,0.0,2.0,0.0,0.0,2.0,1.0,0.0,0.0,0.0,0.0,0.0,0.0,1
3.1698218937395652,0.3856942513902431,0.0,0.0,57.0,0.0,0.15789473684210525,0.0,19.0,0.0,0.0,19.0,19.0,0.0,0.0,0.0,0.0,0.0,0.0,0.0,0.0,0.0,0.0,0.0,0.0,0.0,0.0,3.0,0.0,0.0,0.0,3.0,0.0,3.0,3.0,0.0,0.0,0.0,0.0,0.0,0.0,3.0,3.0,3.0,0.0,0.0,0.0,3.0,0.0,0.0,0.0,0.0,3.0,0.0,1.0,3.0,0.0,0.0,0.0,0.0,0.0,3.0,0.0,0.0,-1.0,0.0,3.0,0.0,0.0,0.0,1.0,0.0,0.0,0.0,0.0,1.0,0.0,0.0,0.0,0.0,0.0,0.0,1.0,0.0,0.0,0.0,0.0,0.0,0.0,0
2.5465037120284943,0.3870967741935484,2.2672064777327936,345.8,56.0,24.7,0.07142857142857142,0.16194331983805668,28.0,0.0,12.35,0.0,0.0,12.35,0.0,0.0,0.0,0.0,28.0,0.0,0.0,0.0,0.0,0.0,0.0,0.0,12.35,2.0,0.0,0.0,0.0,2.0,1.0,0.0,2.0,28.0,0.0,-1.0,1.0,0.0,0.0,1.0,1.0,2.0,-1.0,0.0,1.0,2.0,0.0,1.0,-1.0,0.0,2.0,2.0,1.0,2.0,0.0,0.0,0.0,1.0,0.0,0.0,0.0,2.0,1.0,0.0,3.0,0.0,0.0,0.0,0.0,0.0,1.0,0.0,0.0,0.0,1.0,0.0,0.0,0.0,0.0,0.0,1.0,1.0,0.0,0.0,0.0,0.0,0.0,1
2.8894293451983075,0.3814866760168303,3.4782608695652173,225.40000000000003,84.0,24.150000000000002,0.10714285714285714,0.37267080745341613,28.0,8.05,8.05,28.0,28.0,0.0,8.05,0.0,0.0,0.0,0.0,0.0,0.0,0.0,0.0,0.0,0.0,0.0,0.0,3.0,0.0,0.0,0.0,3.0,0.0,3.0,3.0,0.0,0.0,0.0,0.0,0.0,0.0,3.0,3.0,3.0,0.0,0.0,0.0,3.0,0.0,0.0,0.0,0.0,3.0,0.0,1.0,3.0,0.0,0.0,0.0,0.0,0.0,3.0,0.0,0.0,-1.0,0.0,3.0,0.0,0.0,0.0,1.0,0.0,0.0,0.0,0.0,1.0,0.0,0.0,0.0,0.0,0.0,0.0,1.0,0.0,0.0,0.0,0.0,0.0,0.0,0
3.315550656430482,0.3856942437752533,0.006070603761134939,139.42600000000002,0.92,151.55,1.0869565217391304,0.006598482349059716,0.92,151.55,151.55,0.92,0.92,0.0,151.55,151.55,0.0,0.92,0.0,0.006598482349059716,1.84,0.92,0.013196964698119432,3.0,303.1,1.0,0.0,1.0,0.0,2.0,0.46,1.0,1.0,1.0,0.0,0.0,2.0,2.0,0.0,2.0,1.0,1.0,1.0,2.0,2.0,1.0,2.0,3.0,1.0,2.0,1.0,-1.0,1.0,0.0,1.0,-1.0,0.5,2.0,0.0,0.0,2.0,1.0,0.0,0.0,-1.0,0.5,1.0,0.0,2.0,0.0,1.0,1.0,0.0,0.0,2.0,1.0,0.0,0.0,1.0,0.0,0.0,0.0,1.0,0.0,0.0,0.0,0.0,0.0,0.0,1
3.000133120857207,0.3764045063986951,0.25251773711640974,3104.7324000000003,28.0,110.8833,0.03571428571428571,0.00901849061130035,28.0,0.0,110.8833,0.0,0.0,110.8833,0.0,0.0,110.8833,0.0,28.0,0.0,0.0,0.0,0.0,0.0,0.0,1.0,0.0,1.0,28.0,1.0,0.0,0.0,1.0,0.0,1.0,0.0,-1.0,0.0,2.0,0.0,-1.0,1.0,0.0,1.0,-1.0,0.0,0.0,1.0,0.0,1.0,-1.0,0.0,2.0,1.0,1.0,1.0,0.0,0.0,0.0,1.0,0.0,0.0,1.0,1.0,1.0,0.0,2.0,1.0,0.0,0.0,0.0,0.0,0.0,1.0,0.0,0.0,0.0,0.0,0.0,0.0,0.0,0.0,1.0,0.0,1.0,0.0,0.0,0.0,0.0,1
3.187230423781846,0.3814866738794381,0.15610651974288337,1851.3000000000002,17.0,108.9,0.058823529411764705,0.009182736455463728,17.0,0.0,108.9,0.0,0.0,108.9,0.0,108.9,108.9,17.0,17.0,0.009182736455463728,0.0,17.0,0.0,1.0,0.0,2.0,0.0,1.0,17.0,1.0,0.0,0.0,2.0,0.0,0.0,0.0,-1.0,0.0,2.0,0.0,0.0,1.0,0.0,2.0,-1.0,1.0,0.0,1.0,0.0,1.0,0.0,1.0,2.0,1.0,1.0,1.0,0.0,0.0,0.0,1.0,0.0,0.0,1.0,1.0,1.0,0.0,2.0,1.0,0.0,0.0,0.0,1.0,0.0,1.0,0.0,0.0,0.0,0.0,0.0,1.0,1.0,0.0,1.0,0.0,1.0,0.0,0.0,0.0,0.0,1
1.9770158815151297,0.3884993021638418,1.25,720.0,60.0,48.0,0.06666666666666667,0.08333333333333333,30.0,0.0,24.0,0.0,30.0,0.0,24.0,24.0,24.0,30.0,0.0,0.041666666666666664,0.0,30.0,0.0,1.0,0.0,2.0,0.0,2.0,30.0,1.0,0.0,1.0,1.0,0.0,1.0,0.0,-1.0,0.0,1.0,0.0,0.0,2.0,2.0,3.0,0.0,2.0,0.0,2.0,0.0,0.0,1.0,1.0,3.0,0.0,0.0,2.0,0.0,0.0,0.0,0.0,0.0,2.0,2.0,0.0,0.0,0.0,2.0,0.0,0.0,0.0,0.0,1.0,0.0,1.0,0.0,0.0,-1.0,0.0,1.0,0.0,1.0,0.0,1.0,0.0,0.0,0.0,0.0,0.0,1.0,0
2.368125815561396,0.3764044943820224,0.5269703421091461,1707.876,30.0,56.9292,0.03333333333333333,0.01756567807030487,30.0,0.0,56.9292,0.0,0.0,56.9292,0.0,0.0,56.9292,0.0,30.0,0.0,0.0,0.0,0.0,0.0,0.0,1.0,0.0,1.0,30.0,1.0,0.0,0.0,1.0,0.0,1.0,0.0,-1.0,0.0,2.0,0.0,-1.0,1.0,0.0,1.0,-1.0,0.0,0.0,1.0,0.0,1.0,-1.0,0.0,2.0,1.0,1.0,1.0,0.0,0.0,0.0,1.0,0.0,0.0,1.0,1.0,1.0,0.0,2.0,1.0,0.0,0.0,0.0,0.0,0.0,1.0,0.0,0.0,0.0,0.0,0.0,0.0,0.0,0.0,1.0,0.0,1.0,0.0,0.0,0.0,0.0,1
2.919618816469814,0.3814866760168303,0.2886061884381956,1995.7992,24.0,83.1583,0.041666666666666664,0.012025257851591482,24.0,0.0,83.1583,0.0,0.0,83.1583,0.0,0.0,83.1583,0.0,24.0,0.0,0.0,0.0,0.0,0.0,0.0,1.0,0.0,1.0,24.0,1.0,0.0,0.0,1.0,0.0,1.0,0.0,-1.0,0.0,2.0,0.0,-1.0,1.0,0.0,1.0,-1.0,0.0,0.0,1.0,0.0,1.0,-1.0,0.0,2.0,1.0,1.0,1.0,0.0,0.0,0.0,1.0,0.0,0.0,1.0,1.0,1.0,0.0,2.0,1.0,0.0,0.0,0.0,0.0,0.0,1.0,0.0,0.0,0.0,0.0,0.0,0.0,0.0,0.0,1.0,0.0,1.0,0.0,0.0,0.0,0.0,1
3.290871126114249,0.3764044978759011,0.06860409718913768,4722.75,18.0,262.375,0.05555555555555555,0.003811338732729871,18.0,0.0,262.375,0.0,0.0,262.375,0.0,524.75,262.375,36.0,18.0,0.007622677465459742,36.0,9.0,0.007622677465459742,4.0,524.75,3.0,0.0,1.0,18.0,3.0,9.0,0.0,3.0,0.0,-1.0,0.0,1.0,2.0,2.0,4.0,1.0,1.0,0.0,3.0,1.0,0.5,2.0,3.0,0.0,3.0,1.0,0.0,2.0,1.0,1.0,-1.0,1.0,0.0,0.0,1.0,2.0,0.0,1.0,1.0,1.0,0.5,2.0,1.0,0.0,2.0,0.0,2.0,0.0,1.0,2.0,0.0,0.0,2.0,0.0,2.0,2.0,0.0,1.0,0.0,1.0,0.0,0.0,0.0,0.0,1
1.9072295917967959,0.3764044943820224,1.0,676.0,52.0,52.0,0.07692307692307693,0.07692307692307693,26.0,26.0,26.0,26.0,0.0,26.0,0.0,26.0,0.0,26.0,26.0,0.038461538461538464,26.0,26.0,0.038461538461538464,2.0,26.0,1.0,0.0,2.0,0.0,1.0,26.0,2.0,2.0,2.0,1.0,0.0,1.0,1.0,1.0,1.0,1.0,2.0,1.0,3.0,0.0,2.0,1.0,3.0,1.0,2.0,0.0,0.0,2.0,1.0,2.0,1.0,1.0,1.0,0.0,1.0,1.0,0.0,0.0,2.0,0.0,2.0,3.0,1.0,0.0,0.0,1.0,1.0,0.0,0.0,2.0,0.0,1.0,1.0,0.0,1.0,0.0,0.0,1.0,0.0,0.0,0.0,0.0,0.0,0.0,0
2.901945332679601,0.3884992987377279,3.5461891131994223,221.0824,84.0,23.6874,0.10714285714285714,0.379948833557081,28.0,7.8958,7.8958,28.0,28.0,0.0,7.8958,0.0,0.0,0.0,0.0,0.0,0.0,0.0,0.0,0.0,0.0,0.0,0.0,3.0,0.0,0.0,0.0,3.0,0.0,3.0,3.0,0.0,0.0,0.0,0.0,0.0,0.0,3.0,3.0,3.0,0.0,0.0,0.0,3.0,0.0,0.0,0.0,0.0,3.0,0.0,1.0,3.0,0.0,0.0,0.0,0.0,0.0,3.0,0.0,0.0,-1.0,0.0,3.0,0.0,0.0,0.0,1.0,0.0,0.0,0.0,0.0,1.0,0.0,0.0,0.0,0.0,0.0,0.0,1.0,0.0,0.0,0.0,0.0,0.0,0.0,0
2.213676285464336,0.3856942530911989,1.638095238095238,1128.75,86.0,52.5,0.046511627906976744,0.0761904761904762,43.0,26.25,26.25,43.0,43.0,0.0,26.25,26.25,0.0,43.0,0.0,0.0380952380952381,43.0,43.0,0.0380952380952381,2.0,26.25,1.0,0.0,2.0,0.0,1.0,43.0,2.0,1.0,2.0,1.0,0.0,1.0,1.0,0.0,1.0,1.0,2.0,2.0,3.0,1.0,2.0,1.0,3.0,1.0,1.0,1.0,0.0,2.0,0.0,1.0,1.0,1.0,1.0,0.0,0.0,1.0,2.0,0.0,0.0,-1.0,2.0,2.0,0.0,1.0,0.0,1.0,1.0,0.0,0.0,2.0,1.0,0.0,0.0,1.0,0.0,0.0,0.0,1.0,0.0,0.0,0.0,0.0,0.0,0.0,0
2.8490404677494467,0.3884992987377279,3.310330778437015,204.20919999999998,78.0,23.5626,0.11538461538461539,0.3819612436658094,26.0,7.8542,7.8542,26.0,0.0,7.8542,0.0,0.0,0.0,0.0,26.0,0.0,0.0,0.0,0.0,0.0,0.0,0.0,0.0,3.0,0.0,0.0,0.0,3.0,1.0,3.0,3.0,0.0,0.0,0.0,1.0,0.0,0.0,3.0,2.0,3.0,-1.0,0.0,0.0,3.0,0.0,1.0,-1.0,0.0,3.0,1.0,2.0,3.0,0.0,0.0,0.0,1.0,0.0,0.0,0.0,3.0,0.0,0.0,4.0,1.0,0.0,0.0,1.0,0.0,0.0,0.0,0.0,0.0,1.0,0.0,0.0,0.0,0.0,0.0,1.0,0.0,0.0,0.0,0.0,0.0,0.0,1
1.9140766871229704,0.3856942474884025,0.9230769230769231,624.0,48.0,52.0,0.08333333333333333,0.07692307692307693,24.0,26.0,26.0,24.0,0.0,26.0,0.0,26.0,0.0,24.0,24.0,0.038461538461538464,0.0,24.0,0.0,1.0,0.0,1.0,0.0,2.0,0.0,0.0,0.0,2.0,2.0,2.0,1.0,0.0,0.0,0.0,1.0,0.0,1.0,2.0,1.0,3.0,-1.0,2.0,0.0,2.0,1.0,1.0,0.0,1.0,2.0,1.0,2.0,2.0,0.0,0.0,0.0,1.0,0.0,0.0,0.0,2.0,0.0,0.0,3.0,1.0,0.0,0.0,1.0,1.0,0.0,0.0,0.0,0.0,1.0,0.0,0.0,1.0,0.0,0.0,1.0,0.0,0.0,0.0,0.0,0.0,0.0,1
2.98674061505431,0.3870967741935484,3.857142857142857,756.0,108.0,28.0,0.037037037037037035,0.14285714285714285,54.0,14.0,14.0,54.0,54.0,0.0,14.0,0.0,0.0,0.0,0.0,0.0,0.0,0.0,0.0,0.0,0.0,0.0,0.0,2.0,0.0,0.0,0.0,2.0,0.0,2.0,2.0,0.0,0.0,0.0,0.0,0.0,0.0,2.0,2.0,2.0,0.0,0.0,0.0,2.0,0.0,0.0,0.0,0.0,2.0,0.0,1.0,2.0,0.0,0.0,0.0,0.0,0.0,2.0,0.0,0.0,-1.0,0.0,2.0,0.0,0.0,0.0,1.0,0.0,0.0,0.0,0.0,1.0,0.0,0.0,0.0,0.0,0.0,0.0,1.0,0.0,0.0,0.0,0.0,0.0,0.0,0
3.1314283806959122,0.3814866794822344,0.18803069388785,5110.867700000001,31.0,164.8667,0.03225806451612903,0.006065506254446774,31.0,164.8667,164.8667,31.0,0.0,164.8667,0.0,0.0,0.0,0.0,31.0,0.0,62.0,0.0,0.012131012508893547,2.0,329.7334,0.0,0.0,1.0,0.0,2.0,15.5,1.0,1.0,1.0,1.0,0.0,2.0,2.0,1.0,0.0,0.0,1.0,0.0,1.0,1.0,0.0,2.0,3.0,0.0,3.0,-1.0,-2.0,1.0,1.0,2.0,-1.0,0.0,2.0,0.0,1.0,2.0,0.0,0.0,1.0,0.0,0.5,2.0,1.0,0.0,0.0,1.0,0.0,0.0,0.0,2.0,0.0,1.0,2.0,0.0,0.0,0.0,0.0,1.0,0.0,0.0,0.0,0.0,0.0,0.0,1
2.900002599816567,0.3764044978759011,0.29739776951672864,5380.0,40.0,134.5,0.025,0.007434944237918215,40.0,0.0,134.5,0.0,0.0,134.5,0.0,134.5,134.5,40.0,40.0,0.007434944237918215,40.0,40.0,0.007434944237918215,2.0,134.5,2.0,0.0,1.0,40.0,2.0,40.0,0.0,2.0,0.0,0.0,0.0,0.0,1.0,2.0,1.0,0.0,1.0,0.0,2.0,0.0,1.0,1.0,2.0,0.0,2.0,0.0,0.0,2.0,1.0,1.0,0.0,1.0,0.0,0.0,1.0,1.0,0.0,1.0,1.0,1.0,1.0,2.0,1.0,0.0,1.0,0.0,1.0,0.0,1.0,1.0,0.0,0.0,1.0,0.0,1.0,1.0,0.0,1.0,0.0,1.0,0.0,0.0,0.0,0.0,1
2.7644125870478082,0.3814866760168303,3.0344827586206895,159.5,66.0,21.75,0.13636363636363635,0.41379310344827586,22.0,7.25,7.25,22.0,22.0,0.0,7.25,0.0,0.0,0.0,0.0,0.0,0.0,0.0,0.0,0.0,0.0,0.0,0.0,3.0,0.0,0.0,0.0,3.0,0.0,3.0,3.0,0.0,0.0,0.0,0.0,0.0,0.0,3.0,3.0,3.0,0.0,0.0,0.0,3.0,0.0,0.0,0.0,0.0,3.0,0.0,1.0,3.0,0.0,0.0,0.0,0.0,0.0,3.0,0.0,0.0,-1.0,0.0,3.0,0.0,0.0,0.0,1.0,0.0,0.0,0.0,0.0,1.0,0.0,0.0,0.0,0.0,0.0,0.0,1.0,0.0,0.0,0.0,0.0,0.0,0.0,0
2.8748056346606474,0.3764044943820224,3.4195395020137287,213.1866,81.0,23.6874,0.1111111111111111,0.379948833557081,27.0,7.8958,7.8958,27.0,27.0,0.0,7.8958,0.0,0.0,0.0,0.0,0.0,0.0,0.0,0.0,0.0,0.0,0.0,0.0,3.0,0.0,0.0,0.0,3.0,0.0,3.0,3.0,0.0,0.0,0.0,0.0,0.0,0.0,3.0,3.0,3.0,0.0,0.0,0.0,3.0,0.0,0.0,0.0,0.0,3.0,0.0,1.0,3.0,0.0,0.0,0.0,0.0,0.0,3.0,0.0,0.0,-1.0,0.0,3.0,0.0,0.0,0.0,1.0,0.0,0.0,0.0,0.0,1.0,0.0,0.0,0.0,0.0,0.0,0.0,1.0,0.0,0.0,0.0,0.0,0.0,0.0,0
2.618134175918949,0.3870967741935484,2.4291497975708505,370.5,60.0,24.7,0.06666666666666667,0.16194331983805668,30.0,0.0,12.35,0.0,0.0,12.35,0.0,0.0,0.0,0.0,30.0,0.0,0.0,0.0,0.0,0.0,0.0,0.0,12.35,2.0,0.0,0.0,0.0,2.0,1.0,0.0,2.0,30.0,0.0,-1.0,1.0,0.0,0.0,1.0,1.0,2.0,-1.0,0.0,1.0,2.0,0.0,1.0,-1.0,0.0,2.0,2.0,1.0,2.0,0.0,0.0,0.0,1.0,0.0,0.0,0.0,2.0,1.0,0.0,3.0,0.0,0.0,0.0,0.0,0.0,1.0,0.0,0.0,0.0,1.0,0.0,0.0,0.0,0.0,0.0,1.0,1.0,0.0,0.0,0.0,0.0,0.0,1
2.012573294195365,0.3764044943820224,0.7586206896551724,638.0,44.0,58.0,0.09090909090909091,0.06896551724137931,22.0,29.0,29.0,22.0,0.0,29.0,0.0,29.0,0.0,22.0,22.0,0.034482758620689655,22.0,22.0,0.034482758620689655,2.0,29.0,1.0,0.0,2.0,0.0,1.0,22.0,2.0,2.0,2.0,1.0,0.0,1.0,1.0,1.0,1.0,1.0,2.0,1.0,3.0,0.0,2.0,1.0,3.0,1.0,2.0,0.0,0.0,2.0,1.0,2.0,1.0,1.0,1.0,0.0,1.0,1.0,0.0,0.0,2.0,0.0,2.0,3.0,1.0,0.0,0.0,1.0,1.0,0.0,0.0,2.0,0.0,1.0,1.0,0.0,1.0,0.0,0.0,1.0,0.0,0.0,0.0,0.0,0.0,0.0,1
2.616689303405438,0.3814865593192065,0.402588066139468,1947.3999999999999,84.0,208.64999999999998,0.10714285714285714,0.043134435657800146,28.0,69.55,69.55,28.0,28.0,0.0,69.55,556.4,0.0,224.0,0.0,0.11502516175413371,56.0,3.5,0.02875629043853343,10.0,139.1,8.0,0.0,3.0,0.0,2.0,14.0,3.0,8.0,3.0,-5.0,0.0,2.0,2.0,0.0,16.0,8.0,3.0,3.0,11.0,2.0,0.375,2.0,5.0,8.0,2.0,8.0,6.0,3.0,0.0,1.0,1.0,4.0,2.0,0.0,0.0,2.0,3.0,0.0,0.0,-1.0,1.5,3.0,0.0,2.0,0.0,1.0,8.0,0.0,0.0,6.0,1.0,0.0,0.0,8.0,0.0,0.0,0.0,1.0,0.0,0.0,0.0,0.0,0.0,0.0,0
2.970785331032471,0.3870967776275203,0.2654215447091533,4882.7988,36.0,135.6333,0.027777777777777776,0.0073728206863653695,36.0,0.0,135.6333,0.0,0.0,135.6333,0.0,0.0,135.6333,0.0,36.0,0.0,0.0,0.0,0.0,0.0,0.0,1.0,0.0,1.0,36.0,1.0,0.0,0.0,1.0,0.0,1.0,0.0,-1.0,0.0,2.0,0.0,-1.0,1.0,0.0,1.0,-1.0,0.0,0.0,1.0,0.0,1.0,-1.0,0.0,2.0,1.0,1.0,1.0,0.0,0.0,0.0,1.0,0.0,0.0,1.0,1.0,1.0,0.0,2.0,1.0,0.0,0.0,0.0,0.0,0.0,1.0,0.0,0.0,0.0,0.0,0.0,0.0,0.0,0.0,1.0,0.0,1.0,0.0,0.0,0.0,0.0,1
3.251969406581752,0.3856942496493689,9.779559118236474,380.4875,183.0,18.7125,0.04918032786885246,0.4809619238476954,61.0,6.2375,6.2375,61.0,61.0,0.0,6.2375,0.0,0.0,0.0,0.0,0.0,0.0,0.0,0.0,0.0,0.0,0.0,0.0,3.0,0.0,0.0,0.0,3.0,0.0,3.0,3.0,0.0,0.0,0.0,0.0,0.0,0.0,3.0,3.0,3.0,0.0,0.0,0.0,3.0,0.0,0.0,0.0,0.0,3.0,0.0,1.0,3.0,0.0,0.0,0.0,0.0,0.0,3.0,0.0,0.0,-1.0,0.0,3.0,0.0,0.0,0.0,1.0,0.0,0.0,0.0,0.0,1.0,0.0,0.0,0.0,0.0,0.0,0.0,1.0,0.0,0.0,0.0,0.0,0.0,0.0,0
2.74395716120948,0.3764044943820224,2.769230769230769,468.0,72.0,26.0,0.05555555555555555,0.15384615384615385,36.0,13.0,13.0,36.0,0.0,13.0,0.0,0.0,0.0,0.0,36.0,0.0,0.0,0.0,0.0,0.0,0.0,0.0,0.0,2.0,0.0,0.0,0.0,2.0,1.0,2.0,2.0,0.0,0.0,0.0,1.0,0.0,0.0,2.0,1.0,2.0,-1.0,0.0,0.0,2.0,0.0,1.0,-1.0,0.0,2.0,1.0,2.0,2.0,0.0,0.0,0.0,1.0,0.0,0.0,0.0,2.0,0.0,0.0,3.0,1.0,0.0,0.0,1.0,0.0,0.0,0.0,0.0,0.0,1.0,0.0,0.0,0.0,0.0,0.0,1.0,0.0,0.0,0.0,0.0,0.0,0.0,1
2.115900004261434,0.3856942513902431,1.510353227771011,636.275,93.0,61.574999999999996,0.0967741935483871,0.146163215590743,31.0,20.525,20.525,31.0,0.0,20.525,0.0,20.525,0.0,31.0,31.0,0.048721071863581,31.0,31.0,0.048721071863581,2.0,20.525,1.0,0.0,3.0,0.0,1.0,31.0,3.0,2.0,3.0,2.0,0.0,1.0,1.0,1.0,1.0,1.0,3.0,2.0,4.0,0.0,3.0,1.0,4.0,1.0,2.0,0.0,0.0,3.0,1.0,2.0,2.0,1.0,1.0,0.0,1.0,1.0,0.0,0.0,3.0,0.0,3.0,4.0,1.0,0.0,0.0,1.0,1.0,0.0,0.0,3.0,0.0,1.0,1.0,0.0,1.0,0.0,0.0,1.0,0.0,0.0,0.0,0.0,0.0,0.0,1
2.953072833518025,0.3814866794822344,0.27596103430195656,927.6672,16.0,57.9792,0.0625,0.017247564643872285,16.0,0.0,57.9792,0.0,0.0,57.9792,0.0,0.0,57.9792,0.0,16.0,0.0,16.0,0.0,0.017247564643872285,1.0,57.9792,1.0,0.0,1.0,16.0,2.0,16.0,0.0,1.0,0.0,1.0,0.0,0.0,1.0,2.0,0.0,-1.0,1.0,0.0,1.0,0.0,0.0,1.0,2.0,0.0,2.0,-1.0,-1.0,2.0,1.0,1.0,0.0,0.0,0.0,0.0,1.0,1.0,0.0,1.0,1.0,1.0,1.0,2.0,1.0,0.0,1.0,0.0,0.0,0.0,1.0,1.0,0.0,0.0,1.0,0.0,0.0,0.0,0.0,1.0,0.0,1.0,0.0,0.0,0.0,0.0,1
1.9331646087659036,0.3884993021638418,1.2043010752688172,651.0,84.0,69.75,0.10714285714285714,0.12903225806451613,28.0,0.0,23.25,0.0,0.0,23.25,0.0,46.5,0.0,56.0,28.0,0.08602150537634409,0.0,14.0,0.0,2.0,0.0,2.0,23.25,3.0,0.0,0.0,0.0,3.0,3.0,0.0,1.0,28.0,0.0,-1.0,1.0,0.0,2.0,2.0,2.0,5.0,-1.0,1.5,1.0,3.0,0.0,1.0,1.0,2.0,3.0,2.0,1.0,3.0,0.0,0.0,0.0,1.0,0.0,0.0,0.0,3.0,1.0,0.0,4.0,0.0,0.0,0.0,0.0,2.0,1.0,0.0,0.0,0.0,1.0,0.0,0.0,2.0,0.0,2.0,1.0,1.0,0.0,0.0,0.0,0.0,0.0,1
2.187175425184711,0.3856942496493689,1.5964912280701755,1296.75,45.5,28.5,0.02197802197802198,0.03508771929824561,45.5,28.5,28.5,45.5,45.5,0.0,28.5,0.0,0.0,0.0,0.0,0.0,0.0,0.0,0.0,0.0,0.0,0.0,0.0,1.0,0.0,0.0,0.0,1.0,0.0,1.0,1.0,0.0,0.0,0.0,0.0,0.0,0.0,1.0,1.0,1.0,0.0,0.0,0.0,1.0,0.0,0.0,0.0,0.0,1.0,0.0,1.0,1.0,0.0,0.0,0.0,0.0,0.0,1.0,0.0,0.0,-1.0,0.0,1.0,0.0,0.0,0.0,1.0,0.0,0.0,0.0,0.0,1.0,0.0,0.0,0.0,0.0,0.0,0.0,1.0,0.0,0.0,0.0,0.0,0.0,0.0,0
3.0109273318719416,0.3856942590052328,0.2476174961309766,5831.575,38.0,153.4625,0.02631578947368421,0.006516249898183595,38.0,153.4625,153.4625,38.0,38.0,0.0,153.4625,0.0,0.0,0.0,0.0,0.0,38.0,0.0,0.006516249898183595,1.0,153.4625,0.0,0.0,1.0,0.0,1.0,38.0,1.0,0.0,1.0,1.0,0.0,1.0,1.0,0.0,0.0,0.0,1.0,1.0,1.0,1.0,0.0,1.0,2.0,0.0,1.0,0.0,-1.0,1.0,0.0,1.0,0.0,0.0,1.0,0.0,0.0,1.0,1.0,0.0,0.0,-1.0,1.0,1.0,0.0,1.0,0.0,1.0,0.0,0.0,0.0,1.0,1.0,0.0,0.0,0.0,0.0,0.0,0.0,1.0,0.0,0.0,0.0,0.0,0.0,0.0,0
1.8540941127347754,0.3764044922731047,0.8888888888888888,288.0,48.0,54.0,0.1875,0.16666666666666666,16.0,18.0,18.0,16.0,16.0,0.0,18.0,36.0,0.0,32.0,0.0,0.1111111111111111,0.0,8.0,0.0,2.0,0.0,2.0,0.0,3.0,0.0,0.0,0.0,3.0,2.0,3.0,1.0,0.0,0.0,0.0,0.0,0.0,2.0,3.0,3.0,5.0,0.0,1.5,0.0,3.0,2.0,0.0,2.0,2.0,3.0,0.0,1.0,3.0,0.0,0.0,0.0,0.0,0.0,3.0,0.0,0.0,-1.0,0.0,3.0,0.0,0.0,0.0,1.0,2.0,0.0,0.0,0.0,1.0,0.0,0.0,2.0,0.0,0.0,0.0,1.0,0.0,0.0,0.0,0.0,0.0,0.0,0
3.0907500876377916,0.3856942496493689,0.20950243172465394,3742.2000000000003,28.0,133.65,0.03571428571428571,0.0074822297044519264,28.0,133.65,133.65,28.0,0.0,133.65,0.0,133.65,0.0,28.0,28.0,0.0074822297044519264,0.0,28.0,0.0,1.0,0.0,1.0,0.0,1.0,0.0,0.0,0.0,1.0,2.0,1.0,0.0,0.0,0.0,0.0,1.0,0.0,1.0,1.0,0.0,2.0,-1.0,1.0,0.0,1.0,1.0,1.0,0.0,1.0,1.0,1.0,2.0,1.0,0.0,0.0,0.0,1.0,0.0,0.0,0.0,1.0,0.0,0.0,2.0,1.0,0.0,0.0,1.0,1.0,0.0,0.0,0.0,0.0,1.0,0.0,0.0,1.0,0.0,0.0,1.0,0.0,0.0,0.0,0.0,0.0,0.0,1
2.901882041538662,0.3814866760168303,3.5461891131994223,221.0824,84.0,23.6874,0.10714285714285714,0.379948833557081,28.0,7.8958,7.8958,28.0,28.0,0.0,7.8958,0.0,0.0,0.0,0.0,0.0,0.0,0.0,0.0,0.0,0.0,0.0,0.0,3.0,0.0,0.0,0.0,3.0,0.0,3.0,3.0,0.0,0.0,0.0,0.0,0.0,0.0,3.0,3.0,3.0,0.0,0.0,0.0,3.0,0.0,0.0,0.0,0.0,3.0,0.0,1.0,3.0,0.0,0.0,0.0,0.0,0.0,3.0,0.0,0.0,-1.0,0.0,3.0,0.0,0.0,0.0,1.0,0.0,0.0,0.0,0.0,1.0,0.0,0.0,0.0,0.0,0.0,0.0,1.0,0.0,0.0,0.0,0.0,0.0,0.0,0
2.571466710139351,0.3814866794822344,0.43543543543543545,1931.3999999999999,29.0,66.6,0.034482758620689655,0.015015015015015017,29.0,66.6,66.6,29.0,29.0,0.0,66.6,66.6,0.0,29.0,0.0,0.015015015015015017,0.0,29.0,0.0,1.0,0.0,1.0,0.0,1.0,0.0,0.0,0.0,1.0,1.0,1.0,0.0,0.0,0.0,0.0,0.0,0.0,1.0,1.0,1.0,2.0,0.0,1.0,0.0,1.0,1.0,0.0,1.0,1.0,1.0,0.0,1.0,1.0,0.0,0.0,0.0,0.0,0.0,1.0,0.0,0.0,-1.0,0.0,1.0,0.0,0.0,0.0,1.0,1.0,0.0,0.0,0.0,1.0,0.0,0.0,1.0,0.0,0.0,0.0,1.0,0.0,0.0,0.0,0.0,0.0,0.0,0
2.879821434619374,0.3884993021638418,0.3048327137546468,5514.5,41.0,134.5,0.024390243902439025,0.007434944237918215,41.0,0.0,134.5,0.0,0.0,134.5,0.0,0.0,134.5,0.0,41.0,0.0,0.0,0.0,0.0,0.0,0.0,1.0,0.0,1.0,41.0,1.0,0.0,0.0,1.0,0.0,1.0,0.0,-1.0,0.0,2.0,0.0,-1.0,1.0,0.0,1.0,-1.0,0.0,0.0,1.0,0.0,1.0,-1.0,0.0,2.0,1.0,1.0,1.0,0.0,0.0,0.0,1.0,0.0,0.0,1.0,1.0,1.0,0.0,2.0,1.0,0.0,0.0,0.0,0.0,0.0,1.0,0.0,0.0,0.0,0.0,0.0,0.0,0.0,0.0,1.0,0.0,1.0,0.0,0.0,0.0,0.0,1
3.136800206116131,0.3764044943820224,5.590062111801242,362.25000000000006,135.0,24.150000000000002,0.06666666666666667,0.37267080745341613,45.0,8.05,8.05,45.0,45.0,0.0,8.05,0.0,0.0,0.0,0.0,0.0,0.0,0.0,0.0,0.0,0.0,0.0,0.0,3.0,0.0,0.0,0.0,3.0,0.0,3.0,3.0,0.0,0.0,0.0,0.0,0.0,0.0,3.0,3.0,3.0,0.0,0.0,0.0,3.0,0.0,0.0,0.0,0.0,3.0,0.0,1.0,3.0,0.0,0.0,0.0,0.0,0.0,3.0,0.0,0.0,-1.0,0.0,3.0,0.0,0.0,0.0,1.0,0.0,0.0,0.0,0.0,1.0,0.0,0.0,0.0,0.0,0.0,0.0,1.0,0.0,0.0,0.0,0.0,0.0,0.0,1
1.995848351010998,0.3884992987377279,1.267605633802817,1597.5,45.0,35.5,0.022222222222222223,0.028169014084507043,45.0,35.5,35.5,45.0,45.0,0.0,35.5,0.0,0.0,0.0,0.0,0.0,0.0,0.0,0.0,0.0,0.0,0.0,0.0,1.0,0.0,0.0,0.0,1.0,0.0,1.0,1.0,0.0,0.0,0.0,0.0,0.0,0.0,1.0,1.0,1.0,0.0,0.0,0.0,1.0,0.0,0.0,0.0,0.0,1.0,0.0,1.0,1.0,0.0,0.0,0.0,0.0,0.0,1.0,0.0,0.0,-1.0,0.0,1.0,0.0,0.0,0.0,1.0,0.0,0.0,0.0,0.0,1.0,0.0,0.0,0.0,0.0,0.0,0.0,1.0,0.0,0.0,0.0,0.0,0.0,0.0,0
3.2635025302197067,0.3814866778217858,0.07692307692307693,52.0,4.0,52.0,1.0,0.07692307692307693,2.0,26.0,26.0,2.0,2.0,0.0,26.0,26.0,0.0,2.0,0.0,0.038461538461538464,2.0,2.0,0.038461538461538464,2.0,26.0,1.0,0.0,2.0,0.0,1.0,2.0,2.0,1.0,2.0,1.0,0.0,1.0,1.0,0.0,1.0,1.0,2.0,2.0,3.0,1.0,2.0,1.0,3.0,1.0,1.0,1.0,0.0,2.0,0.0,1.0,1.0,1.0,1.0,0.0,0.0,1.0,2.0,0.0,0.0,-1.0,2.0,2.0,0.0,1.0,0.0,1.0,1.0,0.0,0.0,2.0,1.0,0.0,0.0,1.0,0.0,0.0,0.0,1.0,0.0,0.0,0.0,0.0,0.0,0.0,1
3.2710245079043716,0.381486670206796,0.09125475285171103,6312.0,24.0,263.0,0.041666666666666664,0.0038022813688212928,24.0,263.0,263.0,24.0,0.0,263.0,0.0,789.0,0.0,72.0,24.0,0.011406844106463879,48.0,8.0,0.0076045627376425855,5.0,526.0,3.0,0.0,1.0,0.0,2.0,12.0,1.0,4.0,1.0,-2.0,0.0,2.0,2.0,1.0,6.0,3.0,1.0,0.0,4.0,1.0,0.3333333333333333,2.0,3.0,3.0,3.0,2.0,1.0,1.0,1.0,2.0,-1.0,1.5,2.0,0.0,1.0,2.0,0.0,0.0,1.0,0.0,0.5,2.0,1.0,0.0,0.0,1.0,3.0,0.0,0.0,2.0,0.0,1.0,2.0,0.0,3.0,0.0,0.0,1.0,0.0,0.0,0.0,0.0,0.0,0.0,1
2.4928451031006826,0.3764044943820224,2.1538461538461537,364.0,56.0,26.0,0.07142857142857142,0.15384615384615385,28.0,13.0,13.0,28.0,28.0,0.0,13.0,0.0,0.0,0.0,0.0,0.0,0.0,0.0,0.0,0.0,0.0,0.0,0.0,2.0,0.0,0.0,0.0,2.0,0.0,2.0,2.0,0.0,0.0,0.0,0.0,0.0,0.0,2.0,2.0,2.0,0.0,0.0,0.0,2.0,0.0,0.0,0.0,0.0,2.0,0.0,1.0,2.0,0.0,0.0,0.0,0.0,0.0,2.0,0.0,0.0,-1.0,0.0,2.0,0.0,0.0,0.0,1.0,0.0,0.0,0.0,0.0,1.0,0.0,0.0,0.0,0.0,0.0,0.0,1.0,0.0,0.0,0.0,0.0,0.0,0.0,0
2.366842106291415,0.3884992987377279,1.9230769230769231,325.0,50.0,26.0,0.08,0.15384615384615385,25.0,13.0,13.0,25.0,25.0,0.0,13.0,0.0,0.0,0.0,0.0,0.0,0.0,0.0,0.0,0.0,0.0,0.0,0.0,2.0,0.0,0.0,0.0,2.0,0.0,2.0,2.0,0.0,0.0,0.0,0.0,0.0,0.0,2.0,2.0,2.0,0.0,0.0,0.0,2.0,0.0,0.0,0.0,0.0,2.0,0.0,1.0,2.0,0.0,0.0,0.0,0.0,0.0,2.0,0.0,0.0,-1.0,0.0,2.0,0.0,0.0,0.0,1.0,0.0,0.0,0.0,0.0,1.0,0.0,0.0,0.0,0.0,0.0,0.0,1.0,0.0,0.0,0.0,0.0,0.0,0.0,0
2.74395716120948,0.3764044943820224,2.769230769230769,468.0,72.0,26.0,0.05555555555555555,0.15384615384615385,36.0,13.0,13.0,36.0,36.0,0.0,13.0,0.0,0.0,0.0,0.0,0.0,0.0,0.0,0.0,0.0,0.0,0.0,0.0,2.0,0.0,0.0,0.0,2.0,0.0,2.0,2.0,0.0,0.0,0.0,0.0,0.0,0.0,2.0,2.0,2.0,0.0,0.0,0.0,2.0,0.0,0.0,0.0,0.0,2.0,0.0,1.0,2.0,0.0,0.0,0.0,0.0,0.0,2.0,0.0,0.0,-1.0,0.0,2.0,0.0,0.0,0.0,1.0,0.0,0.0,0.0,0.0,1.0,0.0,0.0,0.0,0.0,0.0,0.0,1.0,0.0,0.0,0.0,0.0,0.0,0.0,0
2.3207770350324566,0.3884992987377279,1.8461538461538463,312.0,48.0,26.0,0.08333333333333333,0.15384615384615385,24.0,13.0,13.0,24.0,0.0,13.0,0.0,0.0,0.0,0.0,24.0,0.0,0.0,0.0,0.0,0.0,0.0,0.0,0.0,2.0,0.0,0.0,0.0,2.0,1.0,2.0,2.0,0.0,0.0,0.0,1.0,0.0,0.0,2.0,1.0,2.0,-1.0,0.0,0.0,2.0,0.0,1.0,-1.0,0.0,2.0,1.0,2.0,2.0,0.0,0.0,0.0,1.0,0.0,0.0,0.0,2.0,0.0,0.0,3.0,1.0,0.0,0.0,1.0,0.0,0.0,0.0,0.0,0.0,1.0,0.0,0.0,0.0,0.0,0.0,1.0,0.0,0.0,0.0,0.0,0.0,0.0,1
2.8325325421463723,0.3856942496493689,3.076923076923077,520.0,80.0,26.0,0.05,0.15384615384615385,40.0,13.0,13.0,40.0,0.0,13.0,0.0,0.0,0.0,0.0,40.0,0.0,0.0,0.0,0.0,0.0,0.0,0.0,0.0,2.0,0.0,0.0,0.0,2.0,1.0,2.0,2.0,0.0,0.0,0.0,1.0,0.0,0.0,2.0,1.0,2.0,-1.0,0.0,0.0,2.0,0.0,1.0,-1.0,0.0,2.0,1.0,2.0,2.0,0.0,0.0,0.0,1.0,0.0,0.0,0.0,2.0,0.0,0.0,3.0,1.0,0.0,0.0,1.0,0.0,0.0,0.0,0.0,0.0,1.0,0.0,0.0,0.0,0.0,0.0,1.0,0.0,0.0,0.0,0.0,0.0,0.0,1
2.2484285404041953,0.3870967741935484,1.7391304347826086,450.80000000000007,84.0,48.300000000000004,0.10714285714285714,0.18633540372670807,28.0,16.1,16.1,28.0,0.0,16.1,0.0,16.1,0.0,28.0,28.0,0.06211180124223602,0.0,28.0,0.0,1.0,0.0,1.0,0.0,3.0,0.0,0.0,0.0,3.0,2.0,3.0,2.0,0.0,0.0,0.0,1.0,0.0,1.0,3.0,2.0,4.0,-1.0,3.0,0.0,3.0,1.0,1.0,0.0,1.0,3.0,1.0,2.0,3.0,0.0,0.0,0.0,1.0,0.0,0.0,0.0,3.0,0.0,0.0,4.0,1.0,0.0,0.0,1.0,1.0,0.0,0.0,0.0,0.0,1.0,0.0,0.0,1.0,0.0,0.0,1.0,0.0,0.0,0.0,0.0,0.0,0.0,1
3.0105286340204493,0.3870967776275203,0.18867924528301885,47.7,9.0,47.7,1.0,0.18867924528301885,3.0,15.9,15.9,3.0,3.0,0.0,15.9,15.9,0.0,3.0,0.0,0.06289308176100629,3.0,3.0,0.06289308176100629,2.0,15.9,1.0,0.0,3.0,0.0,1.0,3.0,3.0,1.0,3.0,2.0,0.0,1.0,1.0,0.0,1.0,1.0,3.0,3.0,4.0,1.0,3.0,1.0,4.0,1.0,1.0,1.0,0.0,3.0,0.0,1.0,2.0,1.0,1.0,0.0,0.0,1.0,3.0,0.0,0.0,-1.0,3.0,3.0,0.0,1.0,0.0,1.0,1.0,0.0,0.0,3.0,1.0,0.0,0.0,1.0,0.0,0.0,0.0,1.0,0.0,0.0,0.0,0.0,0.0,0.0,1
3.084805606401426,0.3814866760168303,4.848484848484849,363.825,126.0,25.987499999999997,0.07142857142857142,0.34632034632034636,42.0,8.6625,8.6625,42.0,42.0,0.0,8.6625,0.0,0.0,0.0,0.0,0.0,0.0,0.0,0.0,0.0,0.0,0.0,0.0,3.0,0.0,0.0,0.0,3.0,0.0,3.0,3.0,0.0,0.0,0.0,0.0,0.0,0.0,3.0,3.0,3.0,0.0,0.0,0.0,3.0,0.0,0.0,0.0,0.0,3.0,0.0,1.0,3.0,0.0,0.0,0.0,0.0,0.0,3.0,0.0,0.0,-1.0,0.0,3.0,0.0,0.0,0.0,1.0,0.0,0.0,0.0,0.0,1.0,0.0,0.0,0.0,0.0,0.0,0.0,1.0,0.0,0.0,0.0,0.0,0.0,0.0,0
2.6003878317975944,0.3764044943820224,2.4932249322493227,212.17499999999998,69.0,27.674999999999997,0.13043478260869565,0.3252032520325203,23.0,9.225,9.225,23.0,23.0,0.0,9.225,0.0,0.0,0.0,0.0,0.0,0.0,0.0,0.0,0.0,0.0,0.0,0.0,3.0,0.0,0.0,0.0,3.0,0.0,3.0,3.0,0.0,0.0,0.0,0.0,0.0,0.0,3.0,3.0,3.0,0.0,0.0,0.0,3.0,0.0,0.0,0.0,0.0,3.0,0.0,1.0,3.0,0.0,0.0,0.0,0.0,0.0,3.0,0.0,0.0,-1.0,0.0,3.0,0.0,0.0,0.0,1.0,0.0,0.0,0.0,0.0,1.0,0.0,0.0,0.0,0.0,0.0,0.0,1.0,0.0,0.0,0.0,0.0,0.0,0.0,0
1.9856578117727293,0.3856942496493689,0.8,980.0,28.0,35.0,0.03571428571428571,0.02857142857142857,28.0,35.0,35.0,28.0,28.0,0.0,35.0,0.0,0.0,0.0,0.0,0.0,0.0,0.0,0.0,0.0,0.0,0.0,0.0,1.0,0.0,0.0,0.0,1.0,0.0,1.0,1.0,0.0,0.0,0.0,0.0,0.0,0.0,1.0,1.0,1.0,0.0,0.0,0.0,1.0,0.0,0.0,0.0,0.0,1.0,0.0,1.0,1.0,0.0,0.0,0.0,0.0,0.0,1.0,0.0,0.0,-1.0,0.0,1.0,0.0,0.0,0.0,1.0,0.0,0.0,0.0,0.0,1.0,0.0,0.0,0.0,0.0,0.0,0.0,1.0,0.0,0.0,0.0,0.0,0.0,0.0,0
2.360487392710752,0.3856942496493689,2.074918386543463,108.43799999999999,45.0,21.6876,0.2,0.41498367730869257,15.0,0.0,7.2292,0.0,15.0,0.0,7.2292,7.2292,7.2292,15.0,0.0,0.13832789243623084,15.0,15.0,0.13832789243623084,2.0,7.2292,2.0,0.0,3.0,15.0,2.0,15.0,2.0,1.0,0.0,2.0,0.0,0.0,1.0,1.0,1.0,0.0,3.0,3.0,4.0,1.0,3.0,1.0,4.0,0.0,1.0,1.0,0.0,4.0,0.0,0.0,2.0,1.0,0.0,0.0,0.0,1.0,3.0,3.0,0.0,0.0,3.0,3.0,0.0,1.0,1.0,0.0,1.0,0.0,1.0,3.0,0.0,-1.0,0.0,1.0,0.0,1.0,0.0,1.0,0.0,0.0,0.0,0.0,0.0,1.0,0
2.0336208580327986,0.3814866738794381,1.4044943820224718,445.0,75.0,53.400000000000006,0.12,0.16853932584269662,25.0,17.8,17.8,25.0,25.0,0.0,17.8,17.8,0.0,25.0,0.0,0.056179775280898875,0.0,25.0,0.0,1.0,0.0,1.0,0.0,3.0,0.0,0.0,0.0,3.0,1.0,3.0,2.0,0.0,0.0,0.0,0.0,0.0,1.0,3.0,3.0,4.0,0.0,3.0,0.0,3.0,1.0,0.0,1.0,1.0,3.0,0.0,1.0,3.0,0.0,0.0,0.0,0.0,0.0,3.0,0.0,0.0,-1.0,0.0,3.0,0.0,0.0,0.0,1.0,1.0,0.0,0.0,0.0,1.0,0.0,0.0,1.0,0.0,0.0,0.0,1.0,0.0,0.0,0.0,0.0,0.0,0.0,0
2.9547161591336573,0.3814866760168303,3.8754325259515574,202.29999999999998,84.0,21.674999999999997,0.10714285714285714,0.4152249134948097,28.0,0.0,7.225,0.0,28.0,0.0,7.225,0.0,7.225,0.0,0.0,0.0,0.0,0.0,0.0,0.0,0.0,1.0,0.0,3.0,28.0,1.0,0.0,2.0,0.0,0.0,3.0,0.0,-1.0,0.0,1.0,0.0,-1.0,3.0,3.0,3.0,0.0,0.0,0.0,3.0,0.0,0.0,0.0,0.0,4.0,0.0,0.0,3.0,0.0,0.0,0.0,0.0,0.0,3.0,3.0,0.0,0.0,0.0,3.0,0.0,0.0,0.0,0.0,0.0,0.0,1.0,0.0,0.0,-1.0,0.0,0.0,0.0,0.0,0.0,1.0,0.0,0.0,0.0,0.0,0.0,1.0,0
2.768431177539799,0.3856942496493689,2.9473684210526314,266.0,84.0,28.5,0.10714285714285714,0.3157894736842105,28.0,9.5,9.5,28.0,28.0,0.0,9.5,0.0,0.0,0.0,0.0,0.0,0.0,0.0,0.0,0.0,0.0,0.0,0.0,3.0,0.0,0.0,0.0,3.0,0.0,3.0,3.0,0.0,0.0,0.0,0.0,0.0,0.0,3.0,3.0,3.0,0.0,0.0,0.0,3.0,0.0,0.0,0.0,0.0,3.0,0.0,1.0,3.0,0.0,0.0,0.0,0.0,0.0,3.0,0.0,0.0,-1.0,0.0,3.0,0.0,0.0,0.0,1.0,0.0,0.0,0.0,0.0,1.0,0.0,0.0,0.0,0.0,0.0,0.0,1.0,0.0,0.0,0.0,0.0,0.0,0.0,0
2.6567072929109203,0.3814866794822344,0.4,1210.0,22.0,55.0,0.045454545454545456,0.01818181818181818,22.0,55.0,55.0,22.0,0.0,55.0,0.0,0.0,0.0,0.0,22.0,0.0,22.0,0.0,0.01818181818181818,1.0,55.0,0.0,0.0,1.0,0.0,1.0,22.0,1.0,1.0,1.0,1.0,0.0,1.0,1.0,1.0,0.0,0.0,1.0,0.0,1.0,0.0,0.0,1.0,2.0,0.0,2.0,-1.0,-1.0,1.0,1.0,2.0,0.0,0.0,1.0,0.0,1.0,1.0,0.0,0.0,1.0,0.0,1.0,2.0,1.0,0.0,0.0,1.0,0.0,0.0,0.0,1.0,0.0,1.0,1.0,0.0,0.0,0.0,0.0,1.0,0.0,0.0,0.0,0.0,0.0,0.0,1
2.7907326286057685,0.3764044943820224,2.923076923076923,494.0,76.0,26.0,0.05263157894736842,0.15384615384615385,38.0,13.0,13.0,38.0,0.0,13.0,0.0,0.0,0.0,0.0,38.0,0.0,0.0,0.0,0.0,0.0,0.0,0.0,0.0,2.0,0.0,0.0,0.0,2.0,1.0,2.0,2.0,0.0,0.0,0.0,1.0,0.0,0.0,2.0,1.0,2.0,-1.0,0.0,0.0,2.0,0.0,1.0,-1.0,0.0,2.0,1.0,2.0,2.0,0.0,0.0,0.0,1.0,0.0,0.0,0.0,2.0,0.0,0.0,3.0,1.0,0.0,0.0,1.0,0.0,0.0,0.0,0.0,0.0,1.0,0.0,0.0,0.0,0.0,0.0,1.0,0.0,0.0,0.0,0.0,0.0,0.0,0
2.9032670428959646,0.3870967741935484,3.5536602700781805,220.6176,84.0,23.6376,0.10714285714285714,0.38074931465123363,28.0,0.0,7.8792,0.0,0.0,7.8792,0.0,0.0,0.0,0.0,28.0,0.0,0.0,0.0,0.0,0.0,0.0,0.0,7.8792,3.0,0.0,0.0,0.0,3.0,1.0,0.0,3.0,28.0,0.0,-1.0,1.0,0.0,0.0,2.0,2.0,3.0,-1.0,0.0,1.0,3.0,0.0,1.0,-1.0,0.0,3.0,2.0,1.0,3.0,0.0,0.0,0.0,1.0,0.0,0.0,0.0,3.0,1.0,0.0,4.0,0.0,0.0,0.0,0.0,0.0,1.0,0.0,0.0,0.0,1.0,0.0,0.0,0.0,0.0,0.0,1.0,1.0,0.0,0.0,0.0,0.0,0.0,1
2.9031700287352176,0.3764044943820224,3.5536602700781805,220.6176,84.0,23.6376,0.10714285714285714,0.38074931465123363,28.0,0.0,7.8792,0.0,0.0,7.8792,0.0,0.0,0.0,0.0,28.0,0.0,0.0,0.0,0.0,0.0,0.0,0.0,7.8792,3.0,0.0,0.0,0.0,3.0,1.0,0.0,3.0,28.0,0.0,-1.0,1.0,0.0,0.0,2.0,2.0,3.0,-1.0,0.0,1.0,3.0,0.0,1.0,-1.0,0.0,3.0,2.0,1.0,3.0,0.0,0.0,0.0,1.0,0.0,0.0,0.0,3.0,1.0,0.0,4.0,0.0,0.0,0.0,0.0,0.0,1.0,0.0,0.0,0.0,1.0,0.0,0.0,0.0,0.0,0.0,1.0,1.0,0.0,0.0,0.0,0.0,0.0,1
2.058507497338279,0.3764044787991114,1.4336917562724014,1116.0,120.0,83.69999999999999,0.075,0.10752688172043011,40.0,27.9,27.9,40.0,40.0,0.0,27.9,27.9,0.0,40.0,0.0,0.03584229390681004,160.0,40.0,0.14336917562724016,5.0,111.6,1.0,0.0,3.0,0.0,4.0,10.0,3.0,1.0,3.0,2.0,0.0,4.0,4.0,0.0,4.0,1.0,3.0,3.0,4.0,4.0,3.0,4.0,7.0,1.0,4.0,1.0,-3.0,3.0,0.0,1.0,-1.0,0.25,4.0,0.0,0.0,4.0,3.0,0.0,0.0,-1.0,0.75,3.0,0.0,4.0,0.0,1.0,1.0,0.0,0.0,12.0,1.0,0.0,0.0,1.0,0.0,0.0,0.0,1.0,0.0,0.0,0.0,0.0,0.0,0.0,0
1.911781568997807,0.3856942496493689,1.046145854376497,803.9032,58.0,55.4416,0.06896551724137931,0.0721479899569998,29.0,0.0,27.7208,0.0,29.0,0.0,27.7208,27.7208,27.7208,29.0,0.0,0.0360739949784999,0.0,29.0,0.0,1.0,0.0,2.0,0.0,2.0,29.0,1.0,0.0,1.0,1.0,0.0,1.0,0.0,-1.0,0.0,1.0,0.0,0.0,2.0,2.0,3.0,0.0,2.0,0.0,2.0,0.0,0.0,1.0,1.0,3.0,0.0,0.0,2.0,0.0,0.0,0.0,0.0,0.0,2.0,2.0,0.0,0.0,0.0,2.0,0.0,0.0,0.0,0.0,1.0,0.0,1.0,0.0,0.0,-1.0,0.0,1.0,0.0,1.0,0.0,1.0,0.0,0.0,0.0,0.0,0.0,1.0,0
2.839834067191106,0.3764044922731047,3.1132819526504405,650.439,135.0,43.3626,0.06666666666666667,0.20755213017669605,45.0,0.0,14.4542,0.0,0.0,14.4542,0.0,0.0,14.4542,0.0,45.0,0.0,45.0,0.0,0.06918404339223201,1.0,14.4542,1.0,0.0,3.0,45.0,2.0,45.0,2.0,1.0,0.0,3.0,0.0,0.0,1.0,2.0,0.0,-1.0,3.0,2.0,3.0,0.0,0.0,1.0,4.0,0.0,2.0,-1.0,-1.0,4.0,1.0,1.0,2.0,0.0,0.0,0.0,1.0,1.0,0.0,3.0,3.0,1.0,3.0,4.0,1.0,0.0,1.0,0.0,0.0,0.0,1.0,3.0,0.0,0.0,1.0,0.0,0.0,0.0,0.0,1.0,0.0,1.0,0.0,0.0,0.0,0.0,0
3.08528150965489,0.3764044943820224,4.964539007092199,246.75,105.0,21.15,0.08571428571428572,0.425531914893617,35.0,7.05,7.05,35.0,35.0,0.0,7.05,0.0,0.0,0.0,0.0,0.0,0.0,0.0,0.0,0.0,0.0,0.0,0.0,3.0,0.0,0.0,0.0,3.0,0.0,3.0,3.0,0.0,0.0,0.0,0.0,0.0,0.0,3.0,3.0,3.0,0.0,0.0,0.0,3.0,0.0,0.0,0.0,0.0,3.0,0.0,1.0,3.0,0.0,0.0,0.0,0.0,0.0,3.0,0.0,0.0,-1.0,0.0,3.0,0.0,0.0,0.0,1.0,0.0,0.0,0.0,0.0,1.0,0.0,0.0,0.0,0.0,0.0,0.0,1.0,0.0,0.0,0.0,0.0,0.0,0.0,0
2.2890963527426993,0.3870967741935484,1.8064516129032258,434.0,84.0,46.5,0.10714285714285714,0.1935483870967742,28.0,0.0,15.5,0.0,28.0,0.0,15.5,15.5,0.0,28.0,0.0,0.06451612903225806,0.0,28.0,0.0,1.0,0.0,1.0,15.5,3.0,0.0,0.0,0.0,3.0,1.0,0.0,2.0,28.0,0.0,-1.0,0.0,0.0,1.0,2.0,3.0,4.0,0.0,3.0,1.0,3.0,0.0,0.0,1.0,1.0,3.0,1.0,0.0,3.0,0.0,0.0,1.0,0.0,0.0,3.0,0.0,0.0,0.0,0.0,3.0,-1.0,0.0,0.0,0.0,1.0,1.0,0.0,0.0,0.0,0.0,0.0,1.0,0.0,0.0,1.0,1.0,0.0,0.0,0.0,0.0,0.0,0.0,0
2.995329242513643,0.3856942496493689,4.137931034482759,217.5,90.0,21.75,0.1,0.41379310344827586,30.0,7.25,7.25,30.0,30.0,0.0,7.25,0.0,0.0,0.0,0.0,0.0,0.0,0.0,0.0,0.0,0.0,0.0,0.0,3.0,0.0,0.0,0.0,3.0,0.0,3.0,3.0,0.0,0.0,0.0,0.0,0.0,0.0,3.0,3.0,3.0,0.0,0.0,0.0,3.0,0.0,0.0,0.0,0.0,3.0,0.0,1.0,3.0,0.0,0.0,0.0,0.0,0.0,3.0,0.0,0.0,-1.0,0.0,3.0,0.0,0.0,0.0,1.0,0.0,0.0,0.0,0.0,1.0,0.0,0.0,0.0,0.0,0.0,0.0,1.0,0.0,0.0,0.0,0.0,0.0,0.0,0
1.9910964014131065,0.3884992987377279,0.7973421926910299,4515.0,60.0,75.25,0.016666666666666666,0.013289036544850499,60.0,0.0,75.25,0.0,0.0,75.25,0.0,75.25,75.25,60.0,60.0,0.013289036544850499,0.0,60.0,0.0,1.0,0.0,2.0,0.0,1.0,60.0,1.0,0.0,0.0,2.0,0.0,0.0,0.0,-1.0,0.0,2.0,0.0,0.0,1.0,0.0,2.0,-1.0,1.0,0.0,1.0,0.0,1.0,0.0,1.0,2.0,1.0,1.0,1.0,0.0,0.0,0.0,1.0,0.0,0.0,1.0,1.0,1.0,0.0,2.0,1.0,0.0,0.0,0.0,1.0,0.0,1.0,0.0,0.0,0.0,0.0,0.0,1.0,1.0,0.0,1.0,0.0,1.0,0.0,0.0,0.0,0.0,1
2.9544308199362614,0.3856942496493689,3.8731809882144637,202.4176,84.0,21.6876,0.10714285714285714,0.41498367730869257,28.0,0.0,7.2292,0.0,0.0,7.2292,0.0,0.0,7.2292,0.0,28.0,0.0,0.0,0.0,0.0,0.0,0.0,1.0,0.0,3.0,28.0,1.0,0.0,2.0,1.0,0.0,3.0,0.0,-1.0,0.0,2.0,0.0,-1.0,3.0,2.0,3.0,-1.0,0.0,0.0,3.0,0.0,1.0,-1.0,0.0,4.0,1.0,1.0,3.0,0.0,0.0,0.0,1.0,0.0,0.0,3.0,3.0,1.0,0.0,4.0,1.0,0.0,0.0,0.0,0.0,0.0,1.0,0.0,0.0,0.0,0.0,0.0,0.0,0.0,0.0,1.0,0.0,1.0,0.0,0.0,0.0,0.0,1
2.9135580743503464,0.3814866760168303,3.6129032258064515,217.0,84.0,23.25,0.10714285714285714,0.3870967741935484,28.0,0.0,7.75,0.0,0.0,7.75,0.0,0.0,0.0,0.0,28.0,0.0,0.0,0.0,0.0,0.0,0.0,0.0,7.75,3.0,0.0,0.0,0.0,3.0,1.0,0.0,3.0,28.0,0.0,-1.0,1.0,0.0,0.0,2.0,2.0,3.0,-1.0,0.0,1.0,3.0,0.0,1.0,-1.0,0.0,3.0,2.0,1.0,3.0,0.0,0.0,0.0,1.0,0.0,0.0,0.0,3.0,1.0,0.0,4.0,0.0,0.0,0.0,0.0,0.0,1.0,0.0,0.0,0.0,1.0,0.0,0.0,0.0,0.0,0.0,1.0,1.0,0.0,0.0,0.0,0.0,0.0,1
2.7830096099788943,0.3814866794822344,0.34632034632034636,1663.1999999999998,24.0,69.3,0.041666666666666664,0.01443001443001443,24.0,0.0,69.3,0.0,0.0,69.3,0.0,0.0,69.3,0.0,24.0,0.0,0.0,0.0,0.0,0.0,0.0,1.0,0.0,1.0,24.0,1.0,0.0,0.0,1.0,0.0,1.0,0.0,-1.0,0.0,2.0,0.0,-1.0,1.0,0.0,1.0,-1.0,0.0,0.0,1.0,0.0,1.0,-1.0,0.0,2.0,1.0,1.0,1.0,0.0,0.0,0.0,1.0,0.0,0.0,1.0,1.0,1.0,0.0,2.0,1.0,0.0,0.0,0.0,0.0,0.0,1.0,0.0,0.0,0.0,0.0,0.0,0.0,0.0,0.0,1.0,0.0,1.0,0.0,0.0,0.0,0.0,1
2.536274039189317,0.3856942496493689,0.4509241238995197,1386.0425,25.0,55.4417,0.04,0.018036964955980787,25.0,0.0,55.4417,0.0,25.0,0.0,55.4417,55.4417,55.4417,25.0,0.0,0.018036964955980787,0.0,25.0,0.0,1.0,0.0,2.0,0.0,1.0,25.0,1.0,0.0,0.0,1.0,0.0,0.0,0.0,-1.0,0.0,1.0,0.0,0.0,1.0,1.0,2.0,0.0,1.0,0.0,1.0,0.0,0.0,1.0,1.0,2.0,0.0,0.0,1.0,0.0,0.0,0.0,0.0,0.0,1.0,1.0,0.0,0.0,0.0,1.0,0.0,0.0,0.0,0.0,1.0,0.0,1.0,0.0,0.0,-1.0,0.0,1.0,0.0,1.0,0.0,1.0,0.0,0.0,0.0,0.0,0.0,1.0,1
2.6666088910749974,0.3814866760168303,2.771021275285569,116.9244,54.0,19.4874,0.16666666666666666,0.46183687921426153,18.0,6.4958,6.4958,18.0,18.0,0.0,6.4958,6.4958,0.0,18.0,0.0,0.15394562640475384,0.0,18.0,0.0,1.0,0.0,1.0,0.0,3.0,0.0,0.0,0.0,3.0,1.0,3.0,2.0,0.0,0.0,0.0,0.0,0.0,1.0,3.0,3.0,4.0,0.0,3.0,0.0,3.0,1.0,0.0,1.0,1.0,3.0,0.0,1.0,3.0,0.0,0.0,0.0,0.0,0.0,3.0,0.0,0.0,-1.0,0.0,3.0,0.0,0.0,0.0,1.0,1.0,0.0,0.0,0.0,1.0,0.0,0.0,1.0,0.0,0.0,0.0,1.0,0.0,0.0,0.0,0.0,0.0,0.0,0
2.5183366780910386,0.3884992987377279,2.3602484472049685,152.95000000000002,57.0,24.150000000000002,0.15789473684210525,0.37267080745341613,19.0,8.05,8.05,19.0,19.0,0.0,8.05,0.0,0.0,0.0,0.0,0.0,0.0,0.0,0.0,0.0,0.0,0.0,0.0,3.0,0.0,0.0,0.0,3.0,0.0,3.0,3.0,0.0,0.0,0.0,0.0,0.0,0.0,3.0,3.0,3.0,0.0,0.0,0.0,3.0,0.0,0.0,0.0,0.0,3.0,0.0,1.0,3.0,0.0,0.0,0.0,0.0,0.0,3.0,0.0,0.0,-1.0,0.0,3.0,0.0,0.0,0.0,1.0,0.0,0.0,0.0,0.0,1.0,0.0,0.0,0.0,0.0,0.0,0.0,1.0,0.0,0.0,0.0,0.0,0.0,0.0,0
3.1755070860871184,0.3870967776275203,0.16220205510003813,2983.9325999999996,22.0,135.6333,0.045454545454545456,0.0073728206863653695,22.0,0.0,135.6333,0.0,22.0,0.0,135.6333,0.0,135.6333,0.0,0.0,0.0,0.0,0.0,0.0,0.0,0.0,1.0,0.0,1.0,22.0,1.0,0.0,0.0,0.0,0.0,1.0,0.0,-1.0,0.0,1.0,0.0,-1.0,1.0,1.0,1.0,0.0,0.0,0.0,1.0,0.0,0.0,0.0,0.0,2.0,0.0,0.0,1.0,0.0,0.0,0.0,0.0,0.0,1.0,1.0,0.0,0.0,0.0,1.0,0.0,0.0,0.0,0.0,0.0,0.0,1.0,0.0,0.0,-1.0,0.0,0.0,0.0,0.0,0.0,1.0,0.0,0.0,0.0,0.0,0.0,1.0,0
3.083203969200738,0.3870967581679836,0.1423487544483986,63.224999999999994,9.0,63.224999999999994,1.0,0.1423487544483986,3.0,21.075,21.075,3.0,0.0,21.075,0.0,63.224999999999994,0.0,9.0,3.0,0.1423487544483986,3.0,1.0,0.04744958481613286,4.0,21.075,3.0,0.0,3.0,0.0,1.0,3.0,3.0,4.0,3.0,0.0,0.0,1.0,1.0,1.0,3.0,3.0,3.0,2.0,6.0,0.0,1.0,1.0,4.0,3.0,2.0,2.0,2.0,3.0,1.0,2.0,2.0,3.0,1.0,0.0,1.0,1.0,0.0,0.0,3.0,0.0,3.0,4.0,1.0,0.0,0.0,1.0,3.0,0.0,0.0,3.0,0.0,1.0,1.0,0.0,3.0,0.0,0.0,1.0,0.0,0.0,0.0,0.0,0.0,0.0,0
2.797797987481689,0.3764044922731047,0.3407536497149839,2300.7824,28.0,82.1708,0.03571428571428571,0.012169773204106569,28.0,0.0,82.1708,0.0,0.0,82.1708,0.0,82.1708,82.1708,28.0,28.0,0.012169773204106569,0.0,28.0,0.0,1.0,0.0,2.0,0.0,1.0,28.0,1.0,0.0,0.0,2.0,0.0,0.0,0.0,-1.0,0.0,2.0,0.0,0.0,1.0,0.0,2.0,-1.0,1.0,0.0,1.0,0.0,1.0,0.0,1.0,2.0,1.0,1.0,1.0,0.0,0.0,0.0,1.0,0.0,0.0,1.0,1.0,1.0,0.0,2.0,1.0,0.0,0.0,0.0,1.0,0.0,1.0,0.0,0.0,0.0,0.0,0.0,1.0,1.0,0.0,1.0,0.0,1.0,0.0,0.0,0.0,0.0,1
2.7644775330559437,0.3870967741935484,3.0344827586206895,159.5,66.0,21.75,0.13636363636363635,0.41379310344827586,22.0,7.25,7.25,22.0,0.0,7.25,0.0,0.0,0.0,0.0,22.0,0.0,0.0,0.0,0.0,0.0,0.0,0.0,0.0,3.0,0.0,0.0,0.0,3.0,1.0,3.0,3.0,0.0,0.0,0.0,1.0,0.0,0.0,3.0,2.0,3.0,-1.0,0.0,0.0,3.0,0.0,1.0,-1.0,0.0,3.0,1.0,2.0,3.0,0.0,0.0,0.0,1.0,0.0,0.0,0.0,3.0,0.0,0.0,4.0,1.0,0.0,0.0,1.0,0.0,0.0,0.0,0.0,0.0,1.0,0.0,0.0,0.0,0.0,0.0,1.0,0.0,0.0,0.0,0.0,0.0,0.0,1
3.2276315799665474,0.3856942496493689,0.1276595744680851,5710.5,27.0,211.5,0.037037037037037035,0.004728132387706856,27.0,0.0,211.5,0.0,27.0,0.0,211.5,0.0,211.5,0.0,0.0,0.0,54.0,0.0,0.009456264775413711,2.0,423.0,1.0,0.0,1.0,27.0,3.0,13.5,0.0,0.0,0.0,1.0,0.0,1.0,2.0,1.0,0.0,-1.0,1.0,1.0,1.0,2.0,0.0,2.0,3.0,0.0,2.0,0.0,-2.0,2.0,0.0,0.0,-1.0,0.0,0.0,0.0,0.0,2.0,1.0,1.0,0.0,0.0,0.5,1.0,0.0,2.0,2.0,0.0,0.0,0.0,1.0,2.0,0.0,-1.0,0.0,0.0,0.0,0.0,0.0,1.0,0.0,0.0,0.0,0.0,0.0,1.0,0
3.0204164003813876,0.3884992987377279,4.984423676012461,80.25,60.0,12.037500000000001,0.15,0.7476635514018691,20.0,0.0,4.0125,0.0,20.0,0.0,4.0125,0.0,4.0125,0.0,0.0,0.0,0.0,0.0,0.0,0.0,0.0,1.0,0.0,3.0,20.0,1.0,0.0,2.0,0.0,0.0,3.0,0.0,-1.0,0.0,1.0,0.0,-1.0,3.0,3.0,3.0,0.0,0.0,0.0,3.0,0.0,0.0,0.0,0.0,4.0,0.0,0.0,3.0,0.0,0.0,0.0,0.0,0.0,3.0,3.0,0.0,0.0,0.0,3.0,0.0,0.0,0.0,0.0,0.0,0.0,1.0,0.0,0.0,-1.0,0.0,0.0,0.0,0.0,0.0,1.0,0.0,0.0,0.0,0.0,0.0,1.0,0
2.552075198223164,0.3884992987377279,2.4437299035369775,147.725,57.0,23.325000000000003,0.15789473684210525,0.3858520900321543,19.0,7.775,7.775,19.0,19.0,0.0,7.775,0.0,0.0,0.0,0.0,0.0,0.0,0.0,0.0,0.0,0.0,0.0,0.0,3.0,0.0,0.0,0.0,3.0,0.0,3.0,3.0,0.0,0.0,0.0,0.0,0.0,0.0,3.0,3.0,3.0,0.0,0.0,0.0,3.0,0.0,0.0,0.0,0.0,3.0,0.0,1.0,3.0,0.0,0.0,0.0,0.0,0.0,3.0,0.0,0.0,-1.0,0.0,3.0,0.0,0.0,0.0,1.0,0.0,0.0,0.0,0.0,1.0,0.0,0.0,0.0,0.0,0.0,0.0,1.0,0.0,0.0,0.0,0.0,0.0,0.0,0
3.1354853606549504,0.3856942513902431,0.18459509943962202,9556.050000000001,42.0,227.525,0.023809523809523808,0.004395121415229096,42.0,0.0,227.525,0.0,0.0,227.525,0.0,0.0,227.525,0.0,42.0,0.0,0.0,0.0,0.0,0.0,0.0,1.0,0.0,1.0,42.0,1.0,0.0,0.0,1.0,0.0,1.0,0.0,-1.0,0.0,2.0,0.0,-1.0,1.0,0.0,1.0,-1.0,0.0,0.0,1.0,0.0,1.0,-1.0,0.0,2.0,1.0,1.0,1.0,0.0,0.0,0.0,1.0,0.0,0.0,1.0,1.0,1.0,0.0,2.0,1.0,0.0,0.0,0.0,0.0,0.0,1.0,0.0,0.0,0.0,0.0,0.0,0.0,0.0,0.0,1.0,0.0,1.0,0.0,0.0,0.0,0.0,1
3.068951215296398,0.3856942530911989,0.06352554044353532,15.7417,3.0,47.2251,3.0,0.19057662133060596,1.0,0.0,15.7417,0.0,0.0,15.7417,0.0,0.0,15.7417,0.0,1.0,0.0,2.0,0.0,0.12705108088707065,2.0,31.4834,1.0,0.0,3.0,1.0,3.0,0.5,2.0,1.0,0.0,3.0,0.0,1.0,2.0,2.0,0.0,-1.0,3.0,2.0,3.0,1.0,0.0,2.0,5.0,0.0,3.0,-1.0,-2.0,4.0,1.0,1.0,1.0,0.0,0.0,0.0,1.0,2.0,0.0,3.0,3.0,1.0,1.5,4.0,1.0,0.0,2.0,0.0,0.0,0.0,1.0,6.0,0.0,0.0,2.0,0.0,0.0,0.0,0.0,1.0,0.0,1.0,0.0,0.0,0.0,0.0,1
2.987471179285714,0.3856942496493689,4.037854889589905,253.6,96.0,23.775,0.09375,0.37854889589905366,32.0,7.925,7.925,32.0,32.0,0.0,7.925,0.0,0.0,0.0,0.0,0.0,0.0,0.0,0.0,0.0,0.0,0.0,0.0,3.0,0.0,0.0,0.0,3.0,0.0,3.0,3.0,0.0,0.0,0.0,0.0,0.0,0.0,3.0,3.0,3.0,0.0,0.0,0.0,3.0,0.0,0.0,0.0,0.0,3.0,0.0,1.0,3.0,0.0,0.0,0.0,0.0,0.0,3.0,0.0,0.0,-1.0,0.0,3.0,0.0,0.0,0.0,1.0,0.0,0.0,0.0,0.0,1.0,0.0,0.0,0.0,0.0,0.0,0.0,1.0,0.0,0.0,0.0,0.0,0.0,0.0,0
2.1198642345894814,0.3814866738794381,0.6730769230769231,1820.0,35.0,52.0,0.02857142857142857,0.019230769230769232,35.0,52.0,52.0,35.0,0.0,52.0,0.0,52.0,0.0,35.0,35.0,0.019230769230769232,0.0,35.0,0.0,1.0,0.0,1.0,0.0,1.0,0.0,0.0,0.0,1.0,2.0,1.0,0.0,0.0,0.0,0.0,1.0,0.0,1.0,1.0,0.0,2.0,-1.0,1.0,0.0,1.0,1.0,1.0,0.0,1.0,1.0,1.0,2.0,1.0,0.0,0.0,0.0,1.0,0.0,0.0,0.0,1.0,0.0,0.0,2.0,1.0,0.0,0.0,1.0,1.0,0.0,0.0,0.0,0.0,1.0,0.0,0.0,1.0,0.0,0.0,1.0,0.0,0.0,0.0,0.0,0.0,0.0,1
2.901932732032734,0.3870967741935484,3.5461891131994223,221.0824,84.0,23.6874,0.10714285714285714,0.379948833557081,28.0,7.8958,7.8958,28.0,28.0,0.0,7.8958,0.0,0.0,0.0,0.0,0.0,0.0,0.0,0.0,0.0,0.0,0.0,0.0,3.0,0.0,0.0,0.0,3.0,0.0,3.0,3.0,0.0,0.0,0.0,0.0,0.0,0.0,3.0,3.0,3.0,0.0,0.0,0.0,3.0,0.0,0.0,0.0,0.0,3.0,0.0,1.0,3.0,0.0,0.0,0.0,0.0,0.0,3.0,0.0,0.0,-1.0,0.0,3.0,0.0,0.0,0.0,1.0,0.0,0.0,0.0,0.0,1.0,0.0,0.0,0.0,0.0,0.0,0.0,1.0,0.0,0.0,0.0,0.0,0.0,0.0,0
3.0182493375306305,0.3884992550178964,0.24489795918367346,1323.0,36.0,147.0,0.1111111111111111,0.027210884353741496,18.0,73.5,73.5,18.0,18.0,0.0,73.5,0.0,0.0,0.0,0.0,0.0,0.0,0.0,0.0,0.0,0.0,0.0,0.0,2.0,0.0,0.0,0.0,2.0,0.0,2.0,2.0,0.0,0.0,0.0,0.0,0.0,0.0,2.0,2.0,2.0,0.0,0.0,0.0,2.0,0.0,0.0,0.0,0.0,2.0,0.0,1.0,2.0,0.0,0.0,0.0,0.0,0.0,2.0,0.0,0.0,-1.0,0.0,2.0,0.0,0.0,0.0,1.0,0.0,0.0,0.0,0.0,1.0,0.0,0.0,0.0,0.0,0.0,0.0,1.0,0.0,0.0,0.0,0.0,0.0,0.0,0
3.245075961600599,0.3870967306315501,0.021321961620469083,46.9,3.0,140.7,3.0,0.06396588486140725,1.0,46.9,46.9,1.0,1.0,0.0,46.9,234.5,0.0,5.0,0.0,0.10660980810234542,2.0,0.2,0.042643923240938165,7.0,93.8,5.0,0.0,3.0,0.0,2.0,0.5,3.0,5.0,3.0,-2.0,0.0,2.0,2.0,0.0,10.0,5.0,3.0,3.0,8.0,2.0,0.6,2.0,5.0,5.0,2.0,5.0,3.0,3.0,0.0,1.0,1.0,2.5,2.0,0.0,0.0,2.0,3.0,0.0,0.0,-1.0,1.5,3.0,0.0,2.0,0.0,1.0,5.0,0.0,0.0,6.0,1.0,0.0,0.0,5.0,0.0,0.0,0.0,1.0,0.0,0.0,0.0,0.0,0.0,0.0,0
2.7440246045489505,0.3884992987377279,2.769230769230769,468.0,72.0,26.0,0.05555555555555555,0.15384615384615385,36.0,13.0,13.0,36.0,0.0,13.0,0.0,0.0,0.0,0.0,36.0,0.0,0.0,0.0,0.0,0.0,0.0,0.0,0.0,2.0,0.0,0.0,0.0,2.0,1.0,2.0,2.0,0.0,0.0,0.0,1.0,0.0,0.0,2.0,1.0,2.0,-1.0,0.0,0.0,2.0,0.0,1.0,-1.0,0.0,2.0,1.0,2.0,2.0,0.0,0.0,0.0,1.0,0.0,0.0,0.0,2.0,0.0,0.0,3.0,1.0,0.0,0.0,1.0,0.0,0.0,0.0,0.0,0.0,1.0,0.0,0.0,0.0,0.0,0.0,1.0,0.0,0.0,0.0,0.0,0.0,0.0,1
2.9151693125246236,0.3764044943820224,3.6226258862495473,216.4176,84.0,23.1876,0.10714285714285714,0.3881384878124515,28.0,0.0,7.7292,0.0,28.0,0.0,7.7292,0.0,0.0,0.0,0.0,0.0,0.0,0.0,0.0,0.0,0.0,0.0,7.7292,3.0,0.0,0.0,0.0,3.0,0.0,0.0,3.0,28.0,0.0,-1.0,0.0,0.0,0.0,2.0,3.0,3.0,0.0,0.0,1.0,3.0,0.0,0.0,0.0,0.0,3.0,1.0,0.0,3.0,0.0,0.0,1.0,0.0,0.0,3.0,0.0,0.0,0.0,0.0,3.0,-1.0,0.0,0.0,0.0,0.0,1.0,0.0,0.0,0.0,0.0,0.0,0.0,0.0,0.0,0.0,1.0,0.0,0.0,0.0,0.0,0.0,0.0,0
2.033998631715083,0.3884992987377279,1.4166666666666667,204.0,34.0,24.0,0.11764705882352941,0.16666666666666666,17.0,0.0,12.0,0.0,0.0,12.0,0.0,0.0,12.0,0.0,17.0,0.0,0.0,0.0,0.0,0.0,0.0,1.0,0.0,2.0,17.0,1.0,0.0,1.0,1.0,0.0,2.0,0.0,-1.0,0.0,2.0,0.0,-1.0,2.0,1.0,2.0,-1.0,0.0,0.0,2.0,0.0,1.0,-1.0,0.0,3.0,1.0,1.0,2.0,0.0,0.0,0.0,1.0,0.0,0.0,2.0,2.0,1.0,0.0,3.0,1.0,0.0,0.0,0.0,0.0,0.0,1.0,0.0,0.0,0.0,0.0,0.0,0.0,0.0,0.0,1.0,0.0,1.0,0.0,0.0,0.0,0.0,1
2.8954279675983297,0.3856942750812433,0.3,4320.0,36.0,120.0,0.027777777777777776,0.008333333333333333,36.0,120.0,120.0,36.0,36.0,0.0,120.0,120.0,0.0,36.0,0.0,0.008333333333333333,72.0,36.0,0.016666666666666666,3.0,240.0,1.0,0.0,1.0,0.0,2.0,18.0,1.0,1.0,1.0,0.0,0.0,2.0,2.0,0.0,2.0,1.0,1.0,1.0,2.0,2.0,1.0,2.0,3.0,1.0,2.0,1.0,-1.0,1.0,0.0,1.0,-1.0,0.5,2.0,0.0,0.0,2.0,1.0,0.0,0.0,-1.0,0.5,1.0,0.0,2.0,0.0,1.0,1.0,0.0,0.0,2.0,1.0,0.0,0.0,1.0,0.0,0.0,0.0,1.0,0.0,0.0,0.0,0.0,0.0,0.0,1
2.6588501337327943,0.3884992987377279,2.6937581774801815,163.71179999999998,63.0,23.3874,0.14285714285714285,0.3848225967828831,21.0,7.7958,7.7958,21.0,21.0,0.0,7.7958,0.0,0.0,0.0,0.0,0.0,0.0,0.0,0.0,0.0,0.0,0.0,0.0,3.0,0.0,0.0,0.0,3.0,0.0,3.0,3.0,0.0,0.0,0.0,0.0,0.0,0.0,3.0,3.0,3.0,0.0,0.0,0.0,3.0,0.0,0.0,0.0,0.0,3.0,0.0,1.0,3.0,0.0,0.0,0.0,0.0,0.0,3.0,0.0,0.0,-1.0,0.0,3.0,0.0,0.0,0.0,1.0,0.0,0.0,0.0,0.0,1.0,0.0,0.0,0.0,0.0,0.0,0.0,1.0,0.0,0.0,0.0,0.0,0.0,0.0,1
2.901441789445372,0.3884992987377279,3.5331230283911674,221.9,84.0,23.775,0.10714285714285714,0.37854889589905366,28.0,7.925,7.925,28.0,28.0,0.0,7.925,15.85,0.0,56.0,0.0,0.25236593059936907,0.0,14.0,0.0,2.0,0.0,2.0,0.0,3.0,0.0,0.0,0.0,3.0,2.0,3.0,1.0,0.0,0.0,0.0,0.0,0.0,2.0,3.0,3.0,5.0,0.0,1.5,0.0,3.0,2.0,0.0,2.0,2.0,3.0,0.0,1.0,3.0,0.0,0.0,0.0,0.0,0.0,3.0,0.0,0.0,-1.0,0.0,3.0,0.0,0.0,0.0,1.0,2.0,0.0,0.0,0.0,1.0,0.0,0.0,2.0,0.0,0.0,0.0,1.0,0.0,0.0,0.0,0.0,0.0,0.0,0
3.1040788100756544,0.3814866778217858,0.20304568527918782,2605.3250000000003,23.0,113.275,0.043478260869565216,0.008828073273008165,23.0,0.0,113.275,0.0,0.0,113.275,0.0,113.275,113.275,23.0,23.0,0.008828073273008165,0.0,23.0,0.0,1.0,0.0,2.0,0.0,1.0,23.0,1.0,0.0,0.0,2.0,0.0,0.0,0.0,-1.0,0.0,2.0,0.0,0.0,1.0,0.0,2.0,-1.0,1.0,0.0,1.0,0.0,1.0,0.0,1.0,2.0,1.0,1.0,1.0,0.0,0.0,0.0,1.0,0.0,0.0,1.0,1.0,1.0,0.0,2.0,1.0,0.0,0.0,0.0,1.0,0.0,1.0,0.0,0.0,0.0,0.0,0.0,1.0,1.0,0.0,1.0,0.0,1.0,0.0,0.0,0.0,0.0,1
2.040060330604671,0.3856942530911989,1.437125748502994,400.79999999999995,72.0,50.099999999999994,0.125,0.17964071856287425,24.0,16.7,16.7,24.0,0.0,16.7,0.0,0.0,0.0,0.0,24.0,0.0,48.0,0.0,0.11976047904191617,2.0,33.4,0.0,0.0,3.0,0.0,2.0,12.0,3.0,1.0,3.0,3.0,0.0,2.0,2.0,1.0,0.0,0.0,3.0,2.0,3.0,1.0,0.0,2.0,5.0,0.0,3.0,-1.0,-2.0,3.0,1.0,2.0,1.0,0.0,2.0,0.0,1.0,2.0,0.0,0.0,3.0,0.0,1.5,4.0,1.0,0.0,0.0,1.0,0.0,0.0,0.0,6.0,0.0,1.0,2.0,0.0,0.0,0.0,0.0,1.0,0.0,0.0,0.0,0.0,0.0,0.0,1
2.7057946860959867,0.3814866760168303,2.8220323764078095,171.5076,66.0,23.3874,0.13636363636363635,0.3848225967828831,22.0,7.7958,7.7958,22.0,22.0,0.0,7.7958,0.0,0.0,0.0,0.0,0.0,0.0,0.0,0.0,0.0,0.0,0.0,0.0,3.0,0.0,0.0,0.0,3.0,0.0,3.0,3.0,0.0,0.0,0.0,0.0,0.0,0.0,3.0,3.0,3.0,0.0,0.0,0.0,3.0,0.0,0.0,0.0,0.0,3.0,0.0,1.0,3.0,0.0,0.0,0.0,0.0,0.0,3.0,0.0,0.0,-1.0,0.0,3.0,0.0,0.0,0.0,1.0,0.0,0.0,0.0,0.0,1.0,0.0,0.0,0.0,0.0,0.0,0.0,1.0,0.0,0.0,0.0,0.0,0.0,0.0,0
2.97301600897373,0.3764044943820224,3.9469328512133637,243.4802,93.0,23.5626,0.0967741935483871,0.3819612436658094,31.0,7.8542,7.8542,31.0,0.0,7.8542,0.0,0.0,0.0,0.0,31.0,0.0,0.0,0.0,0.0,0.0,0.0,0.0,0.0,3.0,0.0,0.0,0.0,3.0,1.0,3.0,3.0,0.0,0.0,0.0,1.0,0.0,0.0,3.0,2.0,3.0,-1.0,0.0,0.0,3.0,0.0,1.0,-1.0,0.0,3.0,1.0,2.0,3.0,0.0,0.0,0.0,1.0,0.0,0.0,0.0,3.0,0.0,0.0,4.0,1.0,0.0,0.0,1.0,0.0,0.0,0.0,0.0,0.0,1.0,0.0,0.0,0.0,0.0,0.0,1.0,0.0,0.0,0.0,0.0,0.0,0.0,0
2.290474321973604,0.3884992965610454,1.7692307692307692,1196.0,92.0,52.0,0.043478260869565216,0.07692307692307693,46.0,26.0,26.0,46.0,46.0,0.0,26.0,0.0,0.0,0.0,0.0,0.0,0.0,0.0,0.0,0.0,0.0,0.0,0.0,2.0,0.0,0.0,0.0,2.0,0.0,2.0,2.0,0.0,0.0,0.0,0.0,0.0,0.0,2.0,2.0,2.0,0.0,0.0,0.0,2.0,0.0,0.0,0.0,0.0,2.0,0.0,1.0,2.0,0.0,0.0,0.0,0.0,0.0,2.0,0.0,0.0,-1.0,0.0,2.0,0.0,0.0,0.0,1.0,0.0,0.0,0.0,0.0,1.0,0.0,0.0,0.0,0.0,0.0,0.0,1.0,0.0,0.0,0.0,0.0,0.0,0.0,0
2.502307755118455,0.3764044943820224,2.1904761904761907,241.5,46.0,21.0,0.08695652173913043,0.19047619047619047,23.0,10.5,10.5,23.0,23.0,0.0,10.5,0.0,0.0,0.0,0.0,0.0,0.0,0.0,0.0,0.0,0.0,0.0,0.0,2.0,0.0,0.0,0.0,2.0,0.0,2.0,2.0,0.0,0.0,0.0,0.0,0.0,0.0,2.0,2.0,2.0,0.0,0.0,0.0,2.0,0.0,0.0,0.0,0.0,2.0,0.0,1.0,2.0,0.0,0.0,0.0,0.0,0.0,2.0,0.0,0.0,-1.0,0.0,2.0,0.0,0.0,0.0,1.0,0.0,0.0,0.0,0.0,1.0,0.0,0.0,0.0,0.0,0.0,0.0,1.0,0.0,0.0,0.0,0.0,0.0,0.0,0
2.5215606436298565,0.3814866760168303,2.2134387351778657,354.2,56.0,25.3,0.07142857142857142,0.15810276679841898,28.0,12.65,12.65,28.0,0.0,12.65,0.0,0.0,0.0,0.0,28.0,0.0,0.0,0.0,0.0,0.0,0.0,0.0,0.0,2.0,0.0,0.0,0.0,2.0,1.0,2.0,2.0,0.0,0.0,0.0,1.0,0.0,0.0,2.0,1.0,2.0,-1.0,0.0,0.0,2.0,0.0,1.0,-1.0,0.0,2.0,1.0,2.0,2.0,0.0,0.0,0.0,1.0,0.0,0.0,0.0,2.0,0.0,0.0,3.0,1.0,0.0,0.0,1.0,0.0,0.0,0.0,0.0,0.0,1.0,0.0,0.0,0.0,0.0,0.0,1.0,0.0,0.0,0.0,0.0,0.0,0.0,1
3.087586593453337,0.3870967741935484,4.921135646687698,309.075,117.0,23.775,0.07692307692307693,0.37854889589905366,39.0,7.925,7.925,39.0,39.0,0.0,7.925,0.0,0.0,0.0,0.0,0.0,0.0,0.0,0.0,0.0,0.0,0.0,0.0,3.0,0.0,0.0,0.0,3.0,0.0,3.0,3.0,0.0,0.0,0.0,0.0,0.0,0.0,3.0,3.0,3.0,0.0,0.0,0.0,3.0,0.0,0.0,0.0,0.0,3.0,0.0,1.0,3.0,0.0,0.0,0.0,0.0,0.0,3.0,0.0,0.0,-1.0,0.0,3.0,0.0,0.0,0.0,1.0,0.0,0.0,0.0,0.0,1.0,0.0,0.0,0.0,0.0,0.0,0.0,1.0,0.0,0.0,0.0,0.0,0.0,0.0,1
2.831595911645708,0.3884992987377279,3.229813664596273,209.3,78.0,24.150000000000002,0.11538461538461539,0.37267080745341613,26.0,8.05,8.05,26.0,26.0,0.0,8.05,0.0,0.0,0.0,0.0,0.0,0.0,0.0,0.0,0.0,0.0,0.0,0.0,3.0,0.0,0.0,0.0,3.0,0.0,3.0,3.0,0.0,0.0,0.0,0.0,0.0,0.0,3.0,3.0,3.0,0.0,0.0,0.0,3.0,0.0,0.0,0.0,0.0,3.0,0.0,1.0,3.0,0.0,0.0,0.0,0.0,0.0,3.0,0.0,0.0,-1.0,0.0,3.0,0.0,0.0,0.0,1.0,0.0,0.0,0.0,0.0,1.0,0.0,0.0,0.0,0.0,0.0,0.0,1.0,0.0,0.0,0.0,0.0,0.0,0.0,0
2.4421621576891,0.3870967741935484,2.1374045801526718,206.325,63.0,29.474999999999998,0.14285714285714285,0.3053435114503817,21.0,9.825,9.825,21.0,0.0,9.825,0.0,9.825,0.0,21.0,21.0,0.10178117048346057,0.0,21.0,0.0,1.0,0.0,1.0,0.0,3.0,0.0,0.0,0.0,3.0,2.0,3.0,2.0,0.0,0.0,0.0,1.0,0.0,1.0,3.0,2.0,4.0,-1.0,3.0,0.0,3.0,1.0,1.0,0.0,1.0,3.0,1.0,2.0,3.0,0.0,0.0,0.0,1.0,0.0,0.0,0.0,3.0,0.0,0.0,4.0,1.0,0.0,0.0,1.0,1.0,0.0,0.0,0.0,0.0,1.0,0.0,0.0,1.0,0.0,0.0,1.0,0.0,0.0,0.0,0.0,0.0,0.0,0
2.265116489838045,0.3870967776275203,1.7665615141955837,443.8,84.0,47.55,0.10714285714285714,0.18927444794952683,28.0,15.85,15.85,28.0,28.0,0.0,15.85,15.85,0.0,28.0,0.0,0.06309148264984227,0.0,28.0,0.0,1.0,0.0,1.0,0.0,3.0,0.0,0.0,0.0,3.0,1.0,3.0,2.0,0.0,0.0,0.0,0.0,0.0,1.0,3.0,3.0,4.0,0.0,3.0,0.0,3.0,1.0,0.0,1.0,1.0,3.0,0.0,1.0,3.0,0.0,0.0,0.0,0.0,0.0,3.0,0.0,0.0,-1.0,0.0,3.0,0.0,0.0,0.0,1.0,1.0,0.0,0.0,0.0,1.0,0.0,0.0,1.0,0.0,0.0,0.0,1.0,0.0,0.0,0.0,0.0,0.0,0.0,0
2.505347801575025,0.3856942496493689,2.308802308802309,173.25,60.0,25.987499999999997,0.15,0.34632034632034636,20.0,8.6625,8.6625,20.0,0.0,8.6625,0.0,0.0,0.0,0.0,20.0,0.0,0.0,0.0,0.0,0.0,0.0,0.0,0.0,3.0,0.0,0.0,0.0,3.0,1.0,3.0,3.0,0.0,0.0,0.0,1.0,0.0,0.0,3.0,2.0,3.0,-1.0,0.0,0.0,3.0,0.0,1.0,-1.0,0.0,3.0,1.0,2.0,3.0,0.0,0.0,0.0,1.0,0.0,0.0,0.0,3.0,0.0,0.0,4.0,1.0,0.0,0.0,1.0,0.0,0.0,0.0,0.0,0.0,1.0,0.0,0.0,0.0,0.0,0.0,1.0,0.0,0.0,0.0,0.0,0.0,0.0,0
2.19611949984735,0.3856942496493689,1.619047619047619,714.0,68.0,42.0,0.058823529411764705,0.09523809523809523,34.0,21.0,21.0,34.0,34.0,0.0,21.0,21.0,0.0,34.0,0.0,0.047619047619047616,0.0,34.0,0.0,1.0,0.0,1.0,0.0,2.0,0.0,0.0,0.0,2.0,1.0,2.0,1.0,0.0,0.0,0.0,0.0,0.0,1.0,2.0,2.0,3.0,0.0,2.0,0.0,2.0,1.0,0.0,1.0,1.0,2.0,0.0,1.0,2.0,0.0,0.0,0.0,0.0,0.0,2.0,0.0,0.0,-1.0,0.0,2.0,0.0,0.0,0.0,1.0,1.0,0.0,0.0,0.0,1.0,0.0,0.0,1.0,0.0,0.0,0.0,1.0,0.0,0.0,0.0,0.0,0.0,0.0,0
3.1839723486624143,0.3884992987377279,6.580645161290323,395.25,153.0,23.25,0.058823529411764705,0.3870967741935484,51.0,7.75,7.75,51.0,51.0,0.0,7.75,0.0,0.0,0.0,0.0,0.0,0.0,0.0,0.0,0.0,0.0,0.0,0.0,3.0,0.0,0.0,0.0,3.0,0.0,3.0,3.0,0.0,0.0,0.0,0.0,0.0,0.0,3.0,3.0,3.0,0.0,0.0,0.0,3.0,0.0,0.0,0.0,0.0,3.0,0.0,1.0,3.0,0.0,0.0,0.0,0.0,0.0,3.0,0.0,0.0,-1.0,0.0,3.0,0.0,0.0,0.0,1.0,0.0,0.0,0.0,0.0,1.0,0.0,0.0,0.0,0.0,0.0,0.0,1.0,0.0,0.0,0.0,0.0,0.0,0.0,0
3.152613948044768,0.3814866854367755,0.16,56.25,6.0,37.5,0.6666666666666666,0.10666666666666667,3.0,18.75,18.75,3.0,3.0,0.0,18.75,18.75,0.0,3.0,0.0,0.05333333333333334,3.0,3.0,0.05333333333333334,2.0,18.75,1.0,0.0,2.0,0.0,1.0,3.0,2.0,1.0,2.0,1.0,0.0,1.0,1.0,0.0,1.0,1.0,2.0,2.0,3.0,1.0,2.0,1.0,3.0,1.0,1.0,1.0,0.0,2.0,0.0,1.0,1.0,1.0,1.0,0.0,0.0,1.0,2.0,0.0,0.0,-1.0,2.0,2.0,0.0,1.0,0.0,1.0,1.0,0.0,0.0,2.0,1.0,0.0,0.0,1.0,0.0,0.0,0.0,1.0,0.0,0.0,0.0,0.0,0.0,0.0,1
2.6610622962511616,0.3764044943820224,2.70096463022508,163.275,63.0,23.325000000000003,0.14285714285714285,0.3858520900321543,21.0,7.775,7.775,21.0,21.0,0.0,7.775,0.0,0.0,0.0,0.0,0.0,0.0,0.0,0.0,0.0,0.0,0.0,0.0,3.0,0.0,0.0,0.0,3.0,0.0,3.0,3.0,0.0,0.0,0.0,0.0,0.0,0.0,3.0,3.0,3.0,0.0,0.0,0.0,3.0,0.0,0.0,0.0,0.0,3.0,0.0,1.0,3.0,0.0,0.0,0.0,0.0,0.0,3.0,0.0,0.0,-1.0,0.0,3.0,0.0,0.0,0.0,1.0,0.0,0.0,0.0,0.0,1.0,0.0,0.0,0.0,0.0,0.0,0.0,1.0,0.0,0.0,0.0,0.0,0.0,0.0,0
1.8902681271633752,0.3856942437752533,1.0994750006871719,713.0676,84.0,76.4001,0.10714285714285714,0.11780089293076841,28.0,25.4667,25.4667,28.0,0.0,25.4667,0.0,76.4001,0.0,84.0,28.0,0.11780089293076841,28.0,9.333333333333334,0.03926696431025614,4.0,25.4667,3.0,0.0,3.0,0.0,1.0,28.0,3.0,4.0,3.0,0.0,0.0,1.0,1.0,1.0,3.0,3.0,3.0,2.0,6.0,0.0,1.0,1.0,4.0,3.0,2.0,2.0,2.0,3.0,1.0,2.0,2.0,3.0,1.0,0.0,1.0,1.0,0.0,0.0,3.0,0.0,3.0,4.0,1.0,0.0,0.0,1.0,3.0,0.0,0.0,3.0,0.0,1.0,1.0,0.0,3.0,0.0,0.0,1.0,0.0,0.0,0.0,0.0,0.0,0.0,0
2.901932732032734,0.3870967741935484,3.5461891131994223,221.0824,84.0,23.6874,0.10714285714285714,0.379948833557081,28.0,7.8958,7.8958,28.0,28.0,0.0,7.8958,0.0,0.0,0.0,0.0,0.0,0.0,0.0,0.0,0.0,0.0,0.0,0.0,3.0,0.0,0.0,0.0,3.0,0.0,3.0,3.0,0.0,0.0,0.0,0.0,0.0,0.0,3.0,3.0,3.0,0.0,0.0,0.0,3.0,0.0,0.0,0.0,0.0,3.0,0.0,1.0,3.0,0.0,0.0,0.0,0.0,0.0,3.0,0.0,0.0,-1.0,0.0,3.0,0.0,0.0,0.0,1.0,0.0,0.0,0.0,0.0,1.0,0.0,0.0,0.0,0.0,0.0,0.0,1.0,0.0,0.0,0.0,0.0,0.0,0.0,0
2.9825322657283473,0.3814866760168303,4.082644387093011,192.0324,84.0,20.5749,0.10714285714285714,0.4374261843313941,28.0,0.0,6.8583,0.0,28.0,0.0,6.8583,0.0,0.0,0.0,0.0,0.0,0.0,0.0,0.0,0.0,0.0,0.0,6.8583,3.0,0.0,0.0,0.0,3.0,0.0,0.0,3.0,28.0,0.0,-1.0,0.0,0.0,0.0,2.0,3.0,3.0,0.0,0.0,1.0,3.0,0.0,0.0,0.0,0.0,3.0,1.0,0.0,3.0,0.0,0.0,1.0,0.0,0.0,3.0,0.0,0.0,0.0,0.0,3.0,-1.0,0.0,0.0,0.0,0.0,1.0,0.0,0.0,0.0,0.0,0.0,0.0,0.0,0.0,0.0,1.0,0.0,0.0,0.0,0.0,0.0,0.0,0
2.734562971704773,0.3856942474884025,0.36666666666666664,2970.0,33.0,90.0,0.030303030303030304,0.011111111111111112,33.0,0.0,90.0,0.0,0.0,90.0,0.0,90.0,0.0,33.0,33.0,0.011111111111111112,0.0,33.0,0.0,1.0,0.0,1.0,90.0,1.0,0.0,0.0,0.0,1.0,2.0,0.0,0.0,33.0,0.0,-1.0,1.0,0.0,1.0,0.0,0.0,2.0,-1.0,1.0,1.0,1.0,0.0,1.0,0.0,1.0,1.0,2.0,1.0,1.0,0.0,0.0,0.0,1.0,0.0,0.0,0.0,1.0,1.0,0.0,2.0,0.0,0.0,0.0,0.0,1.0,1.0,0.0,0.0,0.0,1.0,0.0,0.0,1.0,0.0,1.0,1.0,1.0,0.0,0.0,0.0,0.0,0.0,1
3.2804860292506874,0.3884992965610454,0.0,0.0,56.0,0.0,0.07142857142857142,0.0,28.0,0.0,0.0,28.0,28.0,0.0,0.0,0.0,0.0,0.0,0.0,0.0,0.0,0.0,0.0,0.0,0.0,0.0,0.0,2.0,0.0,0.0,0.0,2.0,0.0,2.0,2.0,0.0,0.0,0.0,0.0,0.0,0.0,2.0,2.0,2.0,0.0,0.0,0.0,2.0,0.0,0.0,0.0,0.0,2.0,0.0,1.0,2.0,0.0,0.0,0.0,0.0,0.0,2.0,0.0,0.0,-1.0,0.0,2.0,0.0,0.0,0.0,1.0,0.0,0.0,0.0,0.0,1.0,0.0,0.0,0.0,0.0,0.0,0.0,1.0,0.0,0.0,0.0,0.0,0.0,0.0,0
3.133985798759645,0.3870967741935484,5.55205047318612,348.7,132.0,23.775,0.06818181818181818,0.37854889589905366,44.0,7.925,7.925,44.0,44.0,0.0,7.925,0.0,0.0,0.0,0.0,0.0,0.0,0.0,0.0,0.0,0.0,0.0,0.0,3.0,0.0,0.0,0.0,3.0,0.0,3.0,3.0,0.0,0.0,0.0,0.0,0.0,0.0,3.0,3.0,3.0,0.0,0.0,0.0,3.0,0.0,0.0,0.0,0.0,3.0,0.0,1.0,3.0,0.0,0.0,0.0,0.0,0.0,3.0,0.0,0.0,-1.0,0.0,3.0,0.0,0.0,0.0,1.0,0.0,0.0,0.0,0.0,1.0,0.0,0.0,0.0,0.0,0.0,0.0,1.0,0.0,0.0,0.0,0.0,0.0,0.0,1
2.889479994948239,0.3870967741935484,3.4782608695652173,225.40000000000003,84.0,24.150000000000002,0.10714285714285714,0.37267080745341613,28.0,8.05,8.05,28.0,0.0,8.05,0.0,0.0,0.0,0.0,28.0,0.0,0.0,0.0,0.0,0.0,0.0,0.0,0.0,3.0,0.0,0.0,0.0,3.0,1.0,3.0,3.0,0.0,0.0,0.0,1.0,0.0,0.0,3.0,2.0,3.0,-1.0,0.0,0.0,3.0,0.0,1.0,-1.0,0.0,3.0,1.0,2.0,3.0,0.0,0.0,0.0,1.0,0.0,0.0,0.0,3.0,0.0,0.0,4.0,1.0,0.0,0.0,1.0,0.0,0.0,0.0,0.0,0.0,1.0,0.0,0.0,0.0,0.0,0.0,1.0,0.0,0.0,0.0,0.0,0.0,0.0,0
1.916264691457992,0.3764044943820224,1.0461538461538462,1105.0,68.0,65.0,0.058823529411764705,0.06153846153846154,34.0,32.5,32.5,34.0,0.0,32.5,0.0,32.5,0.0,34.0,34.0,0.03076923076923077,34.0,34.0,0.03076923076923077,2.0,32.5,1.0,0.0,2.0,0.0,1.0,34.0,2.0,2.0,2.0,1.0,0.0,1.0,1.0,1.0,1.0,1.0,2.0,1.0,3.0,0.0,2.0,1.0,3.0,1.0,2.0,0.0,0.0,2.0,1.0,2.0,1.0,1.0,1.0,0.0,1.0,1.0,0.0,0.0,2.0,0.0,2.0,3.0,1.0,0.0,0.0,1.0,1.0,0.0,0.0,2.0,0.0,1.0,1.0,0.0,1.0,0.0,0.0,1.0,0.0,0.0,0.0,0.0,0.0,0.0,1
2.00337960453788,0.3764044943820224,1.3846153846153846,234.0,36.0,26.0,0.1111111111111111,0.15384615384615385,18.0,13.0,13.0,18.0,0.0,13.0,0.0,0.0,0.0,0.0,18.0,0.0,36.0,0.0,0.15384615384615385,2.0,26.0,0.0,0.0,2.0,0.0,2.0,9.0,2.0,1.0,2.0,2.0,0.0,2.0,2.0,1.0,0.0,0.0,2.0,1.0,2.0,1.0,0.0,2.0,4.0,0.0,3.0,-1.0,-2.0,2.0,1.0,2.0,0.0,0.0,2.0,0.0,1.0,2.0,0.0,0.0,2.0,0.0,1.0,3.0,1.0,0.0,0.0,1.0,0.0,0.0,0.0,4.0,0.0,1.0,2.0,0.0,0.0,0.0,0.0,1.0,0.0,0.0,0.0,0.0,0.0,0.0,1
2.566691711624064,0.3884992987377279,2.3076923076923075,390.0,60.0,26.0,0.06666666666666667,0.15384615384615385,30.0,13.0,13.0,30.0,30.0,0.0,13.0,0.0,0.0,0.0,0.0,0.0,0.0,0.0,0.0,0.0,0.0,0.0,0.0,2.0,0.0,0.0,0.0,2.0,0.0,2.0,2.0,0.0,0.0,0.0,0.0,0.0,0.0,2.0,2.0,2.0,0.0,0.0,0.0,2.0,0.0,0.0,0.0,0.0,2.0,0.0,1.0,2.0,0.0,0.0,0.0,0.0,0.0,2.0,0.0,0.0,-1.0,0.0,2.0,0.0,0.0,0.0,1.0,0.0,0.0,0.0,0.0,1.0,0.0,0.0,0.0,0.0,0.0,0.0,1.0,0.0,0.0,0.0,0.0,0.0,0.0,0
2.574822202614618,0.3870967682980724,0.4140786749482402,241.5,30.0,72.44999999999999,0.3,0.12422360248447206,10.0,24.15,24.15,10.0,0.0,24.15,0.0,0.0,0.0,0.0,10.0,0.0,20.0,0.0,0.08281573498964803,2.0,48.3,0.0,0.0,3.0,0.0,2.0,5.0,3.0,1.0,3.0,3.0,0.0,2.0,2.0,1.0,0.0,0.0,3.0,2.0,3.0,1.0,0.0,2.0,5.0,0.0,3.0,-1.0,-2.0,3.0,1.0,2.0,1.0,0.0,2.0,0.0,1.0,2.0,0.0,0.0,3.0,0.0,1.5,4.0,1.0,0.0,0.0,1.0,0.0,0.0,0.0,6.0,0.0,1.0,2.0,0.0,0.0,0.0,0.0,1.0,0.0,0.0,0.0,0.0,0.0,0.0,0
2.901882041538662,0.3814866760168303,3.5461891131994223,221.0824,84.0,23.6874,0.10714285714285714,0.379948833557081,28.0,0.0,7.8958,0.0,28.0,0.0,7.8958,0.0,7.8958,0.0,0.0,0.0,0.0,0.0,0.0,0.0,0.0,1.0,0.0,3.0,28.0,1.0,0.0,2.0,0.0,0.0,3.0,0.0,-1.0,0.0,1.0,0.0,-1.0,3.0,3.0,3.0,0.0,0.0,0.0,3.0,0.0,0.0,0.0,0.0,4.0,0.0,0.0,3.0,0.0,0.0,0.0,0.0,0.0,3.0,3.0,0.0,0.0,0.0,3.0,0.0,0.0,0.0,0.0,0.0,0.0,1.0,0.0,0.0,-1.0,0.0,0.0,0.0,0.0,0.0,1.0,0.0,0.0,0.0,0.0,0.0,1.0,0
2.6659049578695817,0.3870967741935484,2.715528946245458,162.39929999999998,63.0,23.1999,0.14285714285714285,0.387932706606494,21.0,0.0,7.7333,0.0,21.0,0.0,7.7333,0.0,0.0,0.0,0.0,0.0,0.0,0.0,0.0,0.0,0.0,0.0,7.7333,3.0,0.0,0.0,0.0,3.0,0.0,0.0,3.0,21.0,0.0,-1.0,0.0,0.0,0.0,2.0,3.0,3.0,0.0,0.0,1.0,3.0,0.0,0.0,0.0,0.0,3.0,1.0,0.0,3.0,0.0,0.0,1.0,0.0,0.0,3.0,0.0,0.0,0.0,0.0,3.0,-1.0,0.0,0.0,0.0,0.0,1.0,0.0,0.0,0.0,0.0,0.0,0.0,0.0,0.0,0.0,1.0,0.0,0.0,0.0,0.0,0.0,0.0,0
2.9281727997852784,0.3764044943820224,3.6825396825396823,228.375,87.0,23.625,0.10344827586206896,0.38095238095238093,29.0,7.875,7.875,29.0,29.0,0.0,7.875,0.0,0.0,0.0,0.0,0.0,0.0,0.0,0.0,0.0,0.0,0.0,0.0,3.0,0.0,0.0,0.0,3.0,0.0,3.0,3.0,0.0,0.0,0.0,0.0,0.0,0.0,3.0,3.0,3.0,0.0,0.0,0.0,3.0,0.0,0.0,0.0,0.0,3.0,0.0,1.0,3.0,0.0,0.0,0.0,0.0,0.0,3.0,0.0,0.0,-1.0,0.0,3.0,0.0,0.0,0.0,1.0,0.0,0.0,0.0,0.0,1.0,0.0,0.0,0.0,0.0,0.0,0.0,1.0,0.0,0.0,0.0,0.0,0.0,0.0,0
2.375765868663091,0.3814866738794381,1.9444444444444444,403.2,84.0,43.2,0.10714285714285714,0.20833333333333331,28.0,14.4,14.4,28.0,0.0,14.4,0.0,14.4,0.0,28.0,28.0,0.06944444444444445,28.0,28.0,0.06944444444444445,2.0,14.4,1.0,0.0,3.0,0.0,1.0,28.0,3.0,2.0,3.0,2.0,0.0,1.0,1.0,1.0,1.0,1.0,3.0,2.0,4.0,0.0,3.0,1.0,4.0,1.0,2.0,0.0,0.0,3.0,1.0,2.0,2.0,1.0,1.0,0.0,1.0,1.0,0.0,0.0,3.0,0.0,3.0,4.0,1.0,0.0,0.0,1.0,1.0,0.0,0.0,3.0,0.0,1.0,1.0,0.0,1.0,0.0,0.0,1.0,0.0,0.0,0.0,0.0,0.0,0.0,0
1.8875930259987261,0.3856942474884025,0.8905380333951763,363.825,54.0,60.637499999999996,0.16666666666666666,0.14842300556586271,18.0,20.2125,20.2125,18.0,18.0,0.0,20.2125,20.2125,0.0,18.0,0.0,0.049474335188620905,18.0,18.0,0.049474335188620905,2.0,20.2125,1.0,0.0,3.0,0.0,1.0,18.0,3.0,1.0,3.0,2.0,0.0,1.0,1.0,0.0,1.0,1.0,3.0,3.0,4.0,1.0,3.0,1.0,4.0,1.0,1.0,1.0,0.0,3.0,0.0,1.0,2.0,1.0,1.0,0.0,0.0,1.0,3.0,0.0,0.0,-1.0,3.0,3.0,0.0,1.0,0.0,1.0,1.0,0.0,0.0,3.0,1.0,0.0,0.0,1.0,0.0,0.0,0.0,1.0,0.0,0.0,0.0,0.0,0.0,0.0,0
2.952828248790739,0.3856942496493689,3.8620689655172415,203.0,84.0,21.75,0.10714285714285714,0.41379310344827586,28.0,7.25,7.25,28.0,28.0,0.0,7.25,0.0,0.0,0.0,0.0,0.0,0.0,0.0,0.0,0.0,0.0,0.0,0.0,3.0,0.0,0.0,0.0,3.0,0.0,3.0,3.0,0.0,0.0,0.0,0.0,0.0,0.0,3.0,3.0,3.0,0.0,0.0,0.0,3.0,0.0,0.0,0.0,0.0,3.0,0.0,1.0,3.0,0.0,0.0,0.0,0.0,0.0,3.0,0.0,0.0,-1.0,0.0,3.0,0.0,0.0,0.0,1.0,0.0,0.0,0.0,0.0,1.0,0.0,0.0,0.0,0.0,0.0,0.0,1.0,0.0,0.0,0.0,0.0,0.0,0.0,0
1.9152986479573364,0.3764044943820224,1.0769230769230769,728.0,56.0,52.0,0.07142857142857142,0.07692307692307693,28.0,26.0,26.0,28.0,0.0,26.0,0.0,26.0,0.0,28.0,28.0,0.038461538461538464,0.0,28.0,0.0,1.0,0.0,1.0,0.0,2.0,0.0,0.0,0.0,2.0,2.0,2.0,1.0,0.0,0.0,0.0,1.0,0.0,1.0,2.0,1.0,3.0,-1.0,2.0,0.0,2.0,1.0,1.0,0.0,1.0,2.0,1.0,2.0,2.0,0.0,0.0,0.0,1.0,0.0,0.0,0.0,2.0,0.0,0.0,3.0,1.0,0.0,0.0,1.0,1.0,0.0,0.0,0.0,0.0,1.0,0.0,0.0,1.0,0.0,0.0,1.0,0.0,0.0,0.0,0.0,0.0,0.0,1
2.0334251733334066,0.3884992965610454,0.7307692307692307,494.0,38.0,52.0,0.10526315789473684,0.07692307692307693,19.0,26.0,26.0,19.0,0.0,26.0,0.0,0.0,0.0,0.0,19.0,0.0,0.0,0.0,0.0,0.0,0.0,0.0,0.0,2.0,0.0,0.0,0.0,2.0,1.0,2.0,2.0,0.0,0.0,0.0,1.0,0.0,0.0,2.0,1.0,2.0,-1.0,0.0,0.0,2.0,0.0,1.0,-1.0,0.0,2.0,1.0,2.0,2.0,0.0,0.0,0.0,1.0,0.0,0.0,0.0,2.0,0.0,0.0,3.0,1.0,0.0,0.0,1.0,0.0,0.0,0.0,0.0,0.0,1.0,0.0,0.0,0.0,0.0,0.0,1.0,0.0,0.0,0.0,0.0,0.0,0.0,1
2.9135961458537794,0.3856942496493689,3.6129032258064515,217.0,84.0,23.25,0.10714285714285714,0.3870967741935484,28.0,0.0,7.75,0.0,28.0,0.0,7.75,0.0,0.0,0.0,0.0,0.0,0.0,0.0,0.0,0.0,0.0,0.0,7.75,3.0,0.0,0.0,0.0,3.0,0.0,0.0,3.0,28.0,0.0,-1.0,0.0,0.0,0.0,2.0,3.0,3.0,0.0,0.0,1.0,3.0,0.0,0.0,0.0,0.0,3.0,1.0,0.0,3.0,0.0,0.0,1.0,0.0,0.0,3.0,0.0,0.0,0.0,0.0,3.0,-1.0,0.0,0.0,0.0,0.0,1.0,0.0,0.0,0.0,0.0,0.0,0.0,0.0,0.0,0.0,1.0,0.0,0.0,0.0,0.0,0.0,0.0,0
2.9791537723692296,0.3856942496493689,3.975155279503105,257.6,96.0,24.150000000000002,0.09375,0.37267080745341613,32.0,8.05,8.05,32.0,32.0,0.0,8.05,0.0,0.0,0.0,0.0,0.0,0.0,0.0,0.0,0.0,0.0,0.0,0.0,3.0,0.0,0.0,0.0,3.0,0.0,3.0,3.0,0.0,0.0,0.0,0.0,0.0,0.0,3.0,3.0,3.0,0.0,0.0,0.0,3.0,0.0,0.0,0.0,0.0,3.0,0.0,1.0,3.0,0.0,0.0,0.0,0.0,0.0,3.0,0.0,0.0,-1.0,0.0,3.0,0.0,0.0,0.0,1.0,0.0,0.0,0.0,0.0,1.0,0.0,0.0,0.0,0.0,0.0,0.0,1.0,0.0,0.0,0.0,0.0,0.0,0.0,1
1.9196154849473723,0.3856942496493689,1.054613935969868,743.4,28.0,26.55,0.03571428571428571,0.03766478342749529,28.0,26.55,26.55,28.0,28.0,0.0,26.55,0.0,0.0,0.0,0.0,0.0,0.0,0.0,0.0,0.0,0.0,0.0,0.0,1.0,0.0,0.0,0.0,1.0,0.0,1.0,1.0,0.0,0.0,0.0,0.0,0.0,0.0,1.0,1.0,1.0,0.0,0.0,0.0,1.0,0.0,0.0,0.0,0.0,1.0,0.0,1.0,1.0,0.0,0.0,0.0,0.0,0.0,1.0,0.0,0.0,-1.0,0.0,1.0,0.0,0.0,0.0,1.0,0.0,0.0,0.0,0.0,1.0,0.0,0.0,0.0,0.0,0.0,0.0,1.0,0.0,0.0,0.0,0.0,0.0,0.0,1
2.248392730667609,0.3814866738794381,1.7391304347826086,450.80000000000007,84.0,48.300000000000004,0.10714285714285714,0.18633540372670807,28.0,16.1,16.1,28.0,0.0,16.1,0.0,16.1,0.0,28.0,28.0,0.06211180124223602,0.0,28.0,0.0,1.0,0.0,1.0,0.0,3.0,0.0,0.0,0.0,3.0,2.0,3.0,2.0,0.0,0.0,0.0,1.0,0.0,1.0,3.0,2.0,4.0,-1.0,3.0,0.0,3.0,1.0,1.0,0.0,1.0,3.0,1.0,2.0,3.0,0.0,0.0,0.0,1.0,0.0,0.0,0.0,3.0,0.0,0.0,4.0,1.0,0.0,0.0,1.0,1.0,0.0,0.0,0.0,0.0,1.0,0.0,0.0,1.0,0.0,0.0,1.0,0.0,0.0,0.0,0.0,0.0,0.0,1
2.1968662266224612,0.3856942496493689,1.6153846153846154,1092.0,84.0,52.0,0.047619047619047616,0.07692307692307693,42.0,26.0,26.0,42.0,0.0,26.0,0.0,26.0,0.0,42.0,42.0,0.038461538461538464,0.0,42.0,0.0,1.0,0.0,1.0,0.0,2.0,0.0,0.0,0.0,2.0,2.0,2.0,1.0,0.0,0.0,0.0,1.0,0.0,1.0,2.0,1.0,3.0,-1.0,2.0,0.0,2.0,1.0,1.0,0.0,1.0,2.0,1.0,2.0,2.0,0.0,0.0,0.0,1.0,0.0,0.0,0.0,2.0,0.0,0.0,3.0,1.0,0.0,0.0,1.0,1.0,0.0,0.0,0.0,0.0,1.0,0.0,0.0,1.0,0.0,0.0,1.0,0.0,0.0,0.0,0.0,0.0,0.0,1
2.505690050604676,0.3764044943820224,2.3859649122807016,121.125,51.0,21.375,0.17647058823529413,0.42105263157894735,17.0,7.125,7.125,17.0,17.0,0.0,7.125,0.0,0.0,0.0,0.0,0.0,0.0,0.0,0.0,0.0,0.0,0.0,0.0,3.0,0.0,0.0,0.0,3.0,0.0,3.0,3.0,0.0,0.0,0.0,0.0,0.0,0.0,3.0,3.0,3.0,0.0,0.0,0.0,3.0,0.0,0.0,0.0,0.0,3.0,0.0,1.0,3.0,0.0,0.0,0.0,0.0,0.0,3.0,0.0,0.0,-1.0,0.0,3.0,0.0,0.0,0.0,1.0,0.0,0.0,0.0,0.0,1.0,0.0,0.0,0.0,0.0,0.0,0.0,1.0,0.0,0.0,0.0,0.0,0.0,0.0,0
1.9380962559157007,0.3856942530911989,0.8944543828264758,2795.0,50.0,55.9,0.02,0.017889087656529516,50.0,55.9,55.9,50.0,50.0,0.0,55.9,55.9,0.0,50.0,0.0,0.017889087656529516,0.0,50.0,0.0,1.0,0.0,1.0,0.0,1.0,0.0,0.0,0.0,1.0,1.0,1.0,0.0,0.0,0.0,0.0,0.0,0.0,1.0,1.0,1.0,2.0,0.0,1.0,0.0,1.0,1.0,0.0,1.0,1.0,1.0,0.0,1.0,1.0,0.0,0.0,0.0,0.0,0.0,1.0,0.0,0.0,-1.0,0.0,1.0,0.0,0.0,0.0,1.0,1.0,0.0,0.0,0.0,1.0,0.0,0.0,1.0,0.0,0.0,0.0,1.0,0.0,0.0,0.0,0.0,0.0,0.0,0
3.244226150592344,0.3884993080508711,0.11666666666666667,1680.0,14.0,120.0,0.07142857142857142,0.008333333333333333,14.0,120.0,120.0,14.0,0.0,120.0,0.0,120.0,0.0,14.0,14.0,0.008333333333333333,28.0,14.0,0.016666666666666666,3.0,240.0,1.0,0.0,1.0,0.0,2.0,7.0,1.0,2.0,1.0,0.0,0.0,2.0,2.0,1.0,2.0,1.0,1.0,0.0,2.0,1.0,1.0,2.0,3.0,1.0,3.0,0.0,-1.0,1.0,1.0,2.0,-1.0,0.5,2.0,0.0,1.0,2.0,0.0,0.0,1.0,0.0,0.5,2.0,1.0,0.0,0.0,1.0,1.0,0.0,0.0,2.0,0.0,1.0,2.0,0.0,1.0,0.0,0.0,1.0,0.0,0.0,0.0,0.0,0.0,0.0,1
2.195070496895729,0.3856942336818678,0.610909090909091,721.875,63.0,103.125,0.14285714285714285,0.08727272727272728,21.0,34.375,34.375,21.0,0.0,34.375,0.0,68.75,0.0,42.0,21.0,0.05818181818181818,42.0,10.5,0.05818181818181818,4.0,68.75,2.0,0.0,3.0,0.0,2.0,10.5,3.0,3.0,3.0,1.0,0.0,2.0,2.0,1.0,4.0,2.0,3.0,2.0,5.0,1.0,1.5,2.0,5.0,2.0,3.0,1.0,0.0,3.0,1.0,2.0,1.0,1.0,2.0,0.0,1.0,2.0,0.0,0.0,3.0,0.0,1.5,4.0,1.0,0.0,0.0,1.0,2.0,0.0,0.0,6.0,0.0,1.0,2.0,0.0,2.0,0.0,0.0,1.0,0.0,0.0,0.0,0.0,0.0,0.0,0
1.9512524661078006,0.3870967835280519,1.28,450.0,48.0,37.5,0.08333333333333333,0.10666666666666667,24.0,18.75,18.75,24.0,0.0,18.75,0.0,37.5,0.0,48.0,24.0,0.10666666666666667,72.0,12.0,0.16,5.0,56.25,2.0,0.0,2.0,0.0,3.0,8.0,2.0,3.0,2.0,0.0,0.0,3.0,3.0,1.0,6.0,2.0,2.0,1.0,4.0,2.0,1.0,3.0,5.0,2.0,4.0,1.0,-1.0,2.0,1.0,2.0,-1.0,0.6666666666666666,3.0,0.0,1.0,3.0,0.0,0.0,2.0,0.0,0.6666666666666666,3.0,1.0,0.0,0.0,1.0,2.0,0.0,0.0,6.0,0.0,1.0,3.0,0.0,2.0,0.0,0.0,1.0,0.0,0.0,0.0,0.0,0.0,0.0,1
3.020180737128861,0.3870967857675673,0.24334600760456274,16832.0,64.0,263.0,0.015625,0.0038022813688212928,64.0,263.0,263.0,64.0,64.0,0.0,263.0,263.0,0.0,64.0,0.0,0.0038022813688212928,256.0,64.0,0.015209125475285171,5.0,1052.0,1.0,0.0,1.0,0.0,4.0,16.0,1.0,1.0,1.0,0.0,0.0,4.0,4.0,0.0,4.0,1.0,1.0,1.0,2.0,4.0,1.0,4.0,5.0,1.0,4.0,1.0,-3.0,1.0,0.0,1.0,-3.0,0.25,4.0,0.0,0.0,4.0,1.0,0.0,0.0,-1.0,0.25,1.0,0.0,4.0,0.0,1.0,1.0,0.0,0.0,4.0,1.0,0.0,0.0,1.0,0.0,0.0,0.0,1.0,0.0,0.0,0.0,0.0,0.0,0.0,0
2.7951786495156408,0.3764044943820224,2.9523809523809526,325.5,62.0,21.0,0.06451612903225806,0.19047619047619047,31.0,10.5,10.5,31.0,31.0,0.0,10.5,0.0,0.0,0.0,0.0,0.0,0.0,0.0,0.0,0.0,0.0,0.0,0.0,2.0,0.0,0.0,0.0,2.0,0.0,2.0,2.0,0.0,0.0,0.0,0.0,0.0,0.0,2.0,2.0,2.0,0.0,0.0,0.0,2.0,0.0,0.0,0.0,0.0,2.0,0.0,1.0,2.0,0.0,0.0,0.0,0.0,0.0,2.0,0.0,0.0,-1.0,0.0,2.0,0.0,0.0,0.0,1.0,0.0,0.0,0.0,0.0,1.0,0.0,0.0,0.0,0.0,0.0,0.0,1.0,0.0,0.0,0.0,0.0,0.0,0.0,0
2.261436056058914,0.3814866778217858,1.7142857142857142,1181.25,90.0,52.5,0.044444444444444446,0.0761904761904762,45.0,26.25,26.25,45.0,0.0,26.25,0.0,26.25,0.0,45.0,45.0,0.0380952380952381,45.0,45.0,0.0380952380952381,2.0,26.25,1.0,0.0,2.0,0.0,1.0,45.0,2.0,2.0,2.0,1.0,0.0,1.0,1.0,1.0,1.0,1.0,2.0,1.0,3.0,0.0,2.0,1.0,3.0,1.0,2.0,0.0,0.0,2.0,1.0,2.0,1.0,1.0,1.0,0.0,1.0,1.0,0.0,0.0,2.0,0.0,2.0,3.0,1.0,0.0,0.0,1.0,1.0,0.0,0.0,2.0,0.0,1.0,1.0,0.0,1.0,0.0,0.0,1.0,0.0,0.0,0.0,0.0,0.0,0.0,1
2.4106199170523595,0.3870967741935484,2.1052631578947367,190.0,60.0,28.5,0.15,0.3157894736842105,20.0,9.5,9.5,20.0,20.0,0.0,9.5,0.0,0.0,0.0,0.0,0.0,0.0,0.0,0.0,0.0,0.0,0.0,0.0,3.0,0.0,0.0,0.0,3.0,0.0,3.0,3.0,0.0,0.0,0.0,0.0,0.0,0.0,3.0,3.0,3.0,0.0,0.0,0.0,3.0,0.0,0.0,0.0,0.0,3.0,0.0,1.0,3.0,0.0,0.0,0.0,0.0,0.0,3.0,0.0,0.0,-1.0,0.0,3.0,0.0,0.0,0.0,1.0,0.0,0.0,0.0,0.0,1.0,0.0,0.0,0.0,0.0,0.0,0.0,1.0,0.0,0.0,0.0,0.0,0.0,0.0,0
2.833130183068823,0.3764044943820224,3.215434083601286,194.375,75.0,23.325000000000003,0.12,0.3858520900321543,25.0,7.775,7.775,25.0,25.0,0.0,7.775,7.775,0.0,25.0,0.0,0.12861736334405144,0.0,25.0,0.0,1.0,0.0,1.0,0.0,3.0,0.0,0.0,0.0,3.0,1.0,3.0,2.0,0.0,0.0,0.0,0.0,0.0,1.0,3.0,3.0,4.0,0.0,3.0,0.0,3.0,1.0,0.0,1.0,1.0,3.0,0.0,1.0,3.0,0.0,0.0,0.0,0.0,0.0,3.0,0.0,0.0,-1.0,0.0,3.0,0.0,0.0,0.0,1.0,1.0,0.0,0.0,0.0,1.0,0.0,0.0,1.0,0.0,0.0,0.0,1.0,0.0,0.0,0.0,0.0,0.0,0.0,0
2.492875313184975,0.3814866760168303,2.1538461538461537,364.0,56.0,26.0,0.07142857142857142,0.15384615384615385,28.0,13.0,13.0,28.0,0.0,13.0,0.0,0.0,0.0,0.0,28.0,0.0,0.0,0.0,0.0,0.0,0.0,0.0,0.0,2.0,0.0,0.0,0.0,2.0,1.0,2.0,2.0,0.0,0.0,0.0,1.0,0.0,0.0,2.0,1.0,2.0,-1.0,0.0,0.0,2.0,0.0,1.0,-1.0,0.0,2.0,1.0,2.0,2.0,0.0,0.0,0.0,1.0,0.0,0.0,0.0,2.0,0.0,0.0,3.0,1.0,0.0,0.0,1.0,0.0,0.0,0.0,0.0,0.0,1.0,0.0,0.0,0.0,0.0,0.0,1.0,0.0,0.0,0.0,0.0,0.0,0.0,1
2.8843911946087553,0.3856942496493689,3.451463790446841,227.15000000000003,84.0,24.337500000000002,0.10714285714285714,0.3697996918335901,28.0,8.1125,8.1125,28.0,28.0,0.0,8.1125,0.0,0.0,0.0,0.0,0.0,0.0,0.0,0.0,0.0,0.0,0.0,0.0,3.0,0.0,0.0,0.0,3.0,0.0,3.0,3.0,0.0,0.0,0.0,0.0,0.0,0.0,3.0,3.0,3.0,0.0,0.0,0.0,3.0,0.0,0.0,0.0,0.0,3.0,0.0,1.0,3.0,0.0,0.0,0.0,0.0,0.0,3.0,0.0,0.0,-1.0,0.0,3.0,0.0,0.0,0.0,1.0,0.0,0.0,0.0,0.0,1.0,0.0,0.0,0.0,0.0,0.0,0.0,1.0,0.0,0.0,0.0,0.0,0.0,0.0,1
3.3022444756665066,0.3856942496493689,0.04886492878547441,327.4332,4.0,81.8583,0.25,0.012216232196368602,4.0,81.8583,81.8583,4.0,4.0,0.0,81.8583,0.0,0.0,0.0,0.0,0.0,8.0,0.0,0.024432464392737205,2.0,163.7166,0.0,0.0,1.0,0.0,2.0,2.0,1.0,0.0,1.0,1.0,0.0,2.0,2.0,0.0,0.0,0.0,1.0,1.0,1.0,2.0,0.0,2.0,3.0,0.0,2.0,0.0,-2.0,1.0,0.0,1.0,-1.0,0.0,2.0,0.0,0.0,2.0,1.0,0.0,0.0,-1.0,0.5,1.0,0.0,2.0,0.0,1.0,0.0,0.0,0.0,2.0,1.0,0.0,0.0,0.0,0.0,0.0,0.0,1.0,0.0,0.0,0.0,0.0,0.0,0.0,1
2.0985776422481104,0.3764044978759011,0.6666666666666666,253.5,26.0,39.0,0.15384615384615385,0.10256410256410256,13.0,19.5,19.5,13.0,0.0,19.5,0.0,0.0,0.0,0.0,13.0,0.0,13.0,0.0,0.05128205128205128,1.0,19.5,0.0,0.0,2.0,0.0,1.0,13.0,2.0,1.0,2.0,2.0,0.0,1.0,1.0,1.0,0.0,0.0,2.0,1.0,2.0,0.0,0.0,1.0,3.0,0.0,2.0,-1.0,-1.0,2.0,1.0,2.0,1.0,0.0,1.0,0.0,1.0,1.0,0.0,0.0,2.0,0.0,2.0,3.0,1.0,0.0,0.0,1.0,0.0,0.0,0.0,2.0,0.0,1.0,1.0,0.0,0.0,0.0,0.0,1.0,0.0,0.0,0.0,0.0,0.0,0.0,1
2.0002535861301656,0.3764044943820224,1.28060263653484,902.7,34.0,26.55,0.029411764705882353,0.03766478342749529,34.0,26.55,26.55,34.0,34.0,0.0,26.55,0.0,0.0,0.0,0.0,0.0,0.0,0.0,0.0,0.0,0.0,0.0,0.0,1.0,0.0,0.0,0.0,1.0,0.0,1.0,1.0,0.0,0.0,0.0,0.0,0.0,0.0,1.0,1.0,1.0,0.0,0.0,0.0,1.0,0.0,0.0,0.0,0.0,1.0,0.0,1.0,1.0,0.0,0.0,0.0,0.0,0.0,1.0,0.0,0.0,-1.0,0.0,1.0,0.0,0.0,0.0,1.0,0.0,0.0,0.0,0.0,1.0,0.0,0.0,0.0,0.0,0.0,0.0,1.0,0.0,0.0,0.0,0.0,0.0,0.0,1
2.909704146549985,0.3764045201984869,0.25962831610266746,96.29149999999998,15.0,57.774899999999995,0.6,0.15577698966160047,5.0,0.0,19.2583,0.0,0.0,19.2583,0.0,38.5166,19.2583,10.0,5.0,0.10385132644106698,5.0,2.5,0.05192566322053349,3.0,19.2583,3.0,0.0,3.0,5.0,2.0,5.0,2.0,3.0,0.0,1.0,0.0,0.0,1.0,2.0,2.0,1.0,3.0,2.0,5.0,0.0,1.5,1.0,4.0,0.0,2.0,1.0,1.0,4.0,1.0,1.0,2.0,2.0,0.0,0.0,1.0,1.0,0.0,3.0,3.0,1.0,3.0,4.0,1.0,0.0,1.0,0.0,2.0,0.0,1.0,3.0,0.0,0.0,1.0,0.0,2.0,2.0,0.0,1.0,0.0,1.0,0.0,0.0,0.0,0.0,1
2.254330003563365,0.3856942496493689,1.7049180327868851,1586.0,52.0,30.5,0.019230769230769232,0.03278688524590164,52.0,30.5,30.5,52.0,52.0,0.0,30.5,0.0,0.0,0.0,0.0,0.0,0.0,0.0,0.0,0.0,0.0,0.0,0.0,1.0,0.0,0.0,0.0,1.0,0.0,1.0,1.0,0.0,0.0,0.0,0.0,0.0,0.0,1.0,1.0,1.0,0.0,0.0,0.0,1.0,0.0,0.0,0.0,0.0,1.0,0.0,1.0,1.0,0.0,0.0,0.0,0.0,0.0,1.0,0.0,0.0,-1.0,0.0,1.0,0.0,0.0,0.0,1.0,0.0,0.0,0.0,0.0,1.0,0.0,0.0,0.0,0.0,0.0,0.0,1.0,0.0,0.0,0.0,0.0,0.0,0.0,1
2.0025115640234072,0.3856942590052328,1.2972972972972974,999.0,72.0,55.5,0.05555555555555555,0.07207207207207207,36.0,27.75,27.75,36.0,36.0,0.0,27.75,27.75,0.0,36.0,0.0,0.036036036036036036,72.0,36.0,0.07207207207207207,3.0,55.5,1.0,0.0,2.0,0.0,2.0,18.0,2.0,1.0,2.0,1.0,0.0,2.0,2.0,0.0,2.0,1.0,2.0,2.0,3.0,2.0,2.0,2.0,4.0,1.0,2.0,1.0,-1.0,2.0,0.0,1.0,0.0,0.5,2.0,0.0,0.0,2.0,2.0,0.0,0.0,-1.0,1.0,2.0,0.0,2.0,0.0,1.0,1.0,0.0,0.0,4.0,1.0,0.0,0.0,1.0,0.0,0.0,0.0,1.0,0.0,0.0,0.0,0.0,0.0,0.0,0
2.0407825889255657,0.3814866760168303,1.4023348875878339,559.0676,84.0,59.900099999999995,0.10714285714285714,0.15025016652726791,28.0,19.9667,19.9667,28.0,28.0,0.0,19.9667,19.9667,0.0,28.0,0.0,0.05008338884242264,0.0,28.0,0.0,1.0,0.0,1.0,0.0,3.0,0.0,0.0,0.0,3.0,1.0,3.0,2.0,0.0,0.0,0.0,0.0,0.0,1.0,3.0,3.0,4.0,0.0,3.0,0.0,3.0,1.0,0.0,1.0,1.0,3.0,0.0,1.0,3.0,0.0,0.0,0.0,0.0,0.0,3.0,0.0,0.0,-1.0,0.0,3.0,0.0,0.0,0.0,1.0,1.0,0.0,0.0,0.0,1.0,0.0,0.0,1.0,0.0,0.0,0.0,1.0,0.0,0.0,0.0,0.0,0.0,0.0,0
1.9249732353507742,0.3870967741935484,1.0810810810810811,832.5,30.0,27.75,0.03333333333333333,0.036036036036036036,30.0,0.0,27.75,0.0,30.0,0.0,27.75,0.0,27.75,0.0,0.0,0.0,0.0,0.0,0.0,0.0,0.0,1.0,0.0,1.0,30.0,1.0,0.0,0.0,0.0,0.0,1.0,0.0,-1.0,0.0,1.0,0.0,-1.0,1.0,1.0,1.0,0.0,0.0,0.0,1.0,0.0,0.0,0.0,0.0,2.0,0.0,0.0,1.0,0.0,0.0,0.0,0.0,0.0,1.0,1.0,0.0,0.0,0.0,1.0,0.0,0.0,0.0,0.0,0.0,0.0,1.0,0.0,0.0,-1.0,0.0,0.0,0.0,0.0,0.0,1.0,0.0,0.0,0.0,0.0,0.0,1.0,0
2.322978994689417,0.3856942530911989,0.5499179612184386,4366.1058,49.0,89.1042,0.02040816326530612,0.011222815535070176,49.0,0.0,89.1042,0.0,49.0,0.0,89.1042,89.1042,89.1042,49.0,0.0,0.011222815535070176,0.0,49.0,0.0,1.0,0.0,2.0,0.0,1.0,49.0,1.0,0.0,0.0,1.0,0.0,0.0,0.0,-1.0,0.0,1.0,0.0,0.0,1.0,1.0,2.0,0.0,1.0,0.0,1.0,0.0,0.0,1.0,1.0,2.0,0.0,0.0,1.0,0.0,0.0,0.0,0.0,0.0,1.0,1.0,0.0,0.0,0.0,1.0,0.0,0.0,0.0,0.0,1.0,0.0,1.0,0.0,0.0,-1.0,0.0,1.0,0.0,1.0,0.0,1.0,0.0,0.0,0.0,0.0,0.0,1.0,1
2.889492585726881,0.3884992987377279,3.4782608695652173,225.40000000000003,84.0,24.150000000000002,0.10714285714285714,0.37267080745341613,28.0,8.05,8.05,28.0,28.0,0.0,8.05,0.0,0.0,0.0,0.0,0.0,0.0,0.0,0.0,0.0,0.0,0.0,0.0,3.0,0.0,0.0,0.0,3.0,0.0,3.0,3.0,0.0,0.0,0.0,0.0,0.0,0.0,3.0,3.0,3.0,0.0,0.0,0.0,3.0,0.0,0.0,0.0,0.0,3.0,0.0,1.0,3.0,0.0,0.0,0.0,0.0,0.0,3.0,0.0,0.0,-1.0,0.0,3.0,0.0,0.0,0.0,1.0,0.0,0.0,0.0,0.0,1.0,0.0,0.0,0.0,0.0,0.0,0.0,1.0,0.0,0.0,0.0,0.0,0.0,0.0,0
2.926687516573376,0.3884992987377279,3.672838724385116,228.97820000000002,87.0,23.6874,0.10344827586206896,0.379948833557081,29.0,0.0,7.8958,0.0,29.0,0.0,7.8958,0.0,7.8958,0.0,0.0,0.0,0.0,0.0,0.0,0.0,0.0,1.0,0.0,3.0,29.0,1.0,0.0,2.0,0.0,0.0,3.0,0.0,-1.0,0.0,1.0,0.0,-1.0,3.0,3.0,3.0,0.0,0.0,0.0,3.0,0.0,0.0,0.0,0.0,4.0,0.0,0.0,3.0,0.0,0.0,0.0,0.0,0.0,3.0,3.0,0.0,0.0,0.0,3.0,0.0,0.0,0.0,0.0,0.0,0.0,1.0,0.0,0.0,-1.0,0.0,0.0,0.0,0.0,0.0,1.0,0.0,0.0,0.0,0.0,0.0,1.0,1
2.633279937249639,0.3856942496493689,2.4482109227871938,1725.75,65.0,26.55,0.015384615384615385,0.03766478342749529,65.0,26.55,26.55,65.0,65.0,0.0,26.55,0.0,0.0,0.0,0.0,0.0,0.0,0.0,0.0,0.0,0.0,0.0,0.0,1.0,0.0,0.0,0.0,1.0,0.0,1.0,1.0,0.0,0.0,0.0,0.0,0.0,0.0,1.0,1.0,1.0,0.0,0.0,0.0,1.0,0.0,0.0,0.0,0.0,1.0,0.0,1.0,1.0,0.0,0.0,0.0,0.0,0.0,1.0,0.0,0.0,-1.0,0.0,1.0,0.0,0.0,0.0,1.0,0.0,0.0,0.0,0.0,1.0,0.0,0.0,0.0,0.0,0.0,0.0,1.0,0.0,0.0,0.0,0.0,0.0,0.0,0
2.3438542111939813,0.3764044943820224,0.5398891299108219,1452.1499999999999,28.0,51.8625,0.03571428571428571,0.019281754639672213,28.0,51.8625,51.8625,28.0,0.0,51.8625,0.0,51.8625,0.0,28.0,28.0,0.019281754639672213,0.0,28.0,0.0,1.0,0.0,1.0,0.0,1.0,0.0,0.0,0.0,1.0,2.0,1.0,0.0,0.0,0.0,0.0,1.0,0.0,1.0,1.0,0.0,2.0,-1.0,1.0,0.0,1.0,1.0,1.0,0.0,1.0,1.0,1.0,2.0,1.0,0.0,0.0,0.0,1.0,0.0,0.0,0.0,1.0,0.0,0.0,2.0,1.0,0.0,0.0,1.0,1.0,0.0,0.0,0.0,0.0,1.0,0.0,0.0,1.0,0.0,0.0,1.0,0.0,0.0,0.0,0.0,0.0,0.0,1
3.089453791904006,0.3884992987377279,4.761904761904762,525.0,100.0,21.0,0.04,0.19047619047619047,50.0,10.5,10.5,50.0,0.0,10.5,0.0,0.0,0.0,0.0,50.0,0.0,0.0,0.0,0.0,0.0,0.0,0.0,0.0,2.0,0.0,0.0,0.0,2.0,1.0,2.0,2.0,0.0,0.0,0.0,1.0,0.0,0.0,2.0,1.0,2.0,-1.0,0.0,0.0,2.0,0.0,1.0,-1.0,0.0,2.0,1.0,2.0,2.0,0.0,0.0,0.0,1.0,0.0,0.0,0.0,2.0,0.0,0.0,3.0,1.0,0.0,0.0,1.0,0.0,0.0,0.0,0.0,0.0,1.0,0.0,0.0,0.0,0.0,0.0,1.0,0.0,0.0,0.0,0.0,0.0,0.0,1
2.9136213823100587,0.3884992987377279,3.6129032258064515,217.0,84.0,23.25,0.10714285714285714,0.3870967741935484,28.0,0.0,7.75,0.0,28.0,0.0,7.75,0.0,0.0,0.0,0.0,0.0,0.0,0.0,0.0,0.0,0.0,0.0,7.75,3.0,0.0,0.0,0.0,3.0,0.0,0.0,3.0,28.0,0.0,-1.0,0.0,0.0,0.0,2.0,3.0,3.0,0.0,0.0,1.0,3.0,0.0,0.0,0.0,0.0,3.0,1.0,0.0,3.0,0.0,0.0,1.0,0.0,0.0,3.0,0.0,0.0,0.0,0.0,3.0,-1.0,0.0,0.0,0.0,0.0,1.0,0.0,0.0,0.0,0.0,0.0,0.0,0.0,0.0,0.0,1.0,0.0,0.0,0.0,0.0,0.0,0.0,0
2.316203674100894,0.3884992987377279,1.807909604519774,1274.4,48.0,26.55,0.020833333333333332,0.03766478342749529,48.0,26.55,26.55,48.0,48.0,0.0,26.55,0.0,0.0,0.0,0.0,0.0,0.0,0.0,0.0,0.0,0.0,0.0,0.0,1.0,0.0,0.0,0.0,1.0,0.0,1.0,1.0,0.0,0.0,0.0,0.0,0.0,0.0,1.0,1.0,1.0,0.0,0.0,0.0,1.0,0.0,0.0,0.0,0.0,1.0,0.0,1.0,1.0,0.0,0.0,0.0,0.0,0.0,1.0,0.0,0.0,-1.0,0.0,1.0,0.0,0.0,0.0,1.0,0.0,0.0,0.0,0.0,1.0,0.0,0.0,0.0,0.0,0.0,0.0,1.0,0.0,0.0,0.0,0.0,0.0,0.0,1
3.014142592307305,0.3884992987377279,4.22360248447205,273.70000000000005,102.0,24.150000000000002,0.08823529411764706,0.37267080745341613,34.0,8.05,8.05,34.0,34.0,0.0,8.05,0.0,0.0,0.0,0.0,0.0,0.0,0.0,0.0,0.0,0.0,0.0,0.0,3.0,0.0,0.0,0.0,3.0,0.0,3.0,3.0,0.0,0.0,0.0,0.0,0.0,0.0,3.0,3.0,3.0,0.0,0.0,0.0,3.0,0.0,0.0,0.0,0.0,3.0,0.0,1.0,3.0,0.0,0.0,0.0,0.0,0.0,3.0,0.0,0.0,-1.0,0.0,3.0,0.0,0.0,0.0,1.0,0.0,0.0,0.0,0.0,1.0,0.0,0.0,0.0,0.0,0.0,0.0,1.0,0.0,0.0,0.0,0.0,0.0,0.0,0
1.9744309599572727,0.3764044943820224,1.2207792207792207,1809.5,47.0,38.5,0.02127659574468085,0.025974025974025976,47.0,38.5,38.5,47.0,47.0,0.0,38.5,0.0,0.0,0.0,0.0,0.0,0.0,0.0,0.0,0.0,0.0,0.0,0.0,1.0,0.0,0.0,0.0,1.0,0.0,1.0,1.0,0.0,0.0,0.0,0.0,0.0,0.0,1.0,1.0,1.0,0.0,0.0,0.0,1.0,0.0,0.0,0.0,0.0,1.0,0.0,1.0,1.0,0.0,0.0,0.0,0.0,0.0,1.0,0.0,0.0,-1.0,0.0,1.0,0.0,0.0,0.0,1.0,0.0,0.0,0.0,0.0,1.0,0.0,0.0,0.0,0.0,0.0,0.0,1.0,0.0,0.0,0.0,0.0,0.0,0.0,0
2.9604119617657787,0.3870967741935484,3.6923076923076925,624.0,96.0,26.0,0.041666666666666664,0.15384615384615385,48.0,13.0,13.0,48.0,48.0,0.0,13.0,0.0,0.0,0.0,0.0,0.0,0.0,0.0,0.0,0.0,0.0,0.0,0.0,2.0,0.0,0.0,0.0,2.0,0.0,2.0,2.0,0.0,0.0,0.0,0.0,0.0,0.0,2.0,2.0,2.0,0.0,0.0,0.0,2.0,0.0,0.0,0.0,0.0,2.0,0.0,1.0,2.0,0.0,0.0,0.0,0.0,0.0,2.0,0.0,0.0,-1.0,0.0,2.0,0.0,0.0,0.0,1.0,0.0,0.0,0.0,0.0,1.0,0.0,0.0,0.0,0.0,0.0,0.0,1.0,0.0,0.0,0.0,0.0,0.0,0.0,0
2.8894673755070204,0.3856942496493689,3.4782608695652173,225.40000000000003,84.0,24.150000000000002,0.10714285714285714,0.37267080745341613,28.0,8.05,8.05,28.0,28.0,0.0,8.05,0.0,0.0,0.0,0.0,0.0,0.0,0.0,0.0,0.0,0.0,0.0,0.0,3.0,0.0,0.0,0.0,3.0,0.0,3.0,3.0,0.0,0.0,0.0,0.0,0.0,0.0,3.0,3.0,3.0,0.0,0.0,0.0,3.0,0.0,0.0,0.0,0.0,3.0,0.0,1.0,3.0,0.0,0.0,0.0,0.0,0.0,3.0,0.0,0.0,-1.0,0.0,3.0,0.0,0.0,0.0,1.0,0.0,0.0,0.0,0.0,1.0,0.0,0.0,0.0,0.0,0.0,0.0,1.0,0.0,0.0,0.0,0.0,0.0,0.0,0
3.118414740868194,0.3764044943820224,5.390070921985815,267.9,114.0,21.15,0.07894736842105263,0.425531914893617,38.0,7.05,7.05,38.0,38.0,0.0,7.05,0.0,0.0,0.0,0.0,0.0,0.0,0.0,0.0,0.0,0.0,0.0,0.0,3.0,0.0,0.0,0.0,3.0,0.0,3.0,3.0,0.0,0.0,0.0,0.0,0.0,0.0,3.0,3.0,3.0,0.0,0.0,0.0,3.0,0.0,0.0,0.0,0.0,3.0,0.0,1.0,3.0,0.0,0.0,0.0,0.0,0.0,3.0,0.0,0.0,-1.0,0.0,3.0,0.0,0.0,0.0,1.0,0.0,0.0,0.0,0.0,1.0,0.0,0.0,0.0,0.0,0.0,0.0,1.0,0.0,0.0,0.0,0.0,0.0,0.0,0
3.2804860292506874,0.3884992965610454,0.0,0.0,56.0,0.0,0.07142857142857142,0.0,28.0,0.0,0.0,28.0,28.0,0.0,0.0,0.0,0.0,0.0,0.0,0.0,0.0,0.0,0.0,0.0,0.0,0.0,0.0,2.0,0.0,0.0,0.0,2.0,0.0,2.0,2.0,0.0,0.0,0.0,0.0,0.0,0.0,2.0,2.0,2.0,0.0,0.0,0.0,2.0,0.0,0.0,0.0,0.0,2.0,0.0,1.0,2.0,0.0,0.0,0.0,0.0,0.0,2.0,0.0,0.0,-1.0,0.0,2.0,0.0,0.0,0.0,1.0,0.0,0.0,0.0,0.0,1.0,0.0,0.0,0.0,0.0,0.0,0.0,1.0,0.0,0.0,0.0,0.0,0.0,0.0,0
2.4813436930488617,0.3814866760168303,2.109227871939736,1486.8,56.0,26.55,0.017857142857142856,0.03766478342749529,56.0,26.55,26.55,56.0,56.0,0.0,26.55,0.0,0.0,0.0,0.0,0.0,0.0,0.0,0.0,0.0,0.0,0.0,0.0,1.0,0.0,0.0,0.0,1.0,0.0,1.0,1.0,0.0,0.0,0.0,0.0,0.0,0.0,1.0,1.0,1.0,0.0,0.0,0.0,1.0,0.0,0.0,0.0,0.0,1.0,0.0,1.0,1.0,0.0,0.0,0.0,0.0,0.0,1.0,0.0,0.0,-1.0,0.0,1.0,0.0,0.0,0.0,1.0,0.0,0.0,0.0,0.0,1.0,0.0,0.0,0.0,0.0,0.0,0.0,1.0,0.0,0.0,0.0,0.0,0.0,0.0,0
2.9155881655036384,0.3856942496493689,3.6245954692556634,216.29999999999998,84.0,23.174999999999997,0.10714285714285714,0.3883495145631068,28.0,0.0,7.725,0.0,28.0,0.0,7.725,0.0,0.0,0.0,0.0,0.0,0.0,0.0,0.0,0.0,0.0,0.0,7.725,3.0,0.0,0.0,0.0,3.0,0.0,0.0,3.0,28.0,0.0,-1.0,0.0,0.0,0.0,2.0,3.0,3.0,0.0,0.0,1.0,3.0,0.0,0.0,0.0,0.0,3.0,1.0,0.0,3.0,0.0,0.0,1.0,0.0,0.0,3.0,0.0,0.0,0.0,0.0,3.0,-1.0,0.0,0.0,0.0,0.0,1.0,0.0,0.0,0.0,0.0,0.0,0.0,0.0,0.0,0.0,1.0,0.0,0.0,0.0,0.0,0.0,0.0,0
3.161593707516019,0.3870967995673591,0.03894424741540012,14.443724999999999,2.25,57.774899999999995,4.0,0.15577698966160047,0.75,0.0,19.2583,0.0,0.0,19.2583,0.0,38.5166,19.2583,1.5,0.75,0.10385132644106698,0.75,0.375,0.05192566322053349,3.0,19.2583,3.0,0.0,3.0,0.75,2.0,0.75,2.0,3.0,0.0,1.0,0.0,0.0,1.0,2.0,2.0,1.0,3.0,2.0,5.0,0.0,1.5,1.0,4.0,0.0,2.0,1.0,1.0,4.0,1.0,1.0,2.0,2.0,0.0,0.0,1.0,1.0,0.0,3.0,3.0,1.0,3.0,4.0,1.0,0.0,1.0,0.0,2.0,0.0,1.0,3.0,0.0,0.0,1.0,0.0,2.0,2.0,0.0,1.0,0.0,1.0,0.0,0.0,0.0,0.0,1
2.9527902842335463,0.3814866760168303,3.8620689655172415,203.0,84.0,21.75,0.10714285714285714,0.41379310344827586,28.0,7.25,7.25,28.0,28.0,0.0,7.25,0.0,0.0,0.0,0.0,0.0,0.0,0.0,0.0,0.0,0.0,0.0,0.0,3.0,0.0,0.0,0.0,3.0,0.0,3.0,3.0,0.0,0.0,0.0,0.0,0.0,0.0,3.0,3.0,3.0,0.0,0.0,0.0,3.0,0.0,0.0,0.0,0.0,3.0,0.0,1.0,3.0,0.0,0.0,0.0,0.0,0.0,3.0,0.0,0.0,-1.0,0.0,3.0,0.0,0.0,0.0,1.0,0.0,0.0,0.0,0.0,1.0,0.0,0.0,0.0,0.0,0.0,0.0,1.0,0.0,0.0,0.0,0.0,0.0,0.0,0
3.0379854762061558,0.3884992987377279,4.386724386724387,329.175,114.0,25.987499999999997,0.07894736842105263,0.34632034632034636,38.0,8.6625,8.6625,38.0,38.0,0.0,8.6625,0.0,0.0,0.0,0.0,0.0,0.0,0.0,0.0,0.0,0.0,0.0,0.0,3.0,0.0,0.0,0.0,3.0,0.0,3.0,3.0,0.0,0.0,0.0,0.0,0.0,0.0,3.0,3.0,3.0,0.0,0.0,0.0,3.0,0.0,0.0,0.0,0.0,3.0,0.0,1.0,3.0,0.0,0.0,0.0,0.0,0.0,3.0,0.0,0.0,-1.0,0.0,3.0,0.0,0.0,0.0,1.0,0.0,0.0,0.0,0.0,1.0,0.0,0.0,0.0,0.0,0.0,0.0,1.0,0.0,0.0,0.0,0.0,0.0,0.0,0
1.9497371879996401,0.3870967759130622,1.1891891891891893,915.75,66.0,55.5,0.06060606060606061,0.07207207207207207,33.0,27.75,27.75,33.0,0.0,27.75,0.0,27.75,0.0,33.0,33.0,0.036036036036036036,66.0,33.0,0.07207207207207207,3.0,55.5,1.0,0.0,2.0,0.0,2.0,16.5,2.0,2.0,2.0,1.0,0.0,2.0,2.0,1.0,2.0,1.0,2.0,1.0,3.0,1.0,2.0,2.0,4.0,1.0,3.0,0.0,-1.0,2.0,1.0,2.0,0.0,0.5,2.0,0.0,1.0,2.0,0.0,0.0,2.0,0.0,1.0,3.0,1.0,0.0,0.0,1.0,1.0,0.0,0.0,4.0,0.0,1.0,2.0,0.0,1.0,0.0,0.0,1.0,0.0,0.0,0.0,0.0,0.0,0.0,1
2.21061456637199,0.3814866760168303,1.6676696853904884,317.20910000000003,46.0,27.5834,0.08695652173913043,0.14501475525134683,23.0,0.0,13.7917,0.0,0.0,13.7917,0.0,0.0,13.7917,0.0,23.0,0.0,0.0,0.0,0.0,0.0,0.0,1.0,0.0,2.0,23.0,1.0,0.0,1.0,1.0,0.0,2.0,0.0,-1.0,0.0,2.0,0.0,-1.0,2.0,1.0,2.0,-1.0,0.0,0.0,2.0,0.0,1.0,-1.0,0.0,3.0,1.0,1.0,2.0,0.0,0.0,0.0,1.0,0.0,0.0,2.0,2.0,1.0,0.0,3.0,1.0,0.0,0.0,0.0,0.0,0.0,1.0,0.0,0.0,0.0,0.0,0.0,0.0,0.0,0.0,1.0,0.0,1.0,0.0,0.0,0.0,0.0,1
2.487118104922252,0.3884992987377279,2.236340533672173,216.425,66.0,29.512500000000003,0.13636363636363635,0.30495552731893266,22.0,9.8375,9.8375,22.0,0.0,9.8375,0.0,0.0,0.0,0.0,22.0,0.0,0.0,0.0,0.0,0.0,0.0,0.0,0.0,3.0,0.0,0.0,0.0,3.0,1.0,3.0,3.0,0.0,0.0,0.0,1.0,0.0,0.0,3.0,2.0,3.0,-1.0,0.0,0.0,3.0,0.0,1.0,-1.0,0.0,3.0,1.0,2.0,3.0,0.0,0.0,0.0,1.0,0.0,0.0,0.0,3.0,0.0,0.0,4.0,1.0,0.0,0.0,1.0,0.0,0.0,0.0,0.0,0.0,1.0,0.0,0.0,0.0,0.0,0.0,1.0,0.0,0.0,0.0,0.0,0.0,0.0,0
2.3450120098793055,0.3884992965610454,0.5384615384615384,1456.0,28.0,52.0,0.03571428571428571,0.019230769230769232,28.0,52.0,52.0,28.0,28.0,0.0,52.0,0.0,0.0,0.0,0.0,0.0,0.0,0.0,0.0,0.0,0.0,0.0,0.0,1.0,0.0,0.0,0.0,1.0,0.0,1.0,1.0,0.0,0.0,0.0,0.0,0.0,0.0,1.0,1.0,1.0,0.0,0.0,0.0,1.0,0.0,0.0,0.0,0.0,1.0,0.0,1.0,1.0,0.0,0.0,0.0,0.0,0.0,1.0,0.0,0.0,-1.0,0.0,1.0,0.0,0.0,0.0,1.0,0.0,0.0,0.0,0.0,1.0,0.0,0.0,0.0,0.0,0.0,0.0,1.0,0.0,0.0,0.0,0.0,0.0,0.0,0
2.1961293676540605,0.3884992987377279,1.619047619047619,714.0,68.0,42.0,0.058823529411764705,0.09523809523809523,34.0,21.0,21.0,34.0,34.0,0.0,21.0,21.0,0.0,34.0,0.0,0.047619047619047616,0.0,34.0,0.0,1.0,0.0,1.0,0.0,2.0,0.0,0.0,0.0,2.0,1.0,2.0,1.0,0.0,0.0,0.0,0.0,0.0,1.0,2.0,2.0,3.0,0.0,2.0,0.0,2.0,1.0,0.0,1.0,1.0,2.0,0.0,1.0,2.0,0.0,0.0,0.0,0.0,0.0,2.0,0.0,0.0,-1.0,0.0,2.0,0.0,0.0,0.0,1.0,1.0,0.0,0.0,0.0,1.0,0.0,0.0,1.0,0.0,0.0,0.0,1.0,0.0,0.0,0.0,0.0,0.0,0.0,0
2.9974545792952827,0.3764044943820224,4.115927219052486,204.32819999999998,87.0,21.1374,0.10344827586206896,0.42578557438473985,29.0,7.0458,7.0458,29.0,29.0,0.0,7.0458,7.0458,0.0,29.0,0.0,0.14192852479491327,0.0,29.0,0.0,1.0,0.0,1.0,0.0,3.0,0.0,0.0,0.0,3.0,1.0,3.0,2.0,0.0,0.0,0.0,0.0,0.0,1.0,3.0,3.0,4.0,0.0,3.0,0.0,3.0,1.0,0.0,1.0,1.0,3.0,0.0,1.0,3.0,0.0,0.0,0.0,0.0,0.0,3.0,0.0,0.0,-1.0,0.0,3.0,0.0,0.0,0.0,1.0,1.0,0.0,0.0,0.0,1.0,0.0,0.0,1.0,0.0,0.0,0.0,1.0,0.0,0.0,0.0,0.0,0.0,0.0,0
2.735468547915598,0.3856942496493689,2.925220721199872,165.4576,66.0,22.5624,0.13636363636363635,0.39889373470907347,22.0,7.5208,7.5208,22.0,22.0,0.0,7.5208,0.0,0.0,0.0,0.0,0.0,0.0,0.0,0.0,0.0,0.0,0.0,0.0,3.0,0.0,0.0,0.0,3.0,0.0,3.0,3.0,0.0,0.0,0.0,0.0,0.0,0.0,3.0,3.0,3.0,0.0,0.0,0.0,3.0,0.0,0.0,0.0,0.0,3.0,0.0,1.0,3.0,0.0,0.0,0.0,0.0,0.0,3.0,0.0,0.0,-1.0,0.0,3.0,0.0,0.0,0.0,1.0,0.0,0.0,0.0,0.0,1.0,0.0,0.0,0.0,0.0,0.0,0.0,1.0,0.0,0.0,0.0,0.0,0.0,0.0,0
2.918115308740296,0.3814866760168303,0.16276703967446593,24.575,6.0,36.8625,1.5,0.2441505595116989,2.0,12.2875,12.2875,2.0,0.0,12.2875,0.0,0.0,0.0,0.0,2.0,0.0,2.0,0.0,0.08138351983723296,1.0,12.2875,0.0,0.0,3.0,0.0,1.0,2.0,3.0,1.0,3.0,3.0,0.0,1.0,1.0,1.0,0.0,0.0,3.0,2.0,3.0,0.0,0.0,1.0,4.0,0.0,2.0,-1.0,-1.0,3.0,1.0,2.0,2.0,0.0,1.0,0.0,1.0,1.0,0.0,0.0,3.0,0.0,3.0,4.0,1.0,0.0,0.0,1.0,0.0,0.0,0.0,3.0,0.0,1.0,1.0,0.0,0.0,0.0,0.0,1.0,0.0,0.0,0.0,0.0,0.0,0.0,1
3.092231166609419,0.3870967306315501,0.19189765458422176,422.09999999999997,27.0,140.7,0.3333333333333333,0.06396588486140725,9.0,46.9,46.9,9.0,9.0,0.0,46.9,234.5,0.0,45.0,0.0,0.10660980810234542,18.0,1.8,0.042643923240938165,7.0,93.8,5.0,0.0,3.0,0.0,2.0,4.5,3.0,5.0,3.0,-2.0,0.0,2.0,2.0,0.0,10.0,5.0,3.0,3.0,8.0,2.0,0.6,2.0,5.0,5.0,2.0,5.0,3.0,3.0,0.0,1.0,1.0,2.5,2.0,0.0,0.0,2.0,3.0,0.0,0.0,-1.0,1.5,3.0,0.0,2.0,0.0,1.0,5.0,0.0,0.0,6.0,1.0,0.0,0.0,5.0,0.0,0.0,0.0,1.0,0.0,0.0,0.0,0.0,0.0,0.0,0
3.280480655252245,0.3764044943820224,0.0,0.0,56.0,0.0,0.07142857142857142,0.0,28.0,0.0,0.0,28.0,28.0,0.0,0.0,0.0,0.0,0.0,0.0,0.0,0.0,0.0,0.0,0.0,0.0,0.0,0.0,2.0,0.0,0.0,0.0,2.0,0.0,2.0,2.0,0.0,0.0,0.0,0.0,0.0,0.0,2.0,2.0,2.0,0.0,0.0,0.0,2.0,0.0,0.0,0.0,0.0,2.0,0.0,1.0,2.0,0.0,0.0,0.0,0.0,0.0,2.0,0.0,0.0,-1.0,0.0,2.0,0.0,0.0,0.0,1.0,0.0,0.0,0.0,0.0,1.0,0.0,0.0,0.0,0.0,0.0,0.0,1.0,0.0,0.0,0.0,0.0,0.0,0.0,0
3.1694738611629534,0.3856942496493689,6.211180124223602,402.50000000000006,150.0,24.150000000000002,0.06,0.37267080745341613,50.0,8.05,8.05,50.0,50.0,0.0,8.05,0.0,0.0,0.0,0.0,0.0,0.0,0.0,0.0,0.0,0.0,0.0,0.0,3.0,0.0,0.0,0.0,3.0,0.0,3.0,3.0,0.0,0.0,0.0,0.0,0.0,0.0,3.0,3.0,3.0,0.0,0.0,0.0,3.0,0.0,0.0,0.0,0.0,3.0,0.0,1.0,3.0,0.0,0.0,0.0,0.0,0.0,3.0,0.0,0.0,-1.0,0.0,3.0,0.0,0.0,0.0,1.0,0.0,0.0,0.0,0.0,1.0,0.0,0.0,0.0,0.0,0.0,0.0,1.0,0.0,0.0,0.0,0.0,0.0,0.0,0
3.187757201606617,0.3856942496493689,6.571056062581486,604.0125,189.0,28.762500000000003,0.047619047619047616,0.31290743155149936,63.0,9.5875,9.5875,63.0,0.0,9.5875,0.0,0.0,0.0,0.0,63.0,0.0,0.0,0.0,0.0,0.0,0.0,0.0,0.0,3.0,0.0,0.0,0.0,3.0,1.0,3.0,3.0,0.0,0.0,0.0,1.0,0.0,0.0,3.0,2.0,3.0,-1.0,0.0,0.0,3.0,0.0,1.0,-1.0,0.0,3.0,1.0,2.0,3.0,0.0,0.0,0.0,1.0,0.0,0.0,0.0,3.0,0.0,0.0,4.0,1.0,0.0,0.0,1.0,0.0,0.0,0.0,0.0,0.0,1.0,0.0,0.0,0.0,0.0,0.0,1.0,0.0,0.0,0.0,0.0,0.0,0.0,1
2.9536563743713957,0.3884993021638418,0.27448638108371615,2276.98,25.0,91.0792,0.04,0.010979455243348646,25.0,0.0,91.0792,0.0,25.0,0.0,91.0792,91.0792,91.0792,25.0,0.0,0.010979455243348646,0.0,25.0,0.0,1.0,0.0,2.0,0.0,1.0,25.0,1.0,0.0,0.0,1.0,0.0,0.0,0.0,-1.0,0.0,1.0,0.0,0.0,1.0,1.0,2.0,0.0,1.0,0.0,1.0,0.0,0.0,1.0,1.0,2.0,0.0,0.0,1.0,0.0,0.0,0.0,0.0,0.0,1.0,1.0,0.0,0.0,0.0,1.0,0.0,0.0,0.0,0.0,1.0,0.0,1.0,0.0,0.0,-1.0,0.0,1.0,0.0,1.0,0.0,1.0,0.0,0.0,0.0,0.0,0.0,1.0,1
1.8902229020108456,0.3764044787991114,1.0994750006871719,713.0676,84.0,76.4001,0.10714285714285714,0.11780089293076841,28.0,25.4667,25.4667,28.0,0.0,25.4667,0.0,76.4001,0.0,84.0,28.0,0.11780089293076841,28.0,9.333333333333334,0.03926696431025614,4.0,25.4667,3.0,0.0,3.0,0.0,1.0,28.0,3.0,4.0,3.0,0.0,0.0,1.0,1.0,1.0,3.0,3.0,3.0,2.0,6.0,0.0,1.0,1.0,4.0,3.0,2.0,2.0,2.0,3.0,1.0,2.0,2.0,3.0,1.0,0.0,1.0,1.0,0.0,0.0,3.0,0.0,3.0,4.0,1.0,0.0,0.0,1.0,3.0,0.0,0.0,3.0,0.0,1.0,1.0,0.0,3.0,0.0,0.0,1.0,0.0,0.0,0.0,0.0,0.0,0.0,0
2.680821024198909,0.3856942530911989,0.3888888888888889,3150.0,35.0,90.0,0.02857142857142857,0.011111111111111112,35.0,90.0,90.0,35.0,0.0,90.0,0.0,90.0,0.0,35.0,35.0,0.011111111111111112,0.0,35.0,0.0,1.0,0.0,1.0,0.0,1.0,0.0,0.0,0.0,1.0,2.0,1.0,0.0,0.0,0.0,0.0,1.0,0.0,1.0,1.0,0.0,2.0,-1.0,1.0,0.0,1.0,1.0,1.0,0.0,1.0,1.0,1.0,2.0,1.0,0.0,0.0,0.0,1.0,0.0,0.0,0.0,1.0,0.0,0.0,2.0,1.0,0.0,0.0,1.0,1.0,0.0,0.0,0.0,0.0,1.0,0.0,0.0,1.0,0.0,0.0,1.0,0.0,0.0,0.0,0.0,0.0,0.0,1
2.398958144470067,0.3814866760168303,1.9528619528619529,1722.6,58.0,29.7,0.017241379310344827,0.03367003367003367,58.0,0.0,29.7,0.0,58.0,0.0,29.7,0.0,29.7,0.0,0.0,0.0,0.0,0.0,0.0,0.0,0.0,1.0,0.0,1.0,58.0,1.0,0.0,0.0,0.0,0.0,1.0,0.0,-1.0,0.0,1.0,0.0,-1.0,1.0,1.0,1.0,0.0,0.0,0.0,1.0,0.0,0.0,0.0,0.0,2.0,0.0,0.0,1.0,0.0,0.0,0.0,0.0,0.0,1.0,1.0,0.0,0.0,0.0,1.0,0.0,0.0,0.0,0.0,0.0,0.0,1.0,0.0,0.0,-1.0,0.0,0.0,0.0,0.0,0.0,1.0,0.0,0.0,0.0,0.0,0.0,1.0,0
2.938081494469631,0.3870967741935484,3.726708074534161,241.50000000000003,90.0,24.150000000000002,0.1,0.37267080745341613,30.0,8.05,8.05,30.0,30.0,0.0,8.05,0.0,0.0,0.0,0.0,0.0,0.0,0.0,0.0,0.0,0.0,0.0,0.0,3.0,0.0,0.0,0.0,3.0,0.0,3.0,3.0,0.0,0.0,0.0,0.0,0.0,0.0,3.0,3.0,3.0,0.0,0.0,0.0,3.0,0.0,0.0,0.0,0.0,3.0,0.0,1.0,3.0,0.0,0.0,0.0,0.0,0.0,3.0,0.0,0.0,-1.0,0.0,3.0,0.0,0.0,0.0,1.0,0.0,0.0,0.0,0.0,1.0,0.0,0.0,0.0,0.0,0.0,0.0,1.0,0.0,0.0,0.0,0.0,0.0,0.0,0
2.201225447356288,0.3884993021638418,0.5660377358490566,143.1,27.0,47.7,0.3333333333333333,0.18867924528301885,9.0,15.9,15.9,9.0,9.0,0.0,15.9,15.9,0.0,9.0,0.0,0.06289308176100629,9.0,9.0,0.06289308176100629,2.0,15.9,1.0,0.0,3.0,0.0,1.0,9.0,3.0,1.0,3.0,2.0,0.0,1.0,1.0,0.0,1.0,1.0,3.0,3.0,4.0,1.0,3.0,1.0,4.0,1.0,1.0,1.0,0.0,3.0,0.0,1.0,2.0,1.0,1.0,0.0,0.0,1.0,3.0,0.0,0.0,-1.0,3.0,3.0,0.0,1.0,0.0,1.0,1.0,0.0,0.0,3.0,1.0,0.0,0.0,1.0,0.0,0.0,0.0,1.0,0.0,0.0,0.0,0.0,0.0,0.0,1
2.0407825889255657,0.3814866760168303,1.4023348875878339,559.0676,84.0,59.900099999999995,0.10714285714285714,0.15025016652726791,28.0,19.9667,19.9667,28.0,28.0,0.0,19.9667,19.9667,0.0,28.0,0.0,0.05008338884242264,0.0,28.0,0.0,1.0,0.0,1.0,0.0,3.0,0.0,0.0,0.0,3.0,1.0,3.0,2.0,0.0,0.0,0.0,0.0,0.0,1.0,3.0,3.0,4.0,0.0,3.0,0.0,3.0,1.0,0.0,1.0,1.0,3.0,0.0,1.0,3.0,0.0,0.0,0.0,0.0,0.0,3.0,0.0,0.0,-1.0,0.0,3.0,0.0,0.0,0.0,1.0,1.0,0.0,0.0,0.0,1.0,0.0,0.0,1.0,0.0,0.0,0.0,1.0,0.0,0.0,0.0,0.0,0.0,0.0,0
2.7204643755724356,0.3884992987377279,2.896551724137931,152.25,63.0,21.75,0.14285714285714285,0.41379310344827586,21.0,7.25,7.25,21.0,21.0,0.0,7.25,0.0,0.0,0.0,0.0,0.0,0.0,0.0,0.0,0.0,0.0,0.0,0.0,3.0,0.0,0.0,0.0,3.0,0.0,3.0,3.0,0.0,0.0,0.0,0.0,0.0,0.0,3.0,3.0,3.0,0.0,0.0,0.0,3.0,0.0,0.0,0.0,0.0,3.0,0.0,1.0,3.0,0.0,0.0,0.0,0.0,0.0,3.0,0.0,0.0,-1.0,0.0,3.0,0.0,0.0,0.0,1.0,0.0,0.0,0.0,0.0,1.0,0.0,0.0,0.0,0.0,0.0,0.0,1.0,0.0,0.0,0.0,0.0,0.0,0.0,0
2.3135192410549426,0.3884992987377279,1.8032786885245902,1677.5,55.0,30.5,0.01818181818181818,0.03278688524590164,55.0,30.5,30.5,55.0,55.0,0.0,30.5,0.0,0.0,0.0,0.0,0.0,0.0,0.0,0.0,0.0,0.0,0.0,0.0,1.0,0.0,0.0,0.0,1.0,0.0,1.0,1.0,0.0,0.0,0.0,0.0,0.0,0.0,1.0,1.0,1.0,0.0,0.0,0.0,1.0,0.0,0.0,0.0,0.0,1.0,0.0,1.0,1.0,0.0,0.0,0.0,0.0,0.0,1.0,0.0,0.0,-1.0,0.0,1.0,0.0,0.0,0.0,1.0,0.0,0.0,0.0,0.0,1.0,0.0,0.0,0.0,0.0,0.0,0.0,1.0,0.0,0.0,0.0,0.0,0.0,0.0,0
2.088642490975134,0.3764044943820224,1.4342217428016208,3514.7981999999997,71.0,49.5042,0.014084507042253521,0.020200306236642547,71.0,0.0,49.5042,0.0,71.0,0.0,49.5042,0.0,49.5042,0.0,0.0,0.0,0.0,0.0,0.0,0.0,0.0,1.0,0.0,1.0,71.0,1.0,0.0,0.0,0.0,0.0,1.0,0.0,-1.0,0.0,1.0,0.0,-1.0,1.0,1.0,1.0,0.0,0.0,0.0,1.0,0.0,0.0,0.0,0.0,2.0,0.0,0.0,1.0,0.0,0.0,0.0,0.0,0.0,1.0,1.0,0.0,0.0,0.0,1.0,0.0,0.0,0.0,0.0,0.0,0.0,1.0,0.0,0.0,-1.0,0.0,0.0,0.0,0.0,0.0,1.0,0.0,0.0,0.0,0.0,0.0,1.0,0
2.629953391212915,0.3764044943820224,2.6086956521739126,169.05,63.0,24.150000000000002,0.14285714285714285,0.37267080745341613,21.0,8.05,8.05,21.0,21.0,0.0,8.05,0.0,0.0,0.0,0.0,0.0,0.0,0.0,0.0,0.0,0.0,0.0,0.0,3.0,0.0,0.0,0.0,3.0,0.0,3.0,3.0,0.0,0.0,0.0,0.0,0.0,0.0,3.0,3.0,3.0,0.0,0.0,0.0,3.0,0.0,0.0,0.0,0.0,3.0,0.0,1.0,3.0,0.0,0.0,0.0,0.0,0.0,3.0,0.0,0.0,-1.0,0.0,3.0,0.0,0.0,0.0,1.0,0.0,0.0,0.0,0.0,1.0,0.0,0.0,0.0,0.0,0.0,0.0,1.0,0.0,0.0,0.0,0.0,0.0,0.0,0
2.359167264294139,0.3856942474884025,1.9366038884239503,404.8324,84.0,43.3749,0.10714285714285714,0.20749327375970897,28.0,0.0,14.4583,0.0,28.0,0.0,14.4583,0.0,14.4583,0.0,0.0,0.0,0.0,0.0,0.0,0.0,0.0,1.0,0.0,3.0,28.0,1.0,0.0,2.0,0.0,0.0,3.0,0.0,-1.0,0.0,1.0,0.0,-1.0,3.0,3.0,3.0,0.0,0.0,0.0,3.0,0.0,0.0,0.0,0.0,4.0,0.0,0.0,3.0,0.0,0.0,0.0,0.0,0.0,3.0,3.0,0.0,0.0,0.0,3.0,0.0,0.0,0.0,0.0,0.0,0.0,1.0,0.0,0.0,-1.0,0.0,0.0,0.0,0.0,0.0,1.0,0.0,0.0,0.0,0.0,0.0,1.0,0
2.0982120655016834,0.3870967776275203,0.6899485988293872,4226.4018,54.0,78.2667,0.018518518518518517,0.012776825904247911,54.0,0.0,78.2667,0.0,0.0,78.2667,0.0,78.2667,78.2667,54.0,54.0,0.012776825904247911,0.0,54.0,0.0,1.0,0.0,2.0,0.0,1.0,54.0,1.0,0.0,0.0,2.0,0.0,0.0,0.0,-1.0,0.0,2.0,0.0,0.0,1.0,0.0,2.0,-1.0,1.0,0.0,1.0,0.0,1.0,0.0,1.0,2.0,1.0,1.0,1.0,0.0,0.0,0.0,1.0,0.0,0.0,1.0,1.0,1.0,0.0,2.0,1.0,0.0,0.0,0.0,1.0,0.0,1.0,0.0,0.0,0.0,0.0,0.0,1.0,1.0,0.0,1.0,0.0,1.0,0.0,0.0,0.0,0.0,1
2.312410781360815,0.3814866760168303,1.8543046357615895,422.8,84.0,45.3,0.10714285714285714,0.19867549668874174,28.0,15.1,15.1,28.0,28.0,0.0,15.1,0.0,0.0,0.0,0.0,0.0,0.0,0.0,0.0,0.0,0.0,0.0,0.0,3.0,0.0,0.0,0.0,3.0,0.0,3.0,3.0,0.0,0.0,0.0,0.0,0.0,0.0,3.0,3.0,3.0,0.0,0.0,0.0,3.0,0.0,0.0,0.0,0.0,3.0,0.0,1.0,3.0,0.0,0.0,0.0,0.0,0.0,3.0,0.0,0.0,-1.0,0.0,3.0,0.0,0.0,0.0,1.0,0.0,0.0,0.0,0.0,1.0,0.0,0.0,0.0,0.0,0.0,0.0,1.0,0.0,0.0,0.0,0.0,0.0,0.0,0
3.17321627956117,0.3884993102536833,0.1649620587264929,3788.7500000000005,25.0,151.55,0.04,0.006598482349059716,25.0,151.55,151.55,25.0,0.0,151.55,0.0,151.55,0.0,25.0,25.0,0.006598482349059716,50.0,25.0,0.013196964698119432,3.0,303.1,1.0,0.0,1.0,0.0,2.0,12.5,1.0,2.0,1.0,0.0,0.0,2.0,2.0,1.0,2.0,1.0,1.0,0.0,2.0,1.0,1.0,2.0,3.0,1.0,3.0,0.0,-1.0,1.0,1.0,2.0,-1.0,0.5,2.0,0.0,1.0,2.0,0.0,0.0,1.0,0.0,0.5,2.0,1.0,0.0,0.0,1.0,1.0,0.0,0.0,2.0,0.0,1.0,2.0,0.0,1.0,0.0,0.0,1.0,0.0,0.0,0.0,0.0,0.0,0.0,0
2.787061056324197,0.3814866760168303,3.078580774263065,187.0992,72.0,23.3874,0.125,0.3848225967828831,24.0,7.7958,7.7958,24.0,24.0,0.0,7.7958,0.0,0.0,0.0,0.0,0.0,0.0,0.0,0.0,0.0,0.0,0.0,0.0,3.0,0.0,0.0,0.0,3.0,0.0,3.0,3.0,0.0,0.0,0.0,0.0,0.0,0.0,3.0,3.0,3.0,0.0,0.0,0.0,3.0,0.0,0.0,0.0,0.0,3.0,0.0,1.0,3.0,0.0,0.0,0.0,0.0,0.0,3.0,0.0,0.0,-1.0,0.0,3.0,0.0,0.0,0.0,1.0,0.0,0.0,0.0,0.0,1.0,0.0,0.0,0.0,0.0,0.0,0.0,1.0,0.0,0.0,0.0,0.0,0.0,0.0,0
2.306437595236591,0.3856942496493689,1.9624819624819625,147.2625,51.0,25.987499999999997,0.17647058823529413,0.34632034632034636,17.0,8.6625,8.6625,17.0,17.0,0.0,8.6625,0.0,0.0,0.0,0.0,0.0,0.0,0.0,0.0,0.0,0.0,0.0,0.0,3.0,0.0,0.0,0.0,3.0,0.0,3.0,3.0,0.0,0.0,0.0,0.0,0.0,0.0,3.0,3.0,3.0,0.0,0.0,0.0,3.0,0.0,0.0,0.0,0.0,3.0,0.0,1.0,3.0,0.0,0.0,0.0,0.0,0.0,3.0,0.0,0.0,-1.0,0.0,3.0,0.0,0.0,0.0,1.0,0.0,0.0,0.0,0.0,1.0,0.0,0.0,0.0,0.0,0.0,0.0,1.0,0.0,0.0,0.0,0.0,0.0,0.0,0
2.6639503561908753,0.3814866760168303,2.7096774193548385,162.75,63.0,23.25,0.14285714285714285,0.3870967741935484,21.0,0.0,7.75,0.0,0.0,7.75,0.0,0.0,0.0,0.0,21.0,0.0,0.0,0.0,0.0,0.0,0.0,0.0,7.75,3.0,0.0,0.0,0.0,3.0,1.0,0.0,3.0,21.0,0.0,-1.0,1.0,0.0,0.0,2.0,2.0,3.0,-1.0,0.0,1.0,3.0,0.0,1.0,-1.0,0.0,3.0,2.0,1.0,3.0,0.0,0.0,0.0,1.0,0.0,0.0,0.0,3.0,1.0,0.0,4.0,0.0,0.0,0.0,0.0,0.0,1.0,0.0,0.0,0.0,1.0,0.0,0.0,0.0,0.0,0.0,1.0,1.0,0.0,0.0,0.0,0.0,0.0,0
2.9232185966968656,0.3884992987377279,3.670109578986001,213.6176,84.0,22.8876,0.10714285714285714,0.3932260263199287,28.0,0.0,7.6292,0.0,0.0,7.6292,0.0,0.0,0.0,0.0,28.0,0.0,0.0,0.0,0.0,0.0,0.0,0.0,7.6292,3.0,0.0,0.0,0.0,3.0,1.0,0.0,3.0,28.0,0.0,-1.0,1.0,0.0,0.0,2.0,2.0,3.0,-1.0,0.0,1.0,3.0,0.0,1.0,-1.0,0.0,3.0,2.0,1.0,3.0,0.0,0.0,0.0,1.0,0.0,0.0,0.0,3.0,1.0,0.0,4.0,0.0,0.0,0.0,0.0,0.0,1.0,0.0,0.0,0.0,1.0,0.0,0.0,0.0,0.0,0.0,1.0,1.0,0.0,0.0,0.0,0.0,0.0,0
2.9709731167120936,0.3870967741935484,3.8591916558018253,354.7375,111.0,28.762500000000003,0.08108108108108109,0.31290743155149936,37.0,9.5875,9.5875,37.0,0.0,9.5875,0.0,0.0,0.0,0.0,37.0,0.0,0.0,0.0,0.0,0.0,0.0,0.0,0.0,3.0,0.0,0.0,0.0,3.0,1.0,3.0,3.0,0.0,0.0,0.0,1.0,0.0,0.0,3.0,2.0,3.0,-1.0,0.0,0.0,3.0,0.0,1.0,-1.0,0.0,3.0,1.0,2.0,3.0,0.0,0.0,0.0,1.0,0.0,0.0,0.0,3.0,0.0,0.0,4.0,1.0,0.0,0.0,1.0,0.0,0.0,0.0,0.0,0.0,1.0,0.0,0.0,0.0,0.0,0.0,1.0,0.0,0.0,0.0,0.0,0.0,0.0,0
3.1373743743244824,0.3884993080508711,0.18497109826589594,1384.0,16.0,86.5,0.0625,0.011560693641618497,16.0,86.5,86.5,16.0,0.0,86.5,0.0,0.0,0.0,0.0,16.0,0.0,0.0,0.0,0.0,0.0,0.0,0.0,0.0,1.0,0.0,0.0,0.0,1.0,1.0,1.0,1.0,0.0,0.0,0.0,1.0,0.0,0.0,1.0,0.0,1.0,-1.0,0.0,0.0,1.0,0.0,1.0,-1.0,0.0,1.0,1.0,2.0,1.0,0.0,0.0,0.0,1.0,0.0,0.0,0.0,1.0,0.0,0.0,2.0,1.0,0.0,0.0,1.0,0.0,0.0,0.0,0.0,0.0,1.0,0.0,0.0,0.0,0.0,0.0,1.0,0.0,0.0,0.0,0.0,0.0,0.0,1
3.1723004273107414,0.3870967776275203,0.1652892561983471,1960.2,18.0,108.9,0.05555555555555555,0.009182736455463728,18.0,0.0,108.9,0.0,18.0,0.0,108.9,108.9,108.9,18.0,0.0,0.009182736455463728,0.0,18.0,0.0,1.0,0.0,2.0,0.0,1.0,18.0,1.0,0.0,0.0,1.0,0.0,0.0,0.0,-1.0,0.0,1.0,0.0,0.0,1.0,1.0,2.0,0.0,1.0,0.0,1.0,0.0,0.0,1.0,1.0,2.0,0.0,0.0,1.0,0.0,0.0,0.0,0.0,0.0,1.0,1.0,0.0,0.0,0.0,1.0,0.0,0.0,0.0,0.0,1.0,0.0,1.0,0.0,0.0,-1.0,0.0,1.0,0.0,1.0,0.0,1.0,0.0,0.0,0.0,0.0,0.0,1.0,0
1.9836280179569623,0.3814866760168303,1.2692307692307692,858.0,66.0,52.0,0.06060606060606061,0.07692307692307693,33.0,26.0,26.0,33.0,0.0,26.0,0.0,0.0,0.0,0.0,33.0,0.0,66.0,0.0,0.07692307692307693,2.0,52.0,0.0,0.0,2.0,0.0,2.0,16.5,2.0,1.0,2.0,2.0,0.0,2.0,2.0,1.0,0.0,0.0,2.0,1.0,2.0,1.0,0.0,2.0,4.0,0.0,3.0,-1.0,-2.0,2.0,1.0,2.0,0.0,0.0,2.0,0.0,1.0,2.0,0.0,0.0,2.0,0.0,1.0,3.0,1.0,0.0,0.0,1.0,0.0,0.0,0.0,4.0,0.0,1.0,2.0,0.0,0.0,0.0,0.0,1.0,0.0,0.0,0.0,0.0,0.0,0.0,1
1.919616650370869,0.3764044943820224,1.054613935969868,743.4,28.0,26.55,0.03571428571428571,0.03766478342749529,28.0,26.55,26.55,28.0,28.0,0.0,26.55,0.0,0.0,0.0,0.0,0.0,0.0,0.0,0.0,0.0,0.0,0.0,0.0,1.0,0.0,0.0,0.0,1.0,0.0,1.0,1.0,0.0,0.0,0.0,0.0,0.0,0.0,1.0,1.0,1.0,0.0,0.0,0.0,1.0,0.0,0.0,0.0,0.0,1.0,0.0,1.0,1.0,0.0,0.0,0.0,0.0,0.0,1.0,0.0,0.0,-1.0,0.0,1.0,0.0,0.0,0.0,1.0,0.0,0.0,0.0,0.0,1.0,0.0,0.0,0.0,0.0,0.0,0.0,1.0,0.0,0.0,0.0,0.0,0.0,0.0,1
1.954963186335147,0.3884992987377279,1.2430632630410656,630.6999999999999,84.0,67.57499999999999,0.10714285714285714,0.13318534961154274,28.0,22.525,22.525,28.0,28.0,0.0,22.525,0.0,0.0,0.0,0.0,0.0,0.0,0.0,0.0,0.0,0.0,0.0,0.0,3.0,0.0,0.0,0.0,3.0,0.0,3.0,3.0,0.0,0.0,0.0,0.0,0.0,0.0,3.0,3.0,3.0,0.0,0.0,0.0,3.0,0.0,0.0,0.0,0.0,3.0,0.0,1.0,3.0,0.0,0.0,0.0,0.0,0.0,3.0,0.0,0.0,-1.0,0.0,3.0,0.0,0.0,0.0,1.0,0.0,0.0,0.0,0.0,1.0,0.0,0.0,0.0,0.0,0.0,0.0,1.0,0.0,0.0,0.0,0.0,0.0,0.0,0
2.507732796358131,0.3870969005015647,0.4602112015406455,1468.8908000000001,78.0,169.4874,0.11538461538461539,0.05310129248545909,26.0,56.4958,56.4958,26.0,26.0,0.0,56.4958,0.0,0.0,0.0,0.0,0.0,0.0,0.0,0.0,0.0,0.0,0.0,0.0,3.0,0.0,0.0,0.0,3.0,0.0,3.0,3.0,0.0,0.0,0.0,0.0,0.0,0.0,3.0,3.0,3.0,0.0,0.0,0.0,3.0,0.0,0.0,0.0,0.0,3.0,0.0,1.0,3.0,0.0,0.0,0.0,0.0,0.0,3.0,0.0,0.0,-1.0,0.0,3.0,0.0,0.0,0.0,1.0,0.0,0.0,0.0,0.0,1.0,0.0,0.0,0.0,0.0,0.0,0.0,1.0,0.0,0.0,0.0,0.0,0.0,0.0,1
2.9377933793993787,0.3884992987377279,3.7419354838709675,224.75,87.0,23.25,0.10344827586206896,0.3870967741935484,29.0,0.0,7.75,0.0,29.0,0.0,7.75,0.0,0.0,0.0,0.0,0.0,0.0,0.0,0.0,0.0,0.0,0.0,7.75,3.0,0.0,0.0,0.0,3.0,0.0,0.0,3.0,29.0,0.0,-1.0,0.0,0.0,0.0,2.0,3.0,3.0,0.0,0.0,1.0,3.0,0.0,0.0,0.0,0.0,3.0,1.0,0.0,3.0,0.0,0.0,1.0,0.0,0.0,3.0,0.0,0.0,0.0,0.0,3.0,-1.0,0.0,0.0,0.0,0.0,1.0,0.0,0.0,0.0,0.0,0.0,0.0,0.0,0.0,0.0,1.0,0.0,0.0,0.0,0.0,0.0,0.0,1
2.889479994948239,0.3870967741935484,3.4782608695652173,225.40000000000003,84.0,24.150000000000002,0.10714285714285714,0.37267080745341613,28.0,8.05,8.05,28.0,28.0,0.0,8.05,0.0,0.0,0.0,0.0,0.0,0.0,0.0,0.0,0.0,0.0,0.0,0.0,3.0,0.0,0.0,0.0,3.0,0.0,3.0,3.0,0.0,0.0,0.0,0.0,0.0,0.0,3.0,3.0,3.0,0.0,0.0,0.0,3.0,0.0,0.0,0.0,0.0,3.0,0.0,1.0,3.0,0.0,0.0,0.0,0.0,0.0,3.0,0.0,0.0,-1.0,0.0,3.0,0.0,0.0,0.0,1.0,0.0,0.0,0.0,0.0,1.0,0.0,0.0,0.0,0.0,0.0,0.0,1.0,0.0,0.0,0.0,0.0,0.0,0.0,0
2.04851037862309,0.3764044943820224,1.369472182596291,946.35,36.0,26.2875,0.027777777777777776,0.038040893961008085,36.0,26.2875,26.2875,36.0,36.0,0.0,26.2875,0.0,0.0,0.0,0.0,0.0,0.0,0.0,0.0,0.0,0.0,0.0,0.0,1.0,0.0,0.0,0.0,1.0,0.0,1.0,1.0,0.0,0.0,0.0,0.0,0.0,0.0,1.0,1.0,1.0,0.0,0.0,0.0,1.0,0.0,0.0,0.0,0.0,1.0,0.0,1.0,1.0,0.0,0.0,0.0,0.0,0.0,1.0,0.0,0.0,-1.0,0.0,1.0,0.0,0.0,0.0,1.0,0.0,0.0,0.0,0.0,1.0,0.0,0.0,0.0,0.0,0.0,0.0,1.0,0.0,0.0,0.0,0.0,0.0,0.0,1
1.9336749213405289,0.3856942496493689,0.9090909090909091,3207.6,54.0,59.4,0.018518518518518517,0.016835016835016835,54.0,0.0,59.4,0.0,0.0,59.4,0.0,59.4,59.4,54.0,54.0,0.016835016835016835,0.0,54.0,0.0,1.0,0.0,2.0,0.0,1.0,54.0,1.0,0.0,0.0,2.0,0.0,0.0,0.0,-1.0,0.0,2.0,0.0,0.0,1.0,0.0,2.0,-1.0,1.0,0.0,1.0,0.0,1.0,0.0,1.0,2.0,1.0,1.0,1.0,0.0,0.0,0.0,1.0,0.0,0.0,1.0,1.0,1.0,0.0,2.0,1.0,0.0,0.0,0.0,1.0,0.0,1.0,0.0,0.0,0.0,0.0,0.0,1.0,1.0,0.0,1.0,0.0,1.0,0.0,0.0,0.0,0.0,1
2.8162139309714904,0.3764044943820224,3.201793004082286,179.8992,72.0,22.4874,0.125,0.40022412551028574,24.0,7.4958,7.4958,24.0,24.0,0.0,7.4958,0.0,0.0,0.0,0.0,0.0,0.0,0.0,0.0,0.0,0.0,0.0,0.0,3.0,0.0,0.0,0.0,3.0,0.0,3.0,3.0,0.0,0.0,0.0,0.0,0.0,0.0,3.0,3.0,3.0,0.0,0.0,0.0,3.0,0.0,0.0,0.0,0.0,3.0,0.0,1.0,3.0,0.0,0.0,0.0,0.0,0.0,3.0,0.0,0.0,-1.0,0.0,3.0,0.0,0.0,0.0,1.0,0.0,0.0,0.0,0.0,1.0,0.0,0.0,0.0,0.0,0.0,0.0,1.0,0.0,0.0,0.0,0.0,0.0,0.0,0
2.056942044664941,0.3870967741935484,1.3815077834736396,1598.9776000000002,47.0,34.0208,0.02127659574468085,0.029393782627098713,47.0,34.0208,34.0208,47.0,47.0,0.0,34.0208,0.0,0.0,0.0,0.0,0.0,0.0,0.0,0.0,0.0,0.0,0.0,0.0,1.0,0.0,0.0,0.0,1.0,0.0,1.0,1.0,0.0,0.0,0.0,0.0,0.0,0.0,1.0,1.0,1.0,0.0,0.0,0.0,1.0,0.0,0.0,0.0,0.0,1.0,0.0,1.0,1.0,0.0,0.0,0.0,0.0,0.0,1.0,0.0,0.0,-1.0,0.0,1.0,0.0,0.0,0.0,1.0,0.0,0.0,0.0,0.0,1.0,0.0,0.0,0.0,0.0,0.0,0.0,1.0,0.0,0.0,0.0,0.0,0.0,0.0,0
2.868604878302833,0.3814866760168303,3.238095238095238,357.0,68.0,21.0,0.058823529411764705,0.19047619047619047,34.0,10.5,10.5,34.0,0.0,10.5,0.0,0.0,0.0,0.0,34.0,0.0,0.0,0.0,0.0,0.0,0.0,0.0,0.0,2.0,0.0,0.0,0.0,2.0,1.0,2.0,2.0,0.0,0.0,0.0,1.0,0.0,0.0,2.0,1.0,2.0,-1.0,0.0,0.0,2.0,0.0,1.0,-1.0,0.0,2.0,1.0,2.0,2.0,0.0,0.0,0.0,1.0,0.0,0.0,0.0,2.0,0.0,0.0,3.0,1.0,0.0,0.0,1.0,0.0,0.0,0.0,0.0,0.0,1.0,0.0,0.0,0.0,0.0,0.0,1.0,0.0,0.0,0.0,0.0,0.0,0.0,1
1.9218338354051785,0.3870967759130622,1.1594202898550725,676.1999999999999,84.0,72.44999999999999,0.10714285714285714,0.12422360248447206,28.0,0.0,24.15,0.0,28.0,0.0,24.15,0.0,0.0,0.0,0.0,0.0,0.0,0.0,0.0,0.0,0.0,0.0,24.15,3.0,0.0,0.0,0.0,3.0,0.0,0.0,3.0,28.0,0.0,-1.0,0.0,0.0,0.0,2.0,3.0,3.0,0.0,0.0,1.0,3.0,0.0,0.0,0.0,0.0,3.0,1.0,0.0,3.0,0.0,0.0,1.0,0.0,0.0,3.0,0.0,0.0,0.0,0.0,3.0,-1.0,0.0,0.0,0.0,0.0,1.0,0.0,0.0,0.0,0.0,0.0,0.0,0.0,0.0,0.0,1.0,0.0,0.0,0.0,0.0,0.0,0.0,0
2.0529610238581317,0.3764044943820224,1.3846153846153846,936.0,72.0,52.0,0.05555555555555555,0.07692307692307693,36.0,26.0,26.0,36.0,0.0,26.0,0.0,26.0,0.0,36.0,36.0,0.038461538461538464,0.0,36.0,0.0,1.0,0.0,1.0,0.0,2.0,0.0,0.0,0.0,2.0,2.0,2.0,1.0,0.0,0.0,0.0,1.0,0.0,1.0,2.0,1.0,3.0,-1.0,2.0,0.0,2.0,1.0,1.0,0.0,1.0,2.0,1.0,2.0,2.0,0.0,0.0,0.0,1.0,0.0,0.0,0.0,2.0,0.0,0.0,3.0,1.0,0.0,0.0,1.0,1.0,0.0,0.0,0.0,0.0,1.0,0.0,0.0,1.0,0.0,0.0,1.0,0.0,0.0,0.0,0.0,0.0,0.0,1
2.9893710098936737,0.3814866760168303,4.052787557942197,252.6656,96.0,23.6874,0.09375,0.379948833557081,32.0,7.8958,7.8958,32.0,32.0,0.0,7.8958,0.0,0.0,0.0,0.0,0.0,0.0,0.0,0.0,0.0,0.0,0.0,0.0,3.0,0.0,0.0,0.0,3.0,0.0,3.0,3.0,0.0,0.0,0.0,0.0,0.0,0.0,3.0,3.0,3.0,0.0,0.0,0.0,3.0,0.0,0.0,0.0,0.0,3.0,0.0,1.0,3.0,0.0,0.0,0.0,0.0,0.0,3.0,0.0,0.0,-1.0,0.0,3.0,0.0,0.0,0.0,1.0,0.0,0.0,0.0,0.0,1.0,0.0,0.0,0.0,0.0,0.0,0.0,1.0,0.0,0.0,0.0,0.0,0.0,0.0,0
2.8430843568578688,0.3884993021638418,0.32085561497326204,2805.0,30.0,93.5,0.03333333333333333,0.0106951871657754,30.0,93.5,93.5,30.0,0.0,93.5,0.0,0.0,0.0,0.0,30.0,0.0,0.0,0.0,0.0,0.0,0.0,0.0,0.0,1.0,0.0,0.0,0.0,1.0,1.0,1.0,1.0,0.0,0.0,0.0,1.0,0.0,0.0,1.0,0.0,1.0,-1.0,0.0,0.0,1.0,0.0,1.0,-1.0,0.0,1.0,1.0,2.0,1.0,0.0,0.0,0.0,1.0,0.0,0.0,0.0,1.0,0.0,0.0,2.0,1.0,0.0,0.0,1.0,0.0,0.0,0.0,0.0,0.0,1.0,0.0,0.0,0.0,0.0,0.0,1.0,0.0,0.0,0.0,0.0,0.0,0.0,1
2.6949328624335056,0.3764044943820224,2.7862914460852606,173.7076,66.0,23.6874,0.13636363636363635,0.379948833557081,22.0,7.8958,7.8958,22.0,22.0,0.0,7.8958,0.0,0.0,0.0,0.0,0.0,0.0,0.0,0.0,0.0,0.0,0.0,0.0,3.0,0.0,0.0,0.0,3.0,0.0,3.0,3.0,0.0,0.0,0.0,0.0,0.0,0.0,3.0,3.0,3.0,0.0,0.0,0.0,3.0,0.0,0.0,0.0,0.0,3.0,0.0,1.0,3.0,0.0,0.0,0.0,0.0,0.0,3.0,0.0,0.0,-1.0,0.0,3.0,0.0,0.0,0.0,1.0,0.0,0.0,0.0,0.0,1.0,0.0,0.0,0.0,0.0,0.0,0.0,1.0,0.0,0.0,0.0,0.0,0.0,0.0,0
2.9547541123674765,0.3856942496493689,3.8754325259515574,202.29999999999998,84.0,21.674999999999997,0.10714285714285714,0.4152249134948097,28.0,0.0,7.225,0.0,28.0,0.0,7.225,0.0,7.225,0.0,0.0,0.0,0.0,0.0,0.0,0.0,0.0,1.0,0.0,3.0,28.0,1.0,0.0,2.0,0.0,0.0,3.0,0.0,-1.0,0.0,1.0,0.0,-1.0,3.0,3.0,3.0,0.0,0.0,0.0,3.0,0.0,0.0,0.0,0.0,4.0,0.0,0.0,3.0,0.0,0.0,0.0,0.0,0.0,3.0,3.0,0.0,0.0,0.0,3.0,0.0,0.0,0.0,0.0,0.0,0.0,1.0,0.0,0.0,-1.0,0.0,0.0,0.0,0.0,0.0,1.0,0.0,0.0,0.0,0.0,0.0,1.0,0
2.0226271900691937,0.3856942530911989,0.7588928443303805,2551.0848,44.0,57.9792,0.022727272727272728,0.017247564643872285,44.0,0.0,57.9792,0.0,0.0,57.9792,0.0,0.0,57.9792,0.0,44.0,0.0,44.0,0.0,0.017247564643872285,1.0,57.9792,1.0,0.0,1.0,44.0,2.0,44.0,0.0,1.0,0.0,1.0,0.0,0.0,1.0,2.0,0.0,-1.0,1.0,0.0,1.0,0.0,0.0,1.0,2.0,0.0,2.0,-1.0,-1.0,2.0,1.0,1.0,0.0,0.0,0.0,0.0,1.0,1.0,0.0,1.0,1.0,1.0,1.0,2.0,1.0,0.0,1.0,0.0,0.0,0.0,1.0,1.0,0.0,0.0,1.0,0.0,0.0,0.0,0.0,1.0,0.0,1.0,0.0,0.0,0.0,0.0,1
2.9544559768141676,0.3884992987377279,3.8731809882144637,202.4176,84.0,21.6876,0.10714285714285714,0.41498367730869257,28.0,0.0,7.2292,0.0,28.0,0.0,7.2292,0.0,7.2292,0.0,0.0,0.0,0.0,0.0,0.0,0.0,0.0,1.0,0.0,3.0,28.0,1.0,0.0,2.0,0.0,0.0,3.0,0.0,-1.0,0.0,1.0,0.0,-1.0,3.0,3.0,3.0,0.0,0.0,0.0,3.0,0.0,0.0,0.0,0.0,4.0,0.0,0.0,3.0,0.0,0.0,0.0,0.0,0.0,3.0,3.0,0.0,0.0,0.0,3.0,0.0,0.0,0.0,0.0,0.0,0.0,1.0,0.0,0.0,-1.0,0.0,0.0,0.0,0.0,0.0,1.0,0.0,0.0,0.0,0.0,0.0,1.0,0
3.111005780662452,0.3856942496493689,5.225806451612903,313.875,121.5,23.25,0.07407407407407407,0.3870967741935484,40.5,0.0,7.75,0.0,40.5,0.0,7.75,0.0,0.0,0.0,0.0,0.0,0.0,0.0,0.0,0.0,0.0,0.0,7.75,3.0,0.0,0.0,0.0,3.0,0.0,0.0,3.0,40.5,0.0,-1.0,0.0,0.0,0.0,2.0,3.0,3.0,0.0,0.0,1.0,3.0,0.0,0.0,0.0,0.0,3.0,1.0,0.0,3.0,0.0,0.0,1.0,0.0,0.0,3.0,0.0,0.0,0.0,0.0,3.0,-1.0,0.0,0.0,0.0,0.0,1.0,0.0,0.0,0.0,0.0,0.0,0.0,0.0,0.0,0.0,1.0,0.0,0.0,0.0,0.0,0.0,0.0,0
3.089442841336428,0.3856942496493689,4.761904761904762,525.0,100.0,21.0,0.04,0.19047619047619047,50.0,10.5,10.5,50.0,0.0,10.5,0.0,0.0,0.0,0.0,50.0,0.0,0.0,0.0,0.0,0.0,0.0,0.0,0.0,2.0,0.0,0.0,0.0,2.0,1.0,2.0,2.0,0.0,0.0,0.0,1.0,0.0,0.0,2.0,1.0,2.0,-1.0,0.0,0.0,2.0,0.0,1.0,-1.0,0.0,2.0,1.0,2.0,2.0,0.0,0.0,0.0,1.0,0.0,0.0,0.0,2.0,0.0,0.0,3.0,1.0,0.0,0.0,1.0,0.0,0.0,0.0,0.0,0.0,1.0,0.0,0.0,0.0,0.0,0.0,1.0,0.0,0.0,0.0,0.0,0.0,0.0,1
3.228526028683622,0.3764044943820224,0.12625169537990938,6209.8176,28.0,221.7792,0.03571428571428571,0.004508989120711049,28.0,221.7792,221.7792,28.0,28.0,0.0,221.7792,0.0,0.0,0.0,0.0,0.0,0.0,0.0,0.0,0.0,0.0,0.0,0.0,1.0,0.0,0.0,0.0,1.0,0.0,1.0,1.0,0.0,0.0,0.0,0.0,0.0,0.0,1.0,1.0,1.0,0.0,0.0,0.0,1.0,0.0,0.0,0.0,0.0,1.0,0.0,1.0,1.0,0.0,0.0,0.0,0.0,0.0,1.0,0.0,0.0,-1.0,0.0,1.0,0.0,0.0,0.0,1.0,0.0,0.0,0.0,0.0,1.0,0.0,0.0,0.0,0.0,0.0,0.0,1.0,0.0,0.0,0.0,0.0,0.0,0.0,0
3.087553875728434,0.3814866760168303,4.921135646687698,309.075,117.0,23.775,0.07692307692307693,0.37854889589905366,39.0,7.925,7.925,39.0,39.0,0.0,7.925,0.0,0.0,0.0,0.0,0.0,0.0,0.0,0.0,0.0,0.0,0.0,0.0,3.0,0.0,0.0,0.0,3.0,0.0,3.0,3.0,0.0,0.0,0.0,0.0,0.0,0.0,3.0,3.0,3.0,0.0,0.0,0.0,3.0,0.0,0.0,0.0,0.0,3.0,0.0,1.0,3.0,0.0,0.0,0.0,0.0,0.0,3.0,0.0,0.0,-1.0,0.0,3.0,0.0,0.0,0.0,1.0,0.0,0.0,0.0,0.0,1.0,0.0,0.0,0.0,0.0,0.0,0.0,1.0,0.0,0.0,0.0,0.0,0.0,0.0,0
2.409007953480616,0.3764044943820224,2.0,264.5,46.0,23.0,0.08695652173913043,0.17391304347826086,23.0,11.5,11.5,23.0,23.0,0.0,11.5,23.0,0.0,46.0,0.0,0.17391304347826086,23.0,11.5,0.08695652173913043,3.0,11.5,2.0,0.0,2.0,0.0,1.0,23.0,2.0,2.0,2.0,0.0,0.0,1.0,1.0,0.0,2.0,2.0,2.0,2.0,4.0,1.0,1.0,1.0,3.0,2.0,1.0,2.0,1.0,2.0,0.0,1.0,1.0,2.0,1.0,0.0,0.0,1.0,2.0,0.0,0.0,-1.0,2.0,2.0,0.0,1.0,0.0,1.0,2.0,0.0,0.0,2.0,1.0,0.0,0.0,2.0,0.0,0.0,0.0,1.0,0.0,0.0,0.0,0.0,0.0,0.0,0
3.2635025302038887,0.3814866760168303,0.07692307692307693,52.0,4.0,52.0,1.0,0.07692307692307693,2.0,26.0,26.0,2.0,0.0,26.0,0.0,26.0,0.0,2.0,2.0,0.038461538461538464,2.0,2.0,0.038461538461538464,2.0,26.0,1.0,0.0,2.0,0.0,1.0,2.0,2.0,2.0,2.0,1.0,0.0,1.0,1.0,1.0,1.0,1.0,2.0,1.0,3.0,0.0,2.0,1.0,3.0,1.0,2.0,0.0,0.0,2.0,1.0,2.0,1.0,1.0,1.0,0.0,1.0,1.0,0.0,0.0,2.0,0.0,2.0,3.0,1.0,0.0,0.0,1.0,1.0,0.0,0.0,2.0,0.0,1.0,1.0,0.0,1.0,0.0,0.0,1.0,0.0,0.0,0.0,0.0,0.0,0.0,1
2.9543928647594733,0.3814866760168303,3.8731809882144637,202.4176,84.0,21.6876,0.10714285714285714,0.41498367730869257,28.0,0.0,7.2292,0.0,28.0,0.0,7.2292,0.0,7.2292,0.0,0.0,0.0,0.0,0.0,0.0,0.0,0.0,1.0,0.0,3.0,28.0,1.0,0.0,2.0,0.0,0.0,3.0,0.0,-1.0,0.0,1.0,0.0,-1.0,3.0,3.0,3.0,0.0,0.0,0.0,3.0,0.0,0.0,0.0,0.0,4.0,0.0,0.0,3.0,0.0,0.0,0.0,0.0,0.0,3.0,3.0,0.0,0.0,0.0,3.0,0.0,0.0,0.0,0.0,0.0,0.0,1.0,0.0,0.0,-1.0,0.0,0.0,0.0,0.0,0.0,1.0,0.0,0.0,0.0,0.0,0.0,1.0,0
2.5186934071750473,0.3764044943820224,2.3515741714159244,122.8964,51.0,21.6876,0.17647058823529413,0.41498367730869257,17.0,0.0,7.2292,0.0,17.0,0.0,7.2292,7.2292,7.2292,17.0,0.0,0.13832789243623084,17.0,17.0,0.13832789243623084,2.0,7.2292,2.0,0.0,3.0,17.0,2.0,17.0,2.0,1.0,0.0,2.0,0.0,0.0,1.0,1.0,1.0,0.0,3.0,3.0,4.0,1.0,3.0,1.0,4.0,0.0,1.0,1.0,0.0,4.0,0.0,0.0,2.0,1.0,0.0,0.0,0.0,1.0,3.0,3.0,0.0,0.0,3.0,3.0,0.0,1.0,1.0,0.0,1.0,0.0,1.0,3.0,0.0,-1.0,0.0,1.0,0.0,1.0,0.0,1.0,0.0,0.0,0.0,0.0,0.0,1.0,0
1.9541272053043024,0.3856942530911989,1.2523313489844934,626.0324,84.0,67.0749,0.10714285714285714,0.13417835881976717,28.0,0.0,22.3583,0.0,0.0,22.3583,0.0,0.0,22.3583,0.0,28.0,0.0,56.0,0.0,0.0894522392131781,2.0,44.7166,1.0,0.0,3.0,28.0,3.0,14.0,2.0,1.0,0.0,3.0,0.0,1.0,2.0,2.0,0.0,-1.0,3.0,2.0,3.0,1.0,0.0,2.0,5.0,0.0,3.0,-1.0,-2.0,4.0,1.0,1.0,1.0,0.0,0.0,0.0,1.0,2.0,0.0,3.0,3.0,1.0,1.5,4.0,1.0,0.0,2.0,0.0,0.0,0.0,1.0,6.0,0.0,0.0,2.0,0.0,0.0,0.0,0.0,1.0,0.0,1.0,0.0,0.0,0.0,0.0,1
2.8922283332783985,0.3856942496493689,3.463203463203463,259.875,90.0,25.987499999999997,0.1,0.34632034632034636,30.0,8.6625,8.6625,30.0,0.0,8.6625,0.0,0.0,0.0,0.0,30.0,0.0,0.0,0.0,0.0,0.0,0.0,0.0,0.0,3.0,0.0,0.0,0.0,3.0,1.0,3.0,3.0,0.0,0.0,0.0,1.0,0.0,0.0,3.0,2.0,3.0,-1.0,0.0,0.0,3.0,0.0,1.0,-1.0,0.0,3.0,1.0,2.0,3.0,0.0,0.0,0.0,1.0,0.0,0.0,0.0,3.0,0.0,0.0,4.0,1.0,0.0,0.0,1.0,0.0,0.0,0.0,0.0,0.0,1.0,0.0,0.0,0.0,0.0,0.0,1.0,0.0,0.0,0.0,0.0,0.0,0.0,0
2.955452104590947,0.3856942530911989,0.26666666666666666,183.75,14.0,52.5,0.2857142857142857,0.0761904761904762,7.0,26.25,26.25,7.0,0.0,26.25,0.0,0.0,0.0,0.0,7.0,0.0,14.0,0.0,0.0761904761904762,2.0,52.5,0.0,0.0,2.0,0.0,2.0,3.5,2.0,1.0,2.0,2.0,0.0,2.0,2.0,1.0,0.0,0.0,2.0,1.0,2.0,1.0,0.0,2.0,4.0,0.0,3.0,-1.0,-2.0,2.0,1.0,2.0,0.0,0.0,2.0,0.0,1.0,2.0,0.0,0.0,2.0,0.0,1.0,3.0,1.0,0.0,0.0,1.0,0.0,0.0,0.0,4.0,0.0,1.0,2.0,0.0,0.0,0.0,0.0,1.0,0.0,0.0,0.0,0.0,0.0,0.0,1
2.2479823544850146,0.3856942496493689,1.694915254237288,1194.75,45.0,26.55,0.022222222222222223,0.03766478342749529,45.0,26.55,26.55,45.0,45.0,0.0,26.55,0.0,0.0,0.0,0.0,0.0,0.0,0.0,0.0,0.0,0.0,0.0,0.0,1.0,0.0,0.0,0.0,1.0,0.0,1.0,1.0,0.0,0.0,0.0,0.0,0.0,0.0,1.0,1.0,1.0,0.0,0.0,0.0,1.0,0.0,0.0,0.0,0.0,1.0,0.0,1.0,1.0,0.0,0.0,0.0,0.0,0.0,1.0,0.0,0.0,-1.0,0.0,1.0,0.0,0.0,0.0,1.0,0.0,0.0,0.0,0.0,1.0,0.0,0.0,0.0,0.0,0.0,0.0,1.0,0.0,0.0,0.0,0.0,0.0,0.0,0
2.9341710637100538,0.3814866738794381,0.28188865398167723,3192.75,30.0,106.425,0.03333333333333333,0.009396288466055908,30.0,0.0,106.425,0.0,0.0,106.425,0.0,0.0,106.425,0.0,30.0,0.0,0.0,0.0,0.0,0.0,0.0,1.0,0.0,1.0,30.0,1.0,0.0,0.0,1.0,0.0,1.0,0.0,-1.0,0.0,2.0,0.0,-1.0,1.0,0.0,1.0,-1.0,0.0,0.0,1.0,0.0,1.0,-1.0,0.0,2.0,1.0,1.0,1.0,0.0,0.0,0.0,1.0,0.0,0.0,1.0,1.0,1.0,0.0,2.0,1.0,0.0,0.0,0.0,0.0,0.0,1.0,0.0,0.0,0.0,0.0,0.0,0.0,0.0,0.0,1.0,0.0,1.0,0.0,0.0,0.0,0.0,1
2.3560099606980107,0.3764044943820224,1.9310344827586208,406.0,84.0,43.5,0.10714285714285714,0.20689655172413793,28.0,14.5,14.5,28.0,28.0,0.0,14.5,0.0,0.0,0.0,0.0,0.0,0.0,0.0,0.0,0.0,0.0,0.0,0.0,3.0,0.0,0.0,0.0,3.0,0.0,3.0,3.0,0.0,0.0,0.0,0.0,0.0,0.0,3.0,3.0,3.0,0.0,0.0,0.0,3.0,0.0,0.0,0.0,0.0,3.0,0.0,1.0,3.0,0.0,0.0,0.0,0.0,0.0,3.0,0.0,0.0,-1.0,0.0,3.0,0.0,0.0,0.0,1.0,0.0,0.0,0.0,0.0,1.0,0.0,0.0,0.0,0.0,0.0,0.0,1.0,0.0,0.0,0.0,0.0,0.0,0.0,0
2.550454829124462,0.3764044943820224,0.4444444444444444,1089.0,22.0,49.5,0.045454545454545456,0.020202020202020204,22.0,0.0,49.5,0.0,0.0,49.5,0.0,0.0,49.5,0.0,22.0,0.0,44.0,0.0,0.04040404040404041,2.0,99.0,1.0,0.0,1.0,22.0,3.0,11.0,0.0,1.0,0.0,1.0,0.0,1.0,2.0,2.0,0.0,-1.0,1.0,0.0,1.0,1.0,0.0,2.0,3.0,0.0,3.0,-1.0,-2.0,2.0,1.0,1.0,-1.0,0.0,0.0,0.0,1.0,2.0,0.0,1.0,1.0,1.0,0.5,2.0,1.0,0.0,2.0,0.0,0.0,0.0,1.0,2.0,0.0,0.0,2.0,0.0,0.0,0.0,0.0,1.0,0.0,1.0,0.0,0.0,0.0,0.0,1
2.4105120187285416,0.3884992965610454,0.5070422535211268,2556.0,36.0,71.0,0.027777777777777776,0.014084507042253521,36.0,71.0,71.0,36.0,0.0,71.0,0.0,0.0,0.0,0.0,36.0,0.0,72.0,0.0,0.028169014084507043,2.0,142.0,0.0,0.0,1.0,0.0,2.0,18.0,1.0,1.0,1.0,1.0,0.0,2.0,2.0,1.0,0.0,0.0,1.0,0.0,1.0,1.0,0.0,2.0,3.0,0.0,3.0,-1.0,-2.0,1.0,1.0,2.0,-1.0,0.0,2.0,0.0,1.0,2.0,0.0,0.0,1.0,0.0,0.5,2.0,1.0,0.0,0.0,1.0,0.0,0.0,0.0,2.0,0.0,1.0,2.0,0.0,0.0,0.0,0.0,1.0,0.0,0.0,0.0,0.0,0.0,0.0,1
2.8718841528110133,0.3764041813911356,0.28776978417266186,281.47499999999997,27.0,93.82499999999999,0.3333333333333333,0.09592326139088729,9.0,31.275,31.275,9.0,0.0,31.275,0.0,125.1,0.0,36.0,9.0,0.1278976818545164,18.0,2.25,0.0639488409272582,6.0,62.55,4.0,0.0,3.0,0.0,2.0,4.5,3.0,5.0,3.0,-1.0,0.0,2.0,2.0,1.0,8.0,4.0,3.0,2.0,7.0,1.0,0.75,2.0,5.0,4.0,3.0,3.0,2.0,3.0,1.0,2.0,1.0,2.0,2.0,0.0,1.0,2.0,0.0,0.0,3.0,0.0,1.5,4.0,1.0,0.0,0.0,1.0,4.0,0.0,0.0,6.0,0.0,1.0,2.0,0.0,4.0,0.0,0.0,1.0,0.0,0.0,0.0,0.0,0.0,0.0,0
2.723475052146079,0.385694131664639,0.3517186250999201,344.025,33.0,93.82499999999999,0.2727272727272727,0.09592326139088729,11.0,31.275,31.275,11.0,0.0,31.275,0.0,125.1,0.0,44.0,11.0,0.1278976818545164,22.0,2.75,0.0639488409272582,6.0,62.55,4.0,0.0,3.0,0.0,2.0,5.5,3.0,5.0,3.0,-1.0,0.0,2.0,2.0,1.0,8.0,4.0,3.0,2.0,7.0,1.0,0.75,2.0,5.0,4.0,3.0,3.0,2.0,3.0,1.0,2.0,1.0,2.0,2.0,0.0,1.0,2.0,0.0,0.0,3.0,0.0,1.5,4.0,1.0,0.0,0.0,1.0,4.0,0.0,0.0,6.0,0.0,1.0,2.0,0.0,4.0,0.0,0.0,1.0,0.0,0.0,0.0,0.0,0.0,0.0,0
1.969824709318838,0.3814866794822344,1.2307692307692308,832.0,64.0,52.0,0.0625,0.07692307692307693,32.0,26.0,26.0,32.0,32.0,0.0,26.0,26.0,0.0,32.0,0.0,0.038461538461538464,0.0,32.0,0.0,1.0,0.0,1.0,0.0,2.0,0.0,0.0,0.0,2.0,1.0,2.0,1.0,0.0,0.0,0.0,0.0,0.0,1.0,2.0,2.0,3.0,0.0,2.0,0.0,2.0,1.0,0.0,1.0,1.0,2.0,0.0,1.0,2.0,0.0,0.0,0.0,0.0,0.0,2.0,0.0,0.0,-1.0,0.0,2.0,0.0,0.0,0.0,1.0,1.0,0.0,0.0,0.0,1.0,0.0,0.0,1.0,0.0,0.0,0.0,1.0,0.0,0.0,0.0,0.0,0.0,0.0,1
2.490600751228471,0.3856942530911989,0.4698144233027954,5321.25,50.0,106.425,0.02,0.009396288466055908,50.0,0.0,106.425,0.0,50.0,0.0,106.425,106.425,106.425,50.0,0.0,0.009396288466055908,0.0,50.0,0.0,1.0,0.0,2.0,0.0,1.0,50.0,1.0,0.0,0.0,1.0,0.0,0.0,0.0,-1.0,0.0,1.0,0.0,0.0,1.0,1.0,2.0,0.0,1.0,0.0,1.0,0.0,0.0,1.0,1.0,2.0,0.0,0.0,1.0,0.0,0.0,0.0,0.0,0.0,1.0,1.0,0.0,0.0,0.0,1.0,0.0,0.0,0.0,0.0,1.0,0.0,1.0,0.0,0.0,-1.0,0.0,1.0,0.0,1.0,0.0,1.0,0.0,0.0,0.0,0.0,0.0,1.0,0
2.638592182640035,0.3764044943820224,2.4615384615384617,1664.0,64.0,26.0,0.015625,0.038461538461538464,64.0,26.0,26.0,64.0,64.0,0.0,26.0,0.0,0.0,0.0,0.0,0.0,0.0,0.0,0.0,0.0,0.0,0.0,0.0,1.0,0.0,0.0,0.0,1.0,0.0,1.0,1.0,0.0,0.0,0.0,0.0,0.0,0.0,1.0,1.0,1.0,0.0,0.0,0.0,1.0,0.0,0.0,0.0,0.0,1.0,0.0,1.0,1.0,0.0,0.0,0.0,0.0,0.0,1.0,0.0,0.0,-1.0,0.0,1.0,0.0,0.0,0.0,1.0,0.0,0.0,0.0,0.0,1.0,0.0,0.0,0.0,0.0,0.0,0.0,1.0,0.0,0.0,0.0,0.0,0.0,0.0,0
2.0348032675310153,0.3884993021638418,0.7307692307692307,494.0,38.0,52.0,0.10526315789473684,0.07692307692307693,19.0,26.0,26.0,19.0,0.0,26.0,0.0,26.0,0.0,19.0,19.0,0.038461538461538464,0.0,19.0,0.0,1.0,0.0,1.0,0.0,2.0,0.0,0.0,0.0,2.0,2.0,2.0,1.0,0.0,0.0,0.0,1.0,0.0,1.0,2.0,1.0,3.0,-1.0,2.0,0.0,2.0,1.0,1.0,0.0,1.0,2.0,1.0,2.0,2.0,0.0,0.0,0.0,1.0,0.0,0.0,0.0,2.0,0.0,0.0,3.0,1.0,0.0,0.0,1.0,1.0,0.0,0.0,0.0,0.0,1.0,0.0,0.0,1.0,0.0,0.0,1.0,0.0,0.0,0.0,0.0,0.0,0.0,1
2.42421785637322,0.3856942496493689,2.019837691614067,388.15000000000003,56.0,27.725,0.07142857142857142,0.1442741208295762,28.0,0.0,13.8625,0.0,28.0,0.0,13.8625,0.0,13.8625,0.0,0.0,0.0,0.0,0.0,0.0,0.0,0.0,1.0,0.0,2.0,28.0,1.0,0.0,1.0,0.0,0.0,2.0,0.0,-1.0,0.0,1.0,0.0,-1.0,2.0,2.0,2.0,0.0,0.0,0.0,2.0,0.0,0.0,0.0,0.0,3.0,0.0,0.0,2.0,0.0,0.0,0.0,0.0,0.0,2.0,2.0,0.0,0.0,0.0,2.0,0.0,0.0,0.0,0.0,0.0,0.0,1.0,0.0,0.0,-1.0,0.0,0.0,0.0,0.0,0.0,1.0,0.0,0.0,0.0,0.0,0.0,1.0,1
2.1801086136285064,0.3814866854367755,1.607795371498173,677.3249999999999,99.0,61.574999999999996,0.09090909090909091,0.146163215590743,33.0,20.525,20.525,33.0,33.0,0.0,20.525,20.525,0.0,33.0,0.0,0.048721071863581,33.0,33.0,0.048721071863581,2.0,20.525,1.0,0.0,3.0,0.0,1.0,33.0,3.0,1.0,3.0,2.0,0.0,1.0,1.0,0.0,1.0,1.0,3.0,3.0,4.0,1.0,3.0,1.0,4.0,1.0,1.0,1.0,0.0,3.0,0.0,1.0,2.0,1.0,1.0,0.0,0.0,1.0,3.0,0.0,0.0,-1.0,3.0,3.0,0.0,1.0,0.0,1.0,1.0,0.0,0.0,3.0,1.0,0.0,0.0,1.0,0.0,0.0,0.0,1.0,0.0,0.0,0.0,0.0,0.0,0.0,0
3.0818124179261357,0.3856942496493689,0.21768707482993196,294.0,16.0,73.5,0.25,0.05442176870748299,8.0,36.75,36.75,8.0,8.0,0.0,36.75,36.75,0.0,8.0,0.0,0.027210884353741496,8.0,8.0,0.027210884353741496,2.0,36.75,1.0,0.0,2.0,0.0,1.0,8.0,2.0,1.0,2.0,1.0,0.0,1.0,1.0,0.0,1.0,1.0,2.0,2.0,3.0,1.0,2.0,1.0,3.0,1.0,1.0,1.0,0.0,2.0,0.0,1.0,1.0,1.0,1.0,0.0,0.0,1.0,2.0,0.0,0.0,-1.0,2.0,2.0,0.0,1.0,0.0,1.0,1.0,0.0,0.0,2.0,1.0,0.0,0.0,1.0,0.0,0.0,0.0,1.0,0.0,0.0,0.0,0.0,0.0,0.0,1
3.19186097610372,0.3870967857675673,0.15331434039210592,1885.0161,17.0,110.8833,0.058823529411764705,0.00901849061130035,17.0,0.0,110.8833,0.0,17.0,0.0,110.8833,0.0,110.8833,0.0,0.0,0.0,34.0,0.0,0.0180369812226007,2.0,221.7666,1.0,0.0,1.0,17.0,3.0,8.5,0.0,0.0,0.0,1.0,0.0,1.0,2.0,1.0,0.0,-1.0,1.0,1.0,1.0,2.0,0.0,2.0,3.0,0.0,2.0,0.0,-2.0,2.0,0.0,0.0,-1.0,0.0,0.0,0.0,0.0,2.0,1.0,1.0,0.0,0.0,0.5,1.0,0.0,2.0,2.0,0.0,0.0,0.0,1.0,2.0,0.0,-1.0,0.0,0.0,0.0,0.0,0.0,1.0,0.0,0.0,0.0,0.0,0.0,1.0,1
1.9087464061055044,0.3814866760168303,1.0384615384615385,702.0,54.0,52.0,0.07407407407407407,0.07692307692307693,27.0,26.0,26.0,27.0,27.0,0.0,26.0,0.0,0.0,0.0,0.0,0.0,0.0,0.0,0.0,0.0,0.0,0.0,0.0,2.0,0.0,0.0,0.0,2.0,0.0,2.0,2.0,0.0,0.0,0.0,0.0,0.0,0.0,2.0,2.0,2.0,0.0,0.0,0.0,2.0,0.0,0.0,0.0,0.0,2.0,0.0,1.0,2.0,0.0,0.0,0.0,0.0,0.0,2.0,0.0,0.0,-1.0,0.0,2.0,0.0,0.0,0.0,1.0,0.0,0.0,0.0,0.0,1.0,0.0,0.0,0.0,0.0,0.0,0.0,1.0,0.0,0.0,0.0,0.0,0.0,0.0,0
2.9072658357413816,0.3856942496493689,3.576355183160476,219.2176,84.0,23.4876,0.10714285714285714,0.38318091248147956,28.0,0.0,7.8292,0.0,28.0,0.0,7.8292,0.0,0.0,0.0,0.0,0.0,0.0,0.0,0.0,0.0,0.0,0.0,7.8292,3.0,0.0,0.0,0.0,3.0,0.0,0.0,3.0,28.0,0.0,-1.0,0.0,0.0,0.0,2.0,3.0,3.0,0.0,0.0,1.0,3.0,0.0,0.0,0.0,0.0,3.0,1.0,0.0,3.0,0.0,0.0,1.0,0.0,0.0,3.0,0.0,0.0,0.0,0.0,3.0,-1.0,0.0,0.0,0.0,0.0,1.0,0.0,0.0,0.0,0.0,0.0,0.0,0.0,0.0,0.0,1.0,0.0,0.0,0.0,0.0,0.0,0.0,0
2.767158617663377,0.3884992987377279,3.0449826989619377,158.95,66.0,21.674999999999997,0.13636363636363635,0.4152249134948097,22.0,0.0,7.225,0.0,22.0,0.0,7.225,0.0,7.225,0.0,0.0,0.0,0.0,0.0,0.0,0.0,0.0,1.0,0.0,3.0,22.0,1.0,0.0,2.0,0.0,0.0,3.0,0.0,-1.0,0.0,1.0,0.0,-1.0,3.0,3.0,3.0,0.0,0.0,0.0,3.0,0.0,0.0,0.0,0.0,4.0,0.0,0.0,3.0,0.0,0.0,0.0,0.0,0.0,3.0,3.0,0.0,0.0,0.0,3.0,0.0,0.0,0.0,0.0,0.0,0.0,1.0,0.0,0.0,-1.0,0.0,0.0,0.0,0.0,0.0,1.0,0.0,0.0,0.0,0.0,0.0,1.0,1
2.7080878603839644,0.3856942496493689,2.8295819935691315,171.05,66.0,23.325000000000003,0.13636363636363635,0.3858520900321543,22.0,7.775,7.775,22.0,0.0,7.775,0.0,0.0,0.0,0.0,22.0,0.0,0.0,0.0,0.0,0.0,0.0,0.0,0.0,3.0,0.0,0.0,0.0,3.0,1.0,3.0,3.0,0.0,0.0,0.0,1.0,0.0,0.0,3.0,2.0,3.0,-1.0,0.0,0.0,3.0,0.0,1.0,-1.0,0.0,3.0,1.0,2.0,3.0,0.0,0.0,0.0,1.0,0.0,0.0,0.0,3.0,0.0,0.0,4.0,1.0,0.0,0.0,1.0,0.0,0.0,0.0,0.0,0.0,1.0,0.0,0.0,0.0,0.0,0.0,1.0,0.0,0.0,0.0,0.0,0.0,0.0,1
2.5865606250073903,0.3884992987377279,2.335216572504708,1646.1000000000001,62.0,26.55,0.016129032258064516,0.03766478342749529,62.0,26.55,26.55,62.0,62.0,0.0,26.55,0.0,0.0,0.0,0.0,0.0,0.0,0.0,0.0,0.0,0.0,0.0,0.0,1.0,0.0,0.0,0.0,1.0,0.0,1.0,1.0,0.0,0.0,0.0,0.0,0.0,0.0,1.0,1.0,1.0,0.0,0.0,0.0,1.0,0.0,0.0,0.0,0.0,1.0,0.0,1.0,1.0,0.0,0.0,0.0,0.0,0.0,1.0,0.0,0.0,-1.0,0.0,1.0,0.0,0.0,0.0,1.0,0.0,0.0,0.0,0.0,1.0,0.0,0.0,0.0,0.0,0.0,0.0,1.0,0.0,0.0,0.0,0.0,0.0,0.0,0
1.970851401188315,0.3884992987377279,1.2121212121212122,1900.8000000000002,48.0,39.6,0.020833333333333332,0.025252525252525252,48.0,0.0,39.6,0.0,0.0,39.6,0.0,39.6,39.6,48.0,48.0,0.025252525252525252,0.0,48.0,0.0,1.0,0.0,2.0,0.0,1.0,48.0,1.0,0.0,0.0,2.0,0.0,0.0,0.0,-1.0,0.0,2.0,0.0,0.0,1.0,0.0,2.0,-1.0,1.0,0.0,1.0,0.0,1.0,0.0,1.0,2.0,1.0,1.0,1.0,0.0,0.0,0.0,1.0,0.0,0.0,1.0,1.0,1.0,0.0,2.0,1.0,0.0,0.0,0.0,1.0,0.0,1.0,0.0,0.0,0.0,0.0,0.0,1.0,1.0,0.0,1.0,0.0,1.0,0.0,0.0,0.0,0.0,1
3.2327446939886326,0.3814867016228956,0.12306339962641467,6370.7,28.0,227.525,0.03571428571428571,0.004395121415229096,28.0,0.0,227.525,0.0,28.0,0.0,227.525,0.0,227.525,0.0,0.0,0.0,0.0,0.0,0.0,0.0,0.0,1.0,0.0,1.0,28.0,1.0,0.0,0.0,0.0,0.0,1.0,0.0,-1.0,0.0,1.0,0.0,-1.0,1.0,1.0,1.0,0.0,0.0,0.0,1.0,0.0,0.0,0.0,0.0,2.0,0.0,0.0,1.0,0.0,0.0,0.0,0.0,0.0,1.0,1.0,0.0,0.0,0.0,1.0,0.0,0.0,0.0,0.0,0.0,0.0,1.0,0.0,0.0,-1.0,0.0,0.0,0.0,0.0,0.0,1.0,0.0,0.0,0.0,0.0,0.0,1.0,0
2.4494108543060404,0.3814866778217858,0.48964218455743874,3106.3500000000004,39.0,79.65,0.02564102564102564,0.012554927809165096,39.0,79.65,79.65,39.0,0.0,79.65,0.0,79.65,0.0,39.0,39.0,0.012554927809165096,39.0,39.0,0.012554927809165096,2.0,79.65,1.0,0.0,1.0,0.0,1.0,39.0,1.0,2.0,1.0,0.0,0.0,1.0,1.0,1.0,1.0,1.0,1.0,0.0,2.0,0.0,1.0,1.0,2.0,1.0,2.0,0.0,0.0,1.0,1.0,2.0,0.0,1.0,1.0,0.0,1.0,1.0,0.0,0.0,1.0,0.0,1.0,2.0,1.0,0.0,0.0,1.0,1.0,0.0,0.0,1.0,0.0,1.0,1.0,0.0,1.0,0.0,0.0,1.0,0.0,0.0,0.0,0.0,0.0,0.0,1
2.448952886562548,0.3814866760168303,2.0689655172413794,626.4,108.0,52.199999999999996,0.08333333333333333,0.1724137931034483,36.0,17.4,17.4,36.0,0.0,17.4,0.0,17.4,0.0,36.0,36.0,0.0574712643678161,0.0,36.0,0.0,1.0,0.0,1.0,0.0,3.0,0.0,0.0,0.0,3.0,2.0,3.0,2.0,0.0,0.0,0.0,1.0,0.0,1.0,3.0,2.0,4.0,-1.0,3.0,0.0,3.0,1.0,1.0,0.0,1.0,3.0,1.0,2.0,3.0,0.0,0.0,0.0,1.0,0.0,0.0,0.0,3.0,0.0,0.0,4.0,1.0,0.0,0.0,1.0,1.0,0.0,0.0,0.0,0.0,1.0,0.0,0.0,1.0,0.0,0.0,1.0,0.0,0.0,0.0,0.0,0.0,0.0,1
2.9136213823100587,0.3884992987377279,3.6129032258064515,217.0,84.0,23.25,0.10714285714285714,0.3870967741935484,28.0,0.0,7.75,0.0,28.0,0.0,7.75,0.0,0.0,0.0,0.0,0.0,0.0,0.0,0.0,0.0,0.0,0.0,7.75,3.0,0.0,0.0,0.0,3.0,0.0,0.0,3.0,28.0,0.0,-1.0,0.0,0.0,0.0,2.0,3.0,3.0,0.0,0.0,1.0,3.0,0.0,0.0,0.0,0.0,3.0,1.0,0.0,3.0,0.0,0.0,1.0,0.0,0.0,3.0,0.0,0.0,0.0,0.0,3.0,-1.0,0.0,0.0,0.0,0.0,1.0,0.0,0.0,0.0,0.0,0.0,0.0,0.0,0.0,0.0,1.0,0.0,0.0,0.0,0.0,0.0,0.0,0
3.099505963396587,0.3884992987377279,5.065984447427746,315.832,120.0,23.6874,0.075,0.379948833557081,40.0,7.8958,7.8958,40.0,40.0,0.0,7.8958,0.0,0.0,0.0,0.0,0.0,0.0,0.0,0.0,0.0,0.0,0.0,0.0,3.0,0.0,0.0,0.0,3.0,0.0,3.0,3.0,0.0,0.0,0.0,0.0,0.0,0.0,3.0,3.0,3.0,0.0,0.0,0.0,3.0,0.0,0.0,0.0,0.0,3.0,0.0,1.0,3.0,0.0,0.0,0.0,0.0,0.0,3.0,0.0,0.0,-1.0,0.0,3.0,0.0,0.0,0.0,1.0,0.0,0.0,0.0,0.0,1.0,0.0,0.0,0.0,0.0,0.0,0.0,1.0,0.0,0.0,0.0,0.0,0.0,0.0,0
2.452725137191893,0.3884992987377279,2.074074074074074,378.0,56.0,27.0,0.07142857142857142,0.14814814814814814,28.0,13.5,13.5,28.0,28.0,0.0,13.5,0.0,0.0,0.0,0.0,0.0,0.0,0.0,0.0,0.0,0.0,0.0,0.0,2.0,0.0,0.0,0.0,2.0,0.0,2.0,2.0,0.0,0.0,0.0,0.0,0.0,0.0,2.0,2.0,2.0,0.0,0.0,0.0,2.0,0.0,0.0,0.0,0.0,2.0,0.0,1.0,2.0,0.0,0.0,0.0,0.0,0.0,2.0,0.0,0.0,-1.0,0.0,2.0,0.0,0.0,0.0,1.0,0.0,0.0,0.0,0.0,1.0,0.0,0.0,0.0,0.0,0.0,0.0,1.0,0.0,0.0,0.0,0.0,0.0,0.0,0
2.889492585726881,0.3884992987377279,3.4782608695652173,225.40000000000003,84.0,24.150000000000002,0.10714285714285714,0.37267080745341613,28.0,8.05,8.05,28.0,28.0,0.0,8.05,0.0,0.0,0.0,0.0,0.0,0.0,0.0,0.0,0.0,0.0,0.0,0.0,3.0,0.0,0.0,0.0,3.0,0.0,3.0,3.0,0.0,0.0,0.0,0.0,0.0,0.0,3.0,3.0,3.0,0.0,0.0,0.0,3.0,0.0,0.0,0.0,0.0,3.0,0.0,1.0,3.0,0.0,0.0,0.0,0.0,0.0,3.0,0.0,0.0,-1.0,0.0,3.0,0.0,0.0,0.0,1.0,0.0,0.0,0.0,0.0,1.0,0.0,0.0,0.0,0.0,0.0,0.0,1.0,0.0,0.0,0.0,0.0,0.0,0.0,0
2.889492585726881,0.3884992987377279,3.4782608695652173,225.40000000000003,84.0,24.150000000000002,0.10714285714285714,0.37267080745341613,28.0,8.05,8.05,28.0,0.0,8.05,0.0,0.0,0.0,0.0,28.0,0.0,0.0,0.0,0.0,0.0,0.0,0.0,0.0,3.0,0.0,0.0,0.0,3.0,1.0,3.0,3.0,0.0,0.0,0.0,1.0,0.0,0.0,3.0,2.0,3.0,-1.0,0.0,0.0,3.0,0.0,1.0,-1.0,0.0,3.0,1.0,2.0,3.0,0.0,0.0,0.0,1.0,0.0,0.0,0.0,3.0,0.0,0.0,4.0,1.0,0.0,0.0,1.0,0.0,0.0,0.0,0.0,0.0,1.0,0.0,0.0,0.0,0.0,0.0,1.0,0.0,0.0,0.0,0.0,0.0,0.0,0
1.8782778280119818,0.3884992965610454,0.9937888198757765,579.5999999999999,72.0,72.44999999999999,0.125,0.12422360248447206,24.0,24.15,24.15,24.0,24.0,0.0,24.15,48.3,0.0,48.0,0.0,0.08281573498964803,0.0,12.0,0.0,2.0,0.0,2.0,0.0,3.0,0.0,0.0,0.0,3.0,2.0,3.0,1.0,0.0,0.0,0.0,0.0,0.0,2.0,3.0,3.0,5.0,0.0,1.5,0.0,3.0,2.0,0.0,2.0,2.0,3.0,0.0,1.0,3.0,0.0,0.0,0.0,0.0,0.0,3.0,0.0,0.0,-1.0,0.0,3.0,0.0,0.0,0.0,1.0,2.0,0.0,0.0,0.0,1.0,0.0,0.0,2.0,0.0,0.0,0.0,1.0,0.0,0.0,0.0,0.0,0.0,0.0,0
2.5372189720185556,0.3884992987377279,2.4063426125281793,150.02020000000002,57.0,23.6874,0.15789473684210525,0.379948833557081,19.0,7.8958,7.8958,19.0,19.0,0.0,7.8958,0.0,0.0,0.0,0.0,0.0,0.0,0.0,0.0,0.0,0.0,0.0,0.0,3.0,0.0,0.0,0.0,3.0,0.0,3.0,3.0,0.0,0.0,0.0,0.0,0.0,0.0,3.0,3.0,3.0,0.0,0.0,0.0,3.0,0.0,0.0,0.0,0.0,3.0,0.0,1.0,3.0,0.0,0.0,0.0,0.0,0.0,3.0,0.0,0.0,-1.0,0.0,3.0,0.0,0.0,0.0,1.0,0.0,0.0,0.0,0.0,1.0,0.0,0.0,0.0,0.0,0.0,0.0,1.0,0.0,0.0,0.0,0.0,0.0,0.0,0
1.9870775362532487,0.3814866602235201,1.376037959667853,611.175,87.0,63.224999999999994,0.10344827586206896,0.1423487544483986,29.0,21.075,21.075,29.0,0.0,21.075,0.0,0.0,0.0,0.0,29.0,0.0,116.0,0.0,0.18979833926453143,4.0,84.3,0.0,0.0,3.0,0.0,4.0,7.25,3.0,1.0,3.0,3.0,0.0,4.0,4.0,1.0,0.0,0.0,3.0,2.0,3.0,3.0,0.0,4.0,7.0,0.0,5.0,-1.0,-4.0,3.0,1.0,2.0,-1.0,0.0,4.0,0.0,1.0,4.0,0.0,0.0,3.0,0.0,0.75,4.0,1.0,0.0,0.0,1.0,0.0,0.0,0.0,12.0,0.0,1.0,4.0,0.0,0.0,0.0,0.0,1.0,0.0,0.0,0.0,0.0,0.0,0.0,0
2.9543928647594733,0.3814866760168303,3.8731809882144637,202.4176,84.0,21.6876,0.10714285714285714,0.41498367730869257,28.0,0.0,7.2292,0.0,28.0,0.0,7.2292,0.0,7.2292,0.0,0.0,0.0,0.0,0.0,0.0,0.0,0.0,1.0,0.0,3.0,28.0,1.0,0.0,2.0,0.0,0.0,3.0,0.0,-1.0,0.0,1.0,0.0,-1.0,3.0,3.0,3.0,0.0,0.0,0.0,3.0,0.0,0.0,0.0,0.0,4.0,0.0,0.0,3.0,0.0,0.0,0.0,0.0,0.0,3.0,3.0,0.0,0.0,0.0,3.0,0.0,0.0,0.0,0.0,0.0,0.0,1.0,0.0,0.0,-1.0,0.0,0.0,0.0,0.0,0.0,1.0,0.0,0.0,0.0,0.0,0.0,1.0,0
2.992148966710927,0.3856942496493689,4.0742532657686334,251.3344,96.0,23.5626,0.09375,0.3819612436658094,32.0,7.8542,7.8542,32.0,32.0,0.0,7.8542,0.0,0.0,0.0,0.0,0.0,0.0,0.0,0.0,0.0,0.0,0.0,0.0,3.0,0.0,0.0,0.0,3.0,0.0,3.0,3.0,0.0,0.0,0.0,0.0,0.0,0.0,3.0,3.0,3.0,0.0,0.0,0.0,3.0,0.0,0.0,0.0,0.0,3.0,0.0,1.0,3.0,0.0,0.0,0.0,0.0,0.0,3.0,0.0,0.0,-1.0,0.0,3.0,0.0,0.0,0.0,1.0,0.0,0.0,0.0,0.0,1.0,0.0,0.0,0.0,0.0,0.0,0.0,1.0,0.0,0.0,0.0,0.0,0.0,0.0,1
3.164353741003272,0.3814866760168303,5.904761904761905,651.0,124.0,21.0,0.03225806451612903,0.19047619047619047,62.0,10.5,10.5,62.0,62.0,0.0,10.5,0.0,0.0,0.0,0.0,0.0,0.0,0.0,0.0,0.0,0.0,0.0,0.0,2.0,0.0,0.0,0.0,2.0,0.0,2.0,2.0,0.0,0.0,0.0,0.0,0.0,0.0,2.0,2.0,2.0,0.0,0.0,0.0,2.0,0.0,0.0,0.0,0.0,2.0,0.0,1.0,2.0,0.0,0.0,0.0,0.0,0.0,2.0,0.0,0.0,-1.0,0.0,2.0,0.0,0.0,0.0,1.0,0.0,0.0,0.0,0.0,1.0,0.0,0.0,0.0,0.0,0.0,0.0,1.0,0.0,0.0,0.0,0.0,0.0,0.0,1
1.9198743315670996,0.3870967741935484,1.0295420286251535,2728.3976,53.0,51.4792,0.018867924528301886,0.019425321294814217,53.0,51.4792,51.4792,53.0,0.0,51.4792,0.0,102.9584,0.0,106.0,53.0,0.038850642589628434,0.0,26.5,0.0,2.0,0.0,2.0,0.0,1.0,0.0,0.0,0.0,1.0,3.0,1.0,-1.0,0.0,0.0,0.0,1.0,0.0,2.0,1.0,0.0,3.0,-1.0,0.5,0.0,1.0,2.0,1.0,1.0,2.0,1.0,1.0,2.0,1.0,0.0,0.0,0.0,1.0,0.0,0.0,0.0,1.0,0.0,0.0,2.0,1.0,0.0,0.0,1.0,2.0,0.0,0.0,0.0,0.0,1.0,0.0,0.0,2.0,0.0,0.0,1.0,0.0,0.0,0.0,0.0,0.0,0.0,1
2.0455716380386066,0.3764044943820224,1.3642823306489815,949.9499999999999,36.0,26.3875,0.027777777777777776,0.037896731406916156,36.0,26.3875,26.3875,36.0,36.0,0.0,26.3875,0.0,0.0,0.0,0.0,0.0,0.0,0.0,0.0,0.0,0.0,0.0,0.0,1.0,0.0,0.0,0.0,1.0,0.0,1.0,1.0,0.0,0.0,0.0,0.0,0.0,0.0,1.0,1.0,1.0,0.0,0.0,0.0,1.0,0.0,0.0,0.0,0.0,1.0,0.0,1.0,1.0,0.0,0.0,0.0,0.0,0.0,1.0,0.0,0.0,-1.0,0.0,1.0,0.0,0.0,0.0,1.0,0.0,0.0,0.0,0.0,1.0,0.0,0.0,0.0,0.0,0.0,0.0,1.0,0.0,0.0,0.0,0.0,0.0,0.0,1
2.9136213823100587,0.3884992987377279,3.6129032258064515,217.0,84.0,23.25,0.10714285714285714,0.3870967741935484,28.0,0.0,7.75,0.0,0.0,7.75,0.0,0.0,0.0,0.0,28.0,0.0,0.0,0.0,0.0,0.0,0.0,0.0,7.75,3.0,0.0,0.0,0.0,3.0,1.0,0.0,3.0,28.0,0.0,-1.0,1.0,0.0,0.0,2.0,2.0,3.0,-1.0,0.0,1.0,3.0,0.0,1.0,-1.0,0.0,3.0,2.0,1.0,3.0,0.0,0.0,0.0,1.0,0.0,0.0,0.0,3.0,1.0,0.0,4.0,0.0,0.0,0.0,0.0,0.0,1.0,0.0,0.0,0.0,1.0,0.0,0.0,0.0,0.0,0.0,1.0,1.0,0.0,0.0,0.0,0.0,0.0,1
2.3058661399485034,0.3884992987377279,1.9875776397515525,128.8,48.0,24.150000000000002,0.1875,0.37267080745341613,16.0,8.05,8.05,16.0,16.0,0.0,8.05,0.0,0.0,0.0,0.0,0.0,0.0,0.0,0.0,0.0,0.0,0.0,0.0,3.0,0.0,0.0,0.0,3.0,0.0,3.0,3.0,0.0,0.0,0.0,0.0,0.0,0.0,3.0,3.0,3.0,0.0,0.0,0.0,3.0,0.0,0.0,0.0,0.0,3.0,0.0,1.0,3.0,0.0,0.0,0.0,0.0,0.0,3.0,0.0,0.0,-1.0,0.0,3.0,0.0,0.0,0.0,1.0,0.0,0.0,0.0,0.0,1.0,0.0,0.0,0.0,0.0,0.0,0.0,1.0,0.0,0.0,0.0,0.0,0.0,0.0,0
1.94875277472438,0.3814866738794381,1.3103448275862069,275.5,57.0,43.5,0.15789473684210525,0.20689655172413793,19.0,14.5,14.5,19.0,19.0,0.0,14.5,0.0,0.0,0.0,0.0,0.0,0.0,0.0,0.0,0.0,0.0,0.0,0.0,3.0,0.0,0.0,0.0,3.0,0.0,3.0,3.0,0.0,0.0,0.0,0.0,0.0,0.0,3.0,3.0,3.0,0.0,0.0,0.0,3.0,0.0,0.0,0.0,0.0,3.0,0.0,1.0,3.0,0.0,0.0,0.0,0.0,0.0,3.0,0.0,0.0,-1.0,0.0,3.0,0.0,0.0,0.0,1.0,0.0,0.0,0.0,0.0,1.0,0.0,0.0,0.0,0.0,0.0,0.0,1.0,0.0,0.0,0.0,0.0,0.0,0.0,0
2.6915196459402955,0.3814866760168303,2.6153846153846154,442.0,68.0,26.0,0.058823529411764705,0.15384615384615385,34.0,13.0,13.0,34.0,0.0,13.0,0.0,0.0,0.0,0.0,34.0,0.0,0.0,0.0,0.0,0.0,0.0,0.0,0.0,2.0,0.0,0.0,0.0,2.0,1.0,2.0,2.0,0.0,0.0,0.0,1.0,0.0,0.0,2.0,1.0,2.0,-1.0,0.0,0.0,2.0,0.0,1.0,-1.0,0.0,2.0,1.0,2.0,2.0,0.0,0.0,0.0,1.0,0.0,0.0,0.0,2.0,0.0,0.0,3.0,1.0,0.0,0.0,1.0,0.0,0.0,0.0,0.0,0.0,1.0,0.0,0.0,0.0,0.0,0.0,1.0,0.0,0.0,0.0,0.0,0.0,0.0,1
2.0883091779010288,0.3884992965610454,0.6976744186046512,2180.1,39.0,55.9,0.02564102564102564,0.017889087656529516,39.0,55.9,55.9,39.0,0.0,55.9,0.0,55.9,0.0,39.0,39.0,0.017889087656529516,0.0,39.0,0.0,1.0,0.0,1.0,0.0,1.0,0.0,0.0,0.0,1.0,2.0,1.0,0.0,0.0,0.0,0.0,1.0,0.0,1.0,1.0,0.0,2.0,-1.0,1.0,0.0,1.0,1.0,1.0,0.0,1.0,1.0,1.0,2.0,1.0,0.0,0.0,0.0,1.0,0.0,0.0,0.0,1.0,0.0,0.0,2.0,1.0,0.0,0.0,1.0,1.0,0.0,0.0,0.0,0.0,1.0,0.0,0.0,1.0,0.0,0.0,1.0,0.0,0.0,0.0,0.0,0.0,0.0,1
2.364413730555129,0.3764044943820224,1.9366038884239503,404.8324,84.0,43.3749,0.10714285714285714,0.20749327375970897,28.0,0.0,14.4583,0.0,0.0,14.4583,0.0,14.4583,14.4583,28.0,28.0,0.06916442458656966,0.0,28.0,0.0,1.0,0.0,2.0,0.0,3.0,28.0,1.0,0.0,2.0,2.0,0.0,2.0,0.0,-1.0,0.0,2.0,0.0,0.0,3.0,2.0,4.0,-1.0,3.0,0.0,3.0,0.0,1.0,0.0,1.0,4.0,1.0,1.0,3.0,0.0,0.0,0.0,1.0,0.0,0.0,3.0,3.0,1.0,0.0,4.0,1.0,0.0,0.0,0.0,1.0,0.0,1.0,0.0,0.0,0.0,0.0,0.0,1.0,1.0,0.0,1.0,0.0,1.0,0.0,0.0,0.0,0.0,0
2.987481931401778,0.3870967741935484,4.037854889589905,253.6,96.0,23.775,0.09375,0.37854889589905366,32.0,7.925,7.925,32.0,32.0,0.0,7.925,0.0,0.0,0.0,0.0,0.0,0.0,0.0,0.0,0.0,0.0,0.0,0.0,3.0,0.0,0.0,0.0,3.0,0.0,3.0,3.0,0.0,0.0,0.0,0.0,0.0,0.0,3.0,3.0,3.0,0.0,0.0,0.0,3.0,0.0,0.0,0.0,0.0,3.0,0.0,1.0,3.0,0.0,0.0,0.0,0.0,0.0,3.0,0.0,0.0,-1.0,0.0,3.0,0.0,0.0,0.0,1.0,0.0,0.0,0.0,0.0,1.0,0.0,0.0,0.0,0.0,0.0,0.0,1.0,0.0,0.0,0.0,0.0,0.0,0.0,1
1.956273778491204,0.3856942496493689,0.8333333333333334,750.0,50.0,60.0,0.08,0.06666666666666667,25.0,30.0,30.0,25.0,0.0,30.0,0.0,30.0,0.0,25.0,25.0,0.03333333333333333,25.0,25.0,0.03333333333333333,2.0,30.0,1.0,0.0,2.0,0.0,1.0,25.0,2.0,2.0,2.0,1.0,0.0,1.0,1.0,1.0,1.0,1.0,2.0,1.0,3.0,0.0,2.0,1.0,3.0,1.0,2.0,0.0,0.0,2.0,1.0,2.0,1.0,1.0,1.0,0.0,1.0,1.0,0.0,0.0,2.0,0.0,2.0,3.0,1.0,0.0,0.0,1.0,1.0,0.0,0.0,2.0,0.0,1.0,1.0,0.0,1.0,0.0,0.0,1.0,0.0,0.0,0.0,0.0,0.0,0.0,1
2.7712848951047824,0.3856942612814515,0.3517211338407136,4324.4487,39.0,110.8833,0.02564102564102564,0.00901849061130035,39.0,0.0,110.8833,0.0,0.0,110.8833,0.0,110.8833,110.8833,39.0,39.0,0.00901849061130035,39.0,39.0,0.00901849061130035,2.0,110.8833,2.0,0.0,1.0,39.0,2.0,39.0,0.0,2.0,0.0,0.0,0.0,0.0,1.0,2.0,1.0,0.0,1.0,0.0,2.0,0.0,1.0,1.0,2.0,0.0,2.0,0.0,0.0,2.0,1.0,1.0,0.0,1.0,0.0,0.0,1.0,1.0,0.0,1.0,1.0,1.0,1.0,2.0,1.0,0.0,1.0,0.0,1.0,0.0,1.0,1.0,0.0,0.0,1.0,0.0,1.0,1.0,0.0,1.0,0.0,1.0,0.0,0.0,0.0,0.0,1
2.4636631289773523,0.3856942474884025,2.076923076923077,1404.0,108.0,52.0,0.037037037037037035,0.07692307692307693,54.0,26.0,26.0,54.0,54.0,0.0,26.0,0.0,0.0,0.0,0.0,0.0,0.0,0.0,0.0,0.0,0.0,0.0,0.0,2.0,0.0,0.0,0.0,2.0,0.0,2.0,2.0,0.0,0.0,0.0,0.0,0.0,0.0,2.0,2.0,2.0,0.0,0.0,0.0,2.0,0.0,0.0,0.0,0.0,2.0,0.0,1.0,2.0,0.0,0.0,0.0,0.0,0.0,2.0,0.0,0.0,-1.0,0.0,2.0,0.0,0.0,0.0,1.0,0.0,0.0,0.0,0.0,1.0,0.0,0.0,0.0,0.0,0.0,0.0,1.0,0.0,0.0,0.0,0.0,0.0,0.0,0
1.9355677541522733,0.3814866760168303,0.897196261682243,1444.5,36.0,40.125,0.027777777777777776,0.024922118380062305,36.0,0.0,40.125,0.0,36.0,0.0,40.125,0.0,40.125,0.0,0.0,0.0,0.0,0.0,0.0,0.0,0.0,1.0,0.0,1.0,36.0,1.0,0.0,0.0,0.0,0.0,1.0,0.0,-1.0,0.0,1.0,0.0,-1.0,1.0,1.0,1.0,0.0,0.0,0.0,1.0,0.0,0.0,0.0,0.0,2.0,0.0,0.0,1.0,0.0,0.0,0.0,0.0,0.0,1.0,1.0,0.0,0.0,0.0,1.0,0.0,0.0,0.0,0.0,0.0,0.0,1.0,0.0,0.0,-1.0,0.0,0.0,0.0,0.0,0.0,1.0,0.0,0.0,0.0,0.0,0.0,1.0,0
2.834832467324831,0.3764044943820224,3.2137733142037304,243.95000000000002,84.0,26.137500000000003,0.10714285714285714,0.3443328550932568,28.0,0.0,8.7125,0.0,28.0,0.0,8.7125,0.0,8.7125,0.0,0.0,0.0,0.0,0.0,0.0,0.0,0.0,1.0,0.0,3.0,28.0,1.0,0.0,2.0,0.0,0.0,3.0,0.0,-1.0,0.0,1.0,0.0,-1.0,3.0,3.0,3.0,0.0,0.0,0.0,3.0,0.0,0.0,0.0,0.0,4.0,0.0,0.0,3.0,0.0,0.0,0.0,0.0,0.0,3.0,3.0,0.0,0.0,0.0,3.0,0.0,0.0,0.0,0.0,0.0,0.0,1.0,0.0,0.0,-1.0,0.0,0.0,0.0,0.0,0.0,1.0,0.0,0.0,0.0,0.0,0.0,1.0,0
3.0602810963577776,0.3764044962643794,0.22598870056497172,1433.7,18.0,79.65,0.05555555555555555,0.012554927809165096,18.0,79.65,79.65,18.0,0.0,79.65,0.0,0.0,0.0,0.0,18.0,0.0,36.0,0.0,0.025109855618330193,2.0,159.3,0.0,0.0,1.0,0.0,2.0,9.0,1.0,1.0,1.0,1.0,0.0,2.0,2.0,1.0,0.0,0.0,1.0,0.0,1.0,1.0,0.0,2.0,3.0,0.0,3.0,-1.0,-2.0,1.0,1.0,2.0,-1.0,0.0,2.0,0.0,1.0,2.0,0.0,0.0,1.0,0.0,0.5,2.0,1.0,0.0,0.0,1.0,0.0,0.0,0.0,2.0,0.0,1.0,2.0,0.0,0.0,0.0,0.0,1.0,0.0,0.0,0.0,0.0,0.0,0.0,1
2.8477770514425846,0.3870967741935484,3.1333333333333333,705.0,94.0,30.0,0.0425531914893617,0.13333333333333333,47.0,15.0,15.0,47.0,47.0,0.0,15.0,0.0,0.0,0.0,0.0,0.0,0.0,0.0,0.0,0.0,0.0,0.0,0.0,2.0,0.0,0.0,0.0,2.0,0.0,2.0,2.0,0.0,0.0,0.0,0.0,0.0,0.0,2.0,2.0,2.0,0.0,0.0,0.0,2.0,0.0,0.0,0.0,0.0,2.0,0.0,1.0,2.0,0.0,0.0,0.0,0.0,0.0,2.0,0.0,0.0,-1.0,0.0,2.0,0.0,0.0,0.0,1.0,0.0,0.0,0.0,0.0,1.0,0.0,0.0,0.0,0.0,0.0,0.0,1.0,0.0,0.0,0.0,0.0,0.0,0.0,0
2.024726089619855,0.3856942496493689,0.7575757575757576,4752.0,60.0,79.2,0.016666666666666666,0.012626262626262626,60.0,0.0,79.2,0.0,60.0,0.0,79.2,79.2,79.2,60.0,0.0,0.012626262626262626,60.0,60.0,0.012626262626262626,2.0,79.2,2.0,0.0,1.0,60.0,2.0,60.0,0.0,1.0,0.0,0.0,0.0,0.0,1.0,1.0,1.0,0.0,1.0,1.0,2.0,1.0,1.0,1.0,2.0,0.0,1.0,1.0,0.0,2.0,0.0,0.0,0.0,1.0,0.0,0.0,0.0,1.0,1.0,1.0,0.0,0.0,1.0,1.0,0.0,1.0,1.0,0.0,1.0,0.0,1.0,1.0,0.0,-1.0,0.0,1.0,0.0,1.0,0.0,1.0,0.0,0.0,0.0,0.0,0.0,1.0,1
2.6783570521130375,0.3856942496493689,2.732919254658385,177.10000000000002,66.0,24.150000000000002,0.13636363636363635,0.37267080745341613,22.0,8.05,8.05,22.0,22.0,0.0,8.05,0.0,0.0,0.0,0.0,0.0,0.0,0.0,0.0,0.0,0.0,0.0,0.0,3.0,0.0,0.0,0.0,3.0,0.0,3.0,3.0,0.0,0.0,0.0,0.0,0.0,0.0,3.0,3.0,3.0,0.0,0.0,0.0,3.0,0.0,0.0,0.0,0.0,3.0,0.0,1.0,3.0,0.0,0.0,0.0,0.0,0.0,3.0,0.0,0.0,-1.0,0.0,3.0,0.0,0.0,0.0,1.0,0.0,0.0,0.0,0.0,1.0,0.0,0.0,0.0,0.0,0.0,0.0,1.0,0.0,0.0,0.0,0.0,0.0,0.0,0
2.889479994948239,0.3870967741935484,3.4782608695652173,225.40000000000003,84.0,24.150000000000002,0.10714285714285714,0.37267080745341613,28.0,8.05,8.05,28.0,28.0,0.0,8.05,0.0,0.0,0.0,0.0,0.0,0.0,0.0,0.0,0.0,0.0,0.0,0.0,3.0,0.0,0.0,0.0,3.0,0.0,3.0,3.0,0.0,0.0,0.0,0.0,0.0,0.0,3.0,3.0,3.0,0.0,0.0,0.0,3.0,0.0,0.0,0.0,0.0,3.0,0.0,1.0,3.0,0.0,0.0,0.0,0.0,0.0,3.0,0.0,0.0,-1.0,0.0,3.0,0.0,0.0,0.0,1.0,0.0,0.0,0.0,0.0,1.0,0.0,0.0,0.0,0.0,0.0,0.0,1.0,0.0,0.0,0.0,0.0,0.0,0.0,0
3.081287196477148,0.3764044943820224,4.912280701754386,249.375,105.0,21.375,0.08571428571428572,0.42105263157894735,35.0,7.125,7.125,35.0,35.0,0.0,7.125,0.0,0.0,0.0,0.0,0.0,0.0,0.0,0.0,0.0,0.0,0.0,0.0,3.0,0.0,0.0,0.0,3.0,0.0,3.0,3.0,0.0,0.0,0.0,0.0,0.0,0.0,3.0,3.0,3.0,0.0,0.0,0.0,3.0,0.0,0.0,0.0,0.0,3.0,0.0,1.0,3.0,0.0,0.0,0.0,0.0,0.0,3.0,0.0,0.0,-1.0,0.0,3.0,0.0,0.0,0.0,1.0,0.0,0.0,0.0,0.0,1.0,0.0,0.0,0.0,0.0,0.0,0.0,1.0,0.0,0.0,0.0,0.0,0.0,0.0,0
2.1320283438427214,0.3764044978759011,0.6643949470208914,4069.8684,52.0,78.2667,0.019230769230769232,0.012776825904247911,52.0,0.0,78.2667,0.0,0.0,78.2667,0.0,78.2667,78.2667,52.0,52.0,0.012776825904247911,0.0,52.0,0.0,1.0,0.0,2.0,0.0,1.0,52.0,1.0,0.0,0.0,2.0,0.0,0.0,0.0,-1.0,0.0,2.0,0.0,0.0,1.0,0.0,2.0,-1.0,1.0,0.0,1.0,0.0,1.0,0.0,1.0,2.0,1.0,1.0,1.0,0.0,0.0,0.0,1.0,0.0,0.0,1.0,1.0,1.0,0.0,2.0,1.0,0.0,0.0,0.0,1.0,0.0,1.0,0.0,0.0,0.0,0.0,0.0,1.0,1.0,0.0,1.0,0.0,1.0,0.0,0.0,0.0,0.0,1
3.1781787681278066,0.3884992987377279,6.482758620689655,340.75,141.0,21.75,0.06382978723404255,0.41379310344827586,47.0,7.25,7.25,47.0,47.0,0.0,7.25,0.0,0.0,0.0,0.0,0.0,0.0,0.0,0.0,0.0,0.0,0.0,0.0,3.0,0.0,0.0,0.0,3.0,0.0,3.0,3.0,0.0,0.0,0.0,0.0,0.0,0.0,3.0,3.0,3.0,0.0,0.0,0.0,3.0,0.0,0.0,0.0,0.0,3.0,0.0,1.0,3.0,0.0,0.0,0.0,0.0,0.0,3.0,0.0,0.0,-1.0,0.0,3.0,0.0,0.0,0.0,1.0,0.0,0.0,0.0,0.0,1.0,0.0,0.0,0.0,0.0,0.0,0.0,1.0,0.0,0.0,0.0,0.0,0.0,0.0,0
2.915303099859976,0.3814866760168303,3.6129032258064515,217.0,84.0,23.25,0.10714285714285714,0.3870967741935484,28.0,0.0,7.75,0.0,0.0,7.75,0.0,0.0,0.0,0.0,28.0,0.0,56.0,0.0,0.25806451612903225,2.0,15.5,0.0,7.75,3.0,0.0,2.0,14.0,3.0,1.0,0.0,3.0,28.0,2.0,1.0,1.0,0.0,0.0,2.0,2.0,3.0,1.0,0.0,3.0,5.0,0.0,3.0,-1.0,-2.0,3.0,2.0,1.0,1.0,0.0,0.0,0.0,1.0,2.0,0.0,0.0,3.0,1.0,1.5,4.0,0.0,0.0,0.0,0.0,0.0,1.0,0.0,6.0,0.0,1.0,2.0,0.0,0.0,0.0,0.0,1.0,1.0,0.0,0.0,0.0,2.0,0.0,0
2.0761133471394486,0.3764044943820224,1.4230769230769231,962.0,74.0,52.0,0.05405405405405406,0.07692307692307693,37.0,26.0,26.0,37.0,37.0,0.0,26.0,26.0,0.0,37.0,0.0,0.038461538461538464,0.0,37.0,0.0,1.0,0.0,1.0,0.0,2.0,0.0,0.0,0.0,2.0,1.0,2.0,1.0,0.0,0.0,0.0,0.0,0.0,1.0,2.0,2.0,3.0,0.0,2.0,0.0,2.0,1.0,0.0,1.0,1.0,2.0,0.0,1.0,2.0,0.0,0.0,0.0,0.0,0.0,2.0,0.0,0.0,-1.0,0.0,2.0,0.0,0.0,0.0,1.0,1.0,0.0,0.0,0.0,1.0,0.0,0.0,1.0,0.0,0.0,0.0,1.0,0.0,0.0,0.0,0.0,0.0,0.0,0
2.1097622493424333,0.3856942437752533,1.4906832298136647,869.4,108.0,72.44999999999999,0.08333333333333333,0.12422360248447206,36.0,24.15,24.15,36.0,36.0,0.0,24.15,24.15,0.0,36.0,0.0,0.041407867494824016,36.0,36.0,0.041407867494824016,2.0,24.15,1.0,0.0,3.0,0.0,1.0,36.0,3.0,1.0,3.0,2.0,0.0,1.0,1.0,0.0,1.0,1.0,3.0,3.0,4.0,1.0,3.0,1.0,4.0,1.0,1.0,1.0,0.0,3.0,0.0,1.0,2.0,1.0,1.0,0.0,0.0,1.0,3.0,0.0,0.0,-1.0,3.0,3.0,0.0,1.0,0.0,1.0,1.0,0.0,0.0,3.0,1.0,0.0,0.0,1.0,0.0,0.0,0.0,1.0,0.0,0.0,0.0,0.0,0.0,0.0,0
1.9485092619890978,0.3870967776275203,0.8484848484848485,924.0,56.0,66.0,0.07142857142857142,0.06060606060606061,28.0,33.0,33.0,28.0,0.0,33.0,0.0,0.0,0.0,0.0,28.0,0.0,0.0,0.0,0.0,0.0,0.0,0.0,0.0,2.0,0.0,0.0,0.0,2.0,1.0,2.0,2.0,0.0,0.0,0.0,1.0,0.0,0.0,2.0,1.0,2.0,-1.0,0.0,0.0,2.0,0.0,1.0,-1.0,0.0,2.0,1.0,2.0,2.0,0.0,0.0,0.0,1.0,0.0,0.0,0.0,2.0,0.0,0.0,3.0,1.0,0.0,0.0,1.0,0.0,0.0,0.0,0.0,0.0,1.0,0.0,0.0,0.0,0.0,0.0,1.0,0.0,0.0,0.0,0.0,0.0,0.0,1
3.29380298707428,0.3856942513902431,0.0,0.0,147.0,0.0,0.061224489795918366,0.0,49.0,0.0,0.0,49.0,49.0,0.0,0.0,0.0,0.0,0.0,0.0,0.0,0.0,0.0,0.0,0.0,0.0,0.0,0.0,3.0,0.0,0.0,0.0,3.0,0.0,3.0,3.0,0.0,0.0,0.0,0.0,0.0,0.0,3.0,3.0,3.0,0.0,0.0,0.0,3.0,0.0,0.0,0.0,0.0,3.0,0.0,1.0,3.0,0.0,0.0,0.0,0.0,0.0,3.0,0.0,0.0,-1.0,0.0,3.0,0.0,0.0,0.0,1.0,0.0,0.0,0.0,0.0,1.0,0.0,0.0,0.0,0.0,0.0,0.0,1.0,0.0,0.0,0.0,0.0,0.0,0.0,0
2.9547161591336573,0.3814866760168303,3.8754325259515574,202.29999999999998,84.0,21.674999999999997,0.10714285714285714,0.4152249134948097,28.0,0.0,7.225,0.0,28.0,0.0,7.225,0.0,7.225,0.0,0.0,0.0,0.0,0.0,0.0,0.0,0.0,1.0,0.0,3.0,28.0,1.0,0.0,2.0,0.0,0.0,3.0,0.0,-1.0,0.0,1.0,0.0,-1.0,3.0,3.0,3.0,0.0,0.0,0.0,3.0,0.0,0.0,0.0,0.0,4.0,0.0,0.0,3.0,0.0,0.0,0.0,0.0,0.0,3.0,3.0,0.0,0.0,0.0,3.0,0.0,0.0,0.0,0.0,0.0,0.0,1.0,0.0,0.0,-1.0,0.0,0.0,0.0,0.0,0.0,1.0,0.0,0.0,0.0,0.0,0.0,1.0,0
1.951943270092183,0.3764044943820224,0.8607182254449386,2789.5308,49.0,56.9292,0.02040816326530612,0.01756567807030487,49.0,0.0,56.9292,0.0,49.0,0.0,56.9292,56.9292,56.9292,49.0,0.0,0.01756567807030487,0.0,49.0,0.0,1.0,0.0,2.0,0.0,1.0,49.0,1.0,0.0,0.0,1.0,0.0,0.0,0.0,-1.0,0.0,1.0,0.0,0.0,1.0,1.0,2.0,0.0,1.0,0.0,1.0,0.0,0.0,1.0,1.0,2.0,0.0,0.0,1.0,0.0,0.0,0.0,0.0,0.0,1.0,1.0,0.0,0.0,0.0,1.0,0.0,0.0,0.0,0.0,1.0,0.0,1.0,0.0,0.0,-1.0,0.0,1.0,0.0,1.0,0.0,1.0,0.0,0.0,0.0,0.0,0.0,1.0,1
1.9202167059129813,0.3884992987377279,0.8888888888888888,648.0,48.0,54.0,0.08333333333333333,0.07407407407407407,24.0,27.0,27.0,24.0,0.0,27.0,0.0,54.0,0.0,48.0,24.0,0.07407407407407407,24.0,12.0,0.037037037037037035,3.0,27.0,2.0,0.0,2.0,0.0,1.0,24.0,2.0,3.0,2.0,0.0,0.0,1.0,1.0,1.0,2.0,2.0,2.0,1.0,4.0,0.0,1.0,1.0,3.0,2.0,2.0,1.0,1.0,2.0,1.0,2.0,1.0,2.0,1.0,0.0,1.0,1.0,0.0,0.0,2.0,0.0,2.0,3.0,1.0,0.0,0.0,1.0,2.0,0.0,0.0,2.0,0.0,1.0,1.0,0.0,2.0,0.0,0.0,1.0,0.0,0.0,0.0,0.0,0.0,0.0,1
2.901882041538662,0.3814866760168303,3.5461891131994223,221.0824,84.0,23.6874,0.10714285714285714,0.379948833557081,28.0,7.8958,7.8958,28.0,28.0,0.0,7.8958,0.0,0.0,0.0,0.0,0.0,0.0,0.0,0.0,0.0,0.0,0.0,0.0,3.0,0.0,0.0,0.0,3.0,0.0,3.0,3.0,0.0,0.0,0.0,0.0,0.0,0.0,3.0,3.0,3.0,0.0,0.0,0.0,3.0,0.0,0.0,0.0,0.0,3.0,0.0,1.0,3.0,0.0,0.0,0.0,0.0,0.0,3.0,0.0,0.0,-1.0,0.0,3.0,0.0,0.0,0.0,1.0,0.0,0.0,0.0,0.0,1.0,0.0,0.0,0.0,0.0,0.0,0.0,1.0,0.0,0.0,0.0,0.0,0.0,0.0,0
2.1359785987550053,0.3814866760168303,0.6603773584905661,1187.2,28.0,42.4,0.03571428571428571,0.02358490566037736,28.0,42.4,42.4,28.0,28.0,0.0,42.4,0.0,0.0,0.0,0.0,0.0,0.0,0.0,0.0,0.0,0.0,0.0,0.0,1.0,0.0,0.0,0.0,1.0,0.0,1.0,1.0,0.0,0.0,0.0,0.0,0.0,0.0,1.0,1.0,1.0,0.0,0.0,0.0,1.0,0.0,0.0,0.0,0.0,1.0,0.0,1.0,1.0,0.0,0.0,0.0,0.0,0.0,1.0,0.0,0.0,-1.0,0.0,1.0,0.0,0.0,0.0,1.0,0.0,0.0,0.0,0.0,1.0,0.0,0.0,0.0,0.0,0.0,0.0,1.0,0.0,0.0,0.0,0.0,0.0,0.0,0
3.12904998118112,0.3856942496493689,5.46583850931677,354.20000000000005,132.0,24.150000000000002,0.06818181818181818,0.37267080745341613,44.0,8.05,8.05,44.0,44.0,0.0,8.05,0.0,0.0,0.0,0.0,0.0,0.0,0.0,0.0,0.0,0.0,0.0,0.0,3.0,0.0,0.0,0.0,3.0,0.0,3.0,3.0,0.0,0.0,0.0,0.0,0.0,0.0,3.0,3.0,3.0,0.0,0.0,0.0,3.0,0.0,0.0,0.0,0.0,3.0,0.0,1.0,3.0,0.0,0.0,0.0,0.0,0.0,3.0,0.0,0.0,-1.0,0.0,3.0,0.0,0.0,0.0,1.0,0.0,0.0,0.0,0.0,1.0,0.0,0.0,0.0,0.0,0.0,0.0,1.0,0.0,0.0,0.0,0.0,0.0,0.0,0
2.0200314894100875,0.3764044943820224,1.3182674199623352,929.25,35.0,26.55,0.02857142857142857,0.03766478342749529,35.0,0.0,26.55,0.0,35.0,0.0,26.55,0.0,26.55,0.0,0.0,0.0,0.0,0.0,0.0,0.0,0.0,1.0,0.0,1.0,35.0,1.0,0.0,0.0,0.0,0.0,1.0,0.0,-1.0,0.0,1.0,0.0,-1.0,1.0,1.0,1.0,0.0,0.0,0.0,1.0,0.0,0.0,0.0,0.0,2.0,0.0,0.0,1.0,0.0,0.0,0.0,0.0,0.0,1.0,1.0,0.0,0.0,0.0,1.0,0.0,0.0,0.0,0.0,0.0,0.0,1.0,0.0,0.0,-1.0,0.0,0.0,0.0,0.0,0.0,1.0,0.0,0.0,0.0,0.0,0.0,1.0,1
2.5669838062610446,0.3764044943820224,2.315112540192926,559.8000000000001,108.0,46.650000000000006,0.08333333333333333,0.19292604501607716,36.0,15.55,15.55,36.0,36.0,0.0,15.55,15.55,0.0,36.0,0.0,0.06430868167202572,0.0,36.0,0.0,1.0,0.0,1.0,0.0,3.0,0.0,0.0,0.0,3.0,1.0,3.0,2.0,0.0,0.0,0.0,0.0,0.0,1.0,3.0,3.0,4.0,0.0,3.0,0.0,3.0,1.0,0.0,1.0,1.0,3.0,0.0,1.0,3.0,0.0,0.0,0.0,0.0,0.0,3.0,0.0,0.0,-1.0,0.0,3.0,0.0,0.0,0.0,1.0,1.0,0.0,0.0,0.0,1.0,0.0,0.0,1.0,0.0,0.0,0.0,1.0,0.0,0.0,0.0,0.0,0.0,0.0,0
2.9493220171055965,0.3814866760168303,3.7994883355708096,236.87400000000002,90.0,23.6874,0.1,0.379948833557081,30.0,7.8958,7.8958,30.0,30.0,0.0,7.8958,0.0,0.0,0.0,0.0,0.0,0.0,0.0,0.0,0.0,0.0,0.0,0.0,3.0,0.0,0.0,0.0,3.0,0.0,3.0,3.0,0.0,0.0,0.0,0.0,0.0,0.0,3.0,3.0,3.0,0.0,0.0,0.0,3.0,0.0,0.0,0.0,0.0,3.0,0.0,1.0,3.0,0.0,0.0,0.0,0.0,0.0,3.0,0.0,0.0,-1.0,0.0,3.0,0.0,0.0,0.0,1.0,0.0,0.0,0.0,0.0,1.0,0.0,0.0,0.0,0.0,0.0,0.0,1.0,0.0,0.0,0.0,0.0,0.0,0.0,0
1.93721721960457,0.3870967741935484,0.8852459016393442,823.5,27.0,30.5,0.037037037037037035,0.03278688524590164,27.0,30.5,30.5,27.0,27.0,0.0,30.5,0.0,0.0,0.0,0.0,0.0,0.0,0.0,0.0,0.0,0.0,0.0,0.0,1.0,0.0,0.0,0.0,1.0,0.0,1.0,1.0,0.0,0.0,0.0,0.0,0.0,0.0,1.0,1.0,1.0,0.0,0.0,0.0,1.0,0.0,0.0,0.0,0.0,1.0,0.0,1.0,1.0,0.0,0.0,0.0,0.0,0.0,1.0,0.0,0.0,-1.0,0.0,1.0,0.0,0.0,0.0,1.0,0.0,0.0,0.0,0.0,1.0,0.0,0.0,0.0,0.0,0.0,0.0,1.0,0.0,0.0,0.0,0.0,0.0,0.0,1
2.364838270917746,0.3870967759130622,0.5291107092007542,914.7424,44.0,83.1584,0.09090909090909091,0.04810097356370493,22.0,0.0,41.5792,0.0,0.0,41.5792,0.0,41.5792,41.5792,22.0,22.0,0.024050486781852464,44.0,22.0,0.04810097356370493,3.0,83.1584,2.0,0.0,2.0,22.0,3.0,11.0,1.0,2.0,0.0,1.0,0.0,1.0,2.0,2.0,2.0,0.0,2.0,1.0,3.0,1.0,2.0,2.0,4.0,0.0,3.0,0.0,-1.0,3.0,1.0,1.0,0.0,0.5,0.0,0.0,1.0,2.0,0.0,2.0,2.0,1.0,1.0,3.0,1.0,0.0,2.0,0.0,1.0,0.0,1.0,4.0,0.0,0.0,2.0,0.0,1.0,1.0,0.0,1.0,0.0,1.0,0.0,0.0,0.0,0.0,1
2.981073088328814,0.3870967759130622,0.2606499959273438,6138.5,40.0,153.4625,0.025,0.006516249898183595,40.0,153.4625,153.4625,40.0,0.0,153.4625,0.0,0.0,0.0,0.0,40.0,0.0,0.0,0.0,0.0,0.0,0.0,0.0,0.0,1.0,0.0,0.0,0.0,1.0,1.0,1.0,1.0,0.0,0.0,0.0,1.0,0.0,0.0,1.0,0.0,1.0,-1.0,0.0,0.0,1.0,0.0,1.0,-1.0,0.0,1.0,1.0,2.0,1.0,0.0,0.0,0.0,1.0,0.0,0.0,0.0,1.0,0.0,0.0,2.0,1.0,0.0,0.0,1.0,0.0,0.0,0.0,0.0,0.0,1.0,0.0,0.0,0.0,0.0,0.0,1.0,0.0,0.0,0.0,0.0,0.0,0.0,1
1.9409130072843308,0.3870966557797831,1.2470023980815348,1219.725,117.0,93.82499999999999,0.07692307692307693,0.09592326139088729,39.0,31.275,31.275,39.0,0.0,31.275,0.0,31.275,0.0,39.0,39.0,0.0319744204636291,195.0,39.0,0.1598721023181455,6.0,156.375,1.0,0.0,3.0,0.0,5.0,7.8,3.0,2.0,3.0,2.0,0.0,5.0,5.0,1.0,5.0,1.0,3.0,2.0,4.0,4.0,3.0,5.0,8.0,1.0,6.0,0.0,-4.0,3.0,1.0,2.0,-2.0,0.2,5.0,0.0,1.0,5.0,0.0,0.0,3.0,0.0,0.6,4.0,1.0,0.0,0.0,1.0,1.0,0.0,0.0,15.0,0.0,1.0,5.0,0.0,1.0,0.0,0.0,1.0,0.0,0.0,0.0,0.0,0.0,0.0,0
2.968047962057881,0.3764044943820224,3.971631205673759,197.4,84.0,21.15,0.10714285714285714,0.425531914893617,28.0,7.05,7.05,28.0,28.0,0.0,7.05,0.0,0.0,0.0,0.0,0.0,0.0,0.0,0.0,0.0,0.0,0.0,0.0,3.0,0.0,0.0,0.0,3.0,0.0,3.0,3.0,0.0,0.0,0.0,0.0,0.0,0.0,3.0,3.0,3.0,0.0,0.0,0.0,3.0,0.0,0.0,0.0,0.0,3.0,0.0,1.0,3.0,0.0,0.0,0.0,0.0,0.0,3.0,0.0,0.0,-1.0,0.0,3.0,0.0,0.0,0.0,1.0,0.0,0.0,0.0,0.0,1.0,0.0,0.0,0.0,0.0,0.0,0.0,1.0,0.0,0.0,0.0,0.0,0.0,0.0,0
2.2891058509096225,0.3884992987377279,1.8064516129032258,434.0,84.0,46.5,0.10714285714285714,0.1935483870967742,28.0,0.0,15.5,0.0,0.0,15.5,0.0,15.5,0.0,28.0,28.0,0.06451612903225806,0.0,28.0,0.0,1.0,0.0,1.0,15.5,3.0,0.0,0.0,0.0,3.0,2.0,0.0,2.0,28.0,0.0,-1.0,1.0,0.0,1.0,2.0,2.0,4.0,-1.0,3.0,1.0,3.0,0.0,1.0,0.0,1.0,3.0,2.0,1.0,3.0,0.0,0.0,0.0,1.0,0.0,0.0,0.0,3.0,1.0,0.0,4.0,0.0,0.0,0.0,0.0,1.0,1.0,0.0,0.0,0.0,1.0,0.0,0.0,1.0,0.0,1.0,1.0,1.0,0.0,0.0,0.0,0.0,0.0,1
2.9135961458537794,0.3856942496493689,3.6129032258064515,217.0,84.0,23.25,0.10714285714285714,0.3870967741935484,28.0,0.0,7.75,0.0,28.0,0.0,7.75,0.0,0.0,0.0,0.0,0.0,0.0,0.0,0.0,0.0,0.0,0.0,7.75,3.0,0.0,0.0,0.0,3.0,0.0,0.0,3.0,28.0,0.0,-1.0,0.0,0.0,0.0,2.0,3.0,3.0,0.0,0.0,1.0,3.0,0.0,0.0,0.0,0.0,3.0,1.0,0.0,3.0,0.0,0.0,1.0,0.0,0.0,3.0,0.0,0.0,0.0,0.0,3.0,-1.0,0.0,0.0,0.0,0.0,1.0,0.0,0.0,0.0,0.0,0.0,0.0,0.0,0.0,0.0,1.0,0.0,0.0,0.0,0.0,0.0,0.0,0
3.0296894722035193,0.3884992987377279,4.3478260869565215,281.75,105.0,24.150000000000002,0.08571428571428572,0.37267080745341613,35.0,8.05,8.05,35.0,35.0,0.0,8.05,0.0,0.0,0.0,0.0,0.0,0.0,0.0,0.0,0.0,0.0,0.0,0.0,3.0,0.0,0.0,0.0,3.0,0.0,3.0,3.0,0.0,0.0,0.0,0.0,0.0,0.0,3.0,3.0,3.0,0.0,0.0,0.0,3.0,0.0,0.0,0.0,0.0,3.0,0.0,1.0,3.0,0.0,0.0,0.0,0.0,0.0,3.0,0.0,0.0,-1.0,0.0,3.0,0.0,0.0,0.0,1.0,0.0,0.0,0.0,0.0,1.0,0.0,0.0,0.0,0.0,0.0,0.0,1.0,0.0,0.0,0.0,0.0,0.0,0.0,0
2.733827892747385,0.3814866794822344,0.36923076923076925,1560.0,48.0,130.0,0.08333333333333333,0.03076923076923077,24.0,65.0,65.0,24.0,0.0,65.0,0.0,65.0,0.0,24.0,24.0,0.015384615384615385,48.0,24.0,0.03076923076923077,3.0,130.0,1.0,0.0,2.0,0.0,2.0,12.0,2.0,2.0,2.0,1.0,0.0,2.0,2.0,1.0,2.0,1.0,2.0,1.0,3.0,1.0,2.0,2.0,4.0,1.0,3.0,0.0,-1.0,2.0,1.0,2.0,0.0,0.5,2.0,0.0,1.0,2.0,0.0,0.0,2.0,0.0,1.0,3.0,1.0,0.0,0.0,1.0,1.0,0.0,0.0,4.0,0.0,1.0,2.0,0.0,1.0,0.0,0.0,1.0,0.0,0.0,0.0,0.0,0.0,0.0,1
2.591450081887218,0.3870967720247239,2.361111111111111,489.6,102.0,43.2,0.08823529411764706,0.20833333333333331,34.0,14.4,14.4,34.0,34.0,0.0,14.4,14.4,0.0,34.0,0.0,0.06944444444444445,34.0,34.0,0.06944444444444445,2.0,14.4,1.0,0.0,3.0,0.0,1.0,34.0,3.0,1.0,3.0,2.0,0.0,1.0,1.0,0.0,1.0,1.0,3.0,3.0,4.0,1.0,3.0,1.0,4.0,1.0,1.0,1.0,0.0,3.0,0.0,1.0,2.0,1.0,1.0,0.0,0.0,1.0,3.0,0.0,0.0,-1.0,3.0,3.0,0.0,1.0,0.0,1.0,1.0,0.0,0.0,3.0,1.0,0.0,0.0,1.0,0.0,0.0,0.0,1.0,0.0,0.0,0.0,0.0,0.0,0.0,0
2.165989127540961,0.3870967741935484,1.6149068322981366,418.6,78.0,48.300000000000004,0.11538461538461539,0.18633540372670807,26.0,16.1,16.1,26.0,0.0,16.1,0.0,16.1,0.0,26.0,26.0,0.06211180124223602,0.0,26.0,0.0,1.0,0.0,1.0,0.0,3.0,0.0,0.0,0.0,3.0,2.0,3.0,2.0,0.0,0.0,0.0,1.0,0.0,1.0,3.0,2.0,4.0,-1.0,3.0,0.0,3.0,1.0,1.0,0.0,1.0,3.0,1.0,2.0,3.0,0.0,0.0,0.0,1.0,0.0,0.0,0.0,3.0,0.0,0.0,4.0,1.0,0.0,0.0,1.0,1.0,0.0,0.0,0.0,0.0,1.0,0.0,0.0,1.0,0.0,0.0,1.0,0.0,0.0,0.0,0.0,0.0,0.0,0
3.2529715848251395,0.3870967741935484,0.10256410256410256,156.0,8.0,78.0,0.5,0.05128205128205128,4.0,39.0,39.0,4.0,0.0,39.0,0.0,78.0,0.0,8.0,4.0,0.05128205128205128,4.0,2.0,0.02564102564102564,3.0,39.0,2.0,0.0,2.0,0.0,1.0,4.0,2.0,3.0,2.0,0.0,0.0,1.0,1.0,1.0,2.0,2.0,2.0,1.0,4.0,0.0,1.0,1.0,3.0,2.0,2.0,1.0,1.0,2.0,1.0,2.0,1.0,2.0,1.0,0.0,1.0,1.0,0.0,0.0,2.0,0.0,2.0,3.0,1.0,0.0,0.0,1.0,2.0,0.0,0.0,2.0,0.0,1.0,1.0,0.0,2.0,0.0,0.0,1.0,0.0,0.0,0.0,0.0,0.0,0.0,1
2.6321951690725287,0.3870967741935484,2.4761904761904763,273.0,52.0,21.0,0.07692307692307693,0.19047619047619047,26.0,10.5,10.5,26.0,26.0,0.0,10.5,0.0,0.0,0.0,0.0,0.0,0.0,0.0,0.0,0.0,0.0,0.0,0.0,2.0,0.0,0.0,0.0,2.0,0.0,2.0,2.0,0.0,0.0,0.0,0.0,0.0,0.0,2.0,2.0,2.0,0.0,0.0,0.0,2.0,0.0,0.0,0.0,0.0,2.0,0.0,1.0,2.0,0.0,0.0,0.0,0.0,0.0,2.0,0.0,0.0,-1.0,0.0,2.0,0.0,0.0,0.0,1.0,0.0,0.0,0.0,0.0,1.0,0.0,0.0,0.0,0.0,0.0,0.0,1.0,0.0,0.0,0.0,0.0,0.0,0.0,0
2.322636468586563,0.3764044943820224,1.8679691715902644,390.2634,81.0,43.3626,0.1111111111111111,0.20755213017669605,27.0,0.0,14.4542,0.0,27.0,0.0,14.4542,14.4542,14.4542,27.0,0.0,0.06918404339223201,0.0,27.0,0.0,1.0,0.0,2.0,0.0,3.0,27.0,1.0,0.0,2.0,1.0,0.0,2.0,0.0,-1.0,0.0,1.0,0.0,0.0,3.0,3.0,4.0,0.0,3.0,0.0,3.0,0.0,0.0,1.0,1.0,4.0,0.0,0.0,3.0,0.0,0.0,0.0,0.0,0.0,3.0,3.0,0.0,0.0,0.0,3.0,0.0,0.0,0.0,0.0,1.0,0.0,1.0,0.0,0.0,-1.0,0.0,1.0,0.0,1.0,0.0,1.0,0.0,0.0,0.0,0.0,0.0,1.0,0
1.9888382117754757,0.3764044943820224,0.7991749470070898,2207.2764,42.0,52.5542,0.023809523809523808,0.019027974928740234,42.0,52.5542,52.5542,42.0,42.0,0.0,52.5542,52.5542,0.0,42.0,0.0,0.019027974928740234,0.0,42.0,0.0,1.0,0.0,1.0,0.0,1.0,0.0,0.0,0.0,1.0,1.0,1.0,0.0,0.0,0.0,0.0,0.0,0.0,1.0,1.0,1.0,2.0,0.0,1.0,0.0,1.0,1.0,0.0,1.0,1.0,1.0,0.0,1.0,1.0,0.0,0.0,0.0,0.0,0.0,1.0,0.0,0.0,-1.0,0.0,1.0,0.0,0.0,0.0,1.0,1.0,0.0,0.0,0.0,1.0,0.0,0.0,1.0,0.0,0.0,0.0,1.0,0.0,0.0,0.0,0.0,0.0,0.0,1
1.9428891988018828,0.3814866794822344,1.2705108088707064,314.834,60.0,47.2251,0.15,0.19057662133060596,20.0,0.0,15.7417,0.0,20.0,0.0,15.7417,15.7417,15.7417,20.0,0.0,0.06352554044353532,20.0,20.0,0.06352554044353532,2.0,15.7417,2.0,0.0,3.0,20.0,2.0,20.0,2.0,1.0,0.0,2.0,0.0,0.0,1.0,1.0,1.0,0.0,3.0,3.0,4.0,1.0,3.0,1.0,4.0,0.0,1.0,1.0,0.0,4.0,0.0,0.0,2.0,1.0,0.0,0.0,0.0,1.0,3.0,3.0,0.0,0.0,3.0,3.0,0.0,1.0,1.0,0.0,1.0,0.0,1.0,3.0,0.0,-1.0,0.0,1.0,0.0,1.0,0.0,1.0,0.0,0.0,0.0,0.0,0.0,1.0,1
2.6521611164663854,0.3814866760168303,2.6737287056606656,164.9382,63.0,23.5626,0.14285714285714285,0.3819612436658094,21.0,7.8542,7.8542,21.0,21.0,0.0,7.8542,0.0,0.0,0.0,0.0,0.0,0.0,0.0,0.0,0.0,0.0,0.0,0.0,3.0,0.0,0.0,0.0,3.0,0.0,3.0,3.0,0.0,0.0,0.0,0.0,0.0,0.0,3.0,3.0,3.0,0.0,0.0,0.0,3.0,0.0,0.0,0.0,0.0,3.0,0.0,1.0,3.0,0.0,0.0,0.0,0.0,0.0,3.0,0.0,0.0,-1.0,0.0,3.0,0.0,0.0,0.0,1.0,0.0,0.0,0.0,0.0,1.0,0.0,0.0,0.0,0.0,0.0,0.0,1.0,0.0,0.0,0.0,0.0,0.0,0.0,0
1.9588086725639793,0.3870967720247239,1.3043478260869563,338.1,63.0,48.300000000000004,0.14285714285714285,0.18633540372670807,21.0,16.1,16.1,21.0,21.0,0.0,16.1,0.0,0.0,0.0,0.0,0.0,0.0,0.0,0.0,0.0,0.0,0.0,0.0,3.0,0.0,0.0,0.0,3.0,0.0,3.0,3.0,0.0,0.0,0.0,0.0,0.0,0.0,3.0,3.0,3.0,0.0,0.0,0.0,3.0,0.0,0.0,0.0,0.0,3.0,0.0,1.0,3.0,0.0,0.0,0.0,0.0,0.0,3.0,0.0,0.0,-1.0,0.0,3.0,0.0,0.0,0.0,1.0,0.0,0.0,0.0,0.0,1.0,0.0,0.0,0.0,0.0,0.0,0.0,1.0,0.0,0.0,0.0,0.0,0.0,0.0,0
2.3622116073785047,0.3764044943820224,1.8873295215464965,1971.5688,61.0,32.3208,0.01639344262295082,0.030939828222073713,61.0,32.3208,32.3208,61.0,61.0,0.0,32.3208,0.0,0.0,0.0,0.0,0.0,0.0,0.0,0.0,0.0,0.0,0.0,0.0,1.0,0.0,0.0,0.0,1.0,0.0,1.0,1.0,0.0,0.0,0.0,0.0,0.0,0.0,1.0,1.0,1.0,0.0,0.0,0.0,1.0,0.0,0.0,0.0,0.0,1.0,0.0,1.0,1.0,0.0,0.0,0.0,0.0,0.0,1.0,0.0,0.0,-1.0,0.0,1.0,0.0,0.0,0.0,1.0,0.0,0.0,0.0,0.0,1.0,0.0,0.0,0.0,0.0,0.0,0.0,1.0,0.0,0.0,0.0,0.0,0.0,0.0,0
3.076835376945168,0.3856942496493689,4.615384615384616,703.9499999999999,114.0,24.7,0.03508771929824561,0.16194331983805668,57.0,0.0,12.35,0.0,57.0,0.0,12.35,0.0,0.0,0.0,0.0,0.0,0.0,0.0,0.0,0.0,0.0,0.0,12.35,2.0,0.0,0.0,0.0,2.0,0.0,0.0,2.0,57.0,0.0,-1.0,0.0,0.0,0.0,1.0,2.0,2.0,0.0,0.0,1.0,2.0,0.0,0.0,0.0,0.0,2.0,1.0,0.0,2.0,0.0,0.0,1.0,0.0,0.0,2.0,0.0,0.0,0.0,0.0,2.0,-1.0,0.0,0.0,0.0,0.0,1.0,0.0,0.0,0.0,0.0,0.0,0.0,0.0,0.0,0.0,1.0,0.0,0.0,0.0,0.0,0.0,0.0,0
2.9639637223530464,0.3870967835280519,0.26937478113299035,1637.1243,21.0,77.9583,0.047619047619047616,0.012827370530142398,21.0,77.9583,77.9583,21.0,0.0,77.9583,0.0,0.0,0.0,0.0,21.0,0.0,0.0,0.0,0.0,0.0,0.0,0.0,0.0,1.0,0.0,0.0,0.0,1.0,1.0,1.0,1.0,0.0,0.0,0.0,1.0,0.0,0.0,1.0,0.0,1.0,-1.0,0.0,0.0,1.0,0.0,1.0,-1.0,0.0,1.0,1.0,2.0,1.0,0.0,0.0,0.0,1.0,0.0,0.0,0.0,1.0,0.0,0.0,2.0,1.0,0.0,0.0,1.0,0.0,0.0,0.0,0.0,0.0,1.0,0.0,0.0,0.0,0.0,0.0,1.0,0.0,0.0,0.0,0.0,0.0,0.0,1
2.8453191949910424,0.3856942496493689,3.292889890828035,205.29080000000002,78.0,23.6874,0.11538461538461539,0.379948833557081,26.0,7.8958,7.8958,26.0,26.0,0.0,7.8958,0.0,0.0,0.0,0.0,0.0,0.0,0.0,0.0,0.0,0.0,0.0,0.0,3.0,0.0,0.0,0.0,3.0,0.0,3.0,3.0,0.0,0.0,0.0,0.0,0.0,0.0,3.0,3.0,3.0,0.0,0.0,0.0,3.0,0.0,0.0,0.0,0.0,3.0,0.0,1.0,3.0,0.0,0.0,0.0,0.0,0.0,3.0,0.0,0.0,-1.0,0.0,3.0,0.0,0.0,0.0,1.0,0.0,0.0,0.0,0.0,1.0,0.0,0.0,0.0,0.0,0.0,0.0,1.0,0.0,0.0,0.0,0.0,0.0,0.0,0
2.9149397809921136,0.3870967741935484,3.6207052616606106,216.5324,84.0,23.1999,0.10714285714285714,0.387932706606494,28.0,0.0,7.7333,0.0,28.0,0.0,7.7333,0.0,0.0,0.0,0.0,0.0,0.0,0.0,0.0,0.0,0.0,0.0,7.7333,3.0,0.0,0.0,0.0,3.0,0.0,0.0,3.0,28.0,0.0,-1.0,0.0,0.0,0.0,2.0,3.0,3.0,0.0,0.0,1.0,3.0,0.0,0.0,0.0,0.0,3.0,1.0,0.0,3.0,0.0,0.0,1.0,0.0,0.0,3.0,0.0,0.0,0.0,0.0,3.0,-1.0,0.0,0.0,0.0,0.0,1.0,0.0,0.0,0.0,0.0,0.0,0.0,0.0,0.0,0.0,1.0,0.0,0.0,0.0,0.0,0.0,0.0,0
2.7130492056917337,0.3870967741935484,2.6666666666666665,2400.0,80.0,30.0,0.0125,0.03333333333333333,80.0,30.0,30.0,80.0,80.0,0.0,30.0,0.0,0.0,0.0,0.0,0.0,0.0,0.0,0.0,0.0,0.0,0.0,0.0,1.0,0.0,0.0,0.0,1.0,0.0,1.0,1.0,0.0,0.0,0.0,0.0,0.0,0.0,1.0,1.0,1.0,0.0,0.0,0.0,1.0,0.0,0.0,0.0,0.0,1.0,0.0,1.0,1.0,0.0,0.0,0.0,0.0,0.0,1.0,0.0,0.0,-1.0,0.0,1.0,0.0,0.0,0.0,1.0,0.0,0.0,0.0,0.0,1.0,0.0,0.0,0.0,0.0,0.0,0.0,1.0,0.0,0.0,0.0,0.0,0.0,0.0,1
3.203710999076472,0.3814866760168303,7.229735476737263,359.7642,153.0,21.162599999999998,0.058823529411764705,0.4252785574551331,51.0,7.0542,7.0542,51.0,51.0,0.0,7.0542,0.0,0.0,0.0,0.0,0.0,0.0,0.0,0.0,0.0,0.0,0.0,0.0,3.0,0.0,0.0,0.0,3.0,0.0,3.0,3.0,0.0,0.0,0.0,0.0,0.0,0.0,3.0,3.0,3.0,0.0,0.0,0.0,3.0,0.0,0.0,0.0,0.0,3.0,0.0,1.0,3.0,0.0,0.0,0.0,0.0,0.0,3.0,0.0,0.0,-1.0,0.0,3.0,0.0,0.0,0.0,1.0,0.0,0.0,0.0,0.0,1.0,0.0,0.0,0.0,0.0,0.0,0.0,1.0,0.0,0.0,0.0,0.0,0.0,0.0,0
1.9205709671670623,0.3870967741935484,1.0491803278688525,976.0,32.0,30.5,0.03125,0.03278688524590164,32.0,0.0,30.5,0.0,32.0,0.0,30.5,0.0,30.5,0.0,0.0,0.0,0.0,0.0,0.0,0.0,0.0,1.0,0.0,1.0,32.0,1.0,0.0,0.0,0.0,0.0,1.0,0.0,-1.0,0.0,1.0,0.0,-1.0,1.0,1.0,1.0,0.0,0.0,0.0,1.0,0.0,0.0,0.0,0.0,2.0,0.0,0.0,1.0,0.0,0.0,0.0,0.0,0.0,1.0,1.0,0.0,0.0,0.0,1.0,0.0,0.0,0.0,0.0,0.0,0.0,1.0,0.0,0.0,-1.0,0.0,0.0,0.0,0.0,0.0,1.0,0.0,0.0,0.0,0.0,0.0,1.0,1
3.2993187487853053,0.3856942496493689,0.0,0.0,28.0,0.0,0.03571428571428571,0.0,28.0,0.0,0.0,28.0,28.0,0.0,0.0,0.0,0.0,0.0,0.0,0.0,0.0,0.0,0.0,0.0,0.0,0.0,0.0,1.0,0.0,0.0,0.0,1.0,0.0,1.0,1.0,0.0,0.0,0.0,0.0,0.0,0.0,1.0,1.0,1.0,0.0,0.0,0.0,1.0,0.0,0.0,0.0,0.0,1.0,0.0,1.0,1.0,0.0,0.0,0.0,0.0,0.0,1.0,0.0,0.0,-1.0,0.0,1.0,0.0,0.0,0.0,1.0,0.0,0.0,0.0,0.0,1.0,0.0,0.0,0.0,0.0,0.0,0.0,1.0,0.0,0.0,0.0,0.0,0.0,0.0,0
2.801979853863073,0.3814866330861653,0.3225806451612903,251.1,27.0,83.69999999999999,0.3333333333333333,0.10752688172043011,9.0,27.9,27.9,9.0,0.0,27.9,0.0,83.69999999999999,0.0,27.0,9.0,0.10752688172043011,18.0,3.0,0.07168458781362008,5.0,55.8,3.0,0.0,3.0,0.0,2.0,4.5,3.0,4.0,3.0,0.0,0.0,2.0,2.0,1.0,6.0,3.0,3.0,2.0,6.0,1.0,1.0,2.0,5.0,3.0,3.0,2.0,1.0,3.0,1.0,2.0,1.0,1.5,2.0,0.0,1.0,2.0,0.0,0.0,3.0,0.0,1.5,4.0,1.0,0.0,0.0,1.0,3.0,0.0,0.0,6.0,0.0,1.0,2.0,0.0,3.0,0.0,0.0,1.0,0.0,0.0,0.0,0.0,0.0,0.0,0
2.492875313184975,0.3814866760168303,2.1538461538461537,364.0,56.0,26.0,0.07142857142857142,0.15384615384615385,28.0,13.0,13.0,28.0,0.0,13.0,0.0,0.0,0.0,0.0,28.0,0.0,0.0,0.0,0.0,0.0,0.0,0.0,0.0,2.0,0.0,0.0,0.0,2.0,1.0,2.0,2.0,0.0,0.0,0.0,1.0,0.0,0.0,2.0,1.0,2.0,-1.0,0.0,0.0,2.0,0.0,1.0,-1.0,0.0,2.0,1.0,2.0,2.0,0.0,0.0,0.0,1.0,0.0,0.0,0.0,2.0,0.0,0.0,3.0,1.0,0.0,0.0,1.0,0.0,0.0,0.0,0.0,0.0,1.0,0.0,0.0,0.0,0.0,0.0,1.0,0.0,0.0,0.0,0.0,0.0,0.0,1
2.987481931401778,0.3870967741935484,4.037854889589905,253.6,96.0,23.775,0.09375,0.37854889589905366,32.0,7.925,7.925,32.0,32.0,0.0,7.925,0.0,0.0,0.0,0.0,0.0,0.0,0.0,0.0,0.0,0.0,0.0,0.0,3.0,0.0,0.0,0.0,3.0,0.0,3.0,3.0,0.0,0.0,0.0,0.0,0.0,0.0,3.0,3.0,3.0,0.0,0.0,0.0,3.0,0.0,0.0,0.0,0.0,3.0,0.0,1.0,3.0,0.0,0.0,0.0,0.0,0.0,3.0,0.0,0.0,-1.0,0.0,3.0,0.0,0.0,0.0,1.0,0.0,0.0,0.0,0.0,1.0,0.0,0.0,0.0,0.0,0.0,0.0,1.0,0.0,0.0,0.0,0.0,0.0,0.0,0
1.949485910444179,0.3870967835280519,1.180952380952381,813.75,62.0,52.5,0.06451612903225806,0.0761904761904762,31.0,26.25,26.25,31.0,31.0,0.0,26.25,26.25,0.0,31.0,0.0,0.0380952380952381,31.0,31.0,0.0380952380952381,2.0,26.25,1.0,0.0,2.0,0.0,1.0,31.0,2.0,1.0,2.0,1.0,0.0,1.0,1.0,0.0,1.0,1.0,2.0,2.0,3.0,1.0,2.0,1.0,3.0,1.0,1.0,1.0,0.0,2.0,0.0,1.0,1.0,1.0,1.0,0.0,0.0,1.0,2.0,0.0,0.0,-1.0,2.0,2.0,0.0,1.0,0.0,1.0,1.0,0.0,0.0,2.0,1.0,0.0,0.0,1.0,0.0,0.0,0.0,1.0,0.0,0.0,0.0,0.0,0.0,0.0,0
1.8829583569933634,0.3870967306315501,1.0330708661417323,1627.1875,123.0,119.0625,0.07317073170731707,0.07559055118110236,41.0,39.6875,39.6875,41.0,0.0,39.6875,0.0,0.0,0.0,0.0,41.0,0.0,205.0,0.0,0.12598425196850394,5.0,198.4375,0.0,0.0,3.0,0.0,5.0,8.2,3.0,1.0,3.0,3.0,0.0,5.0,5.0,1.0,0.0,0.0,3.0,2.0,3.0,4.0,0.0,5.0,8.0,0.0,6.0,-1.0,-5.0,3.0,1.0,2.0,-2.0,0.0,5.0,0.0,1.0,5.0,0.0,0.0,3.0,0.0,0.6,4.0,1.0,0.0,0.0,1.0,0.0,0.0,0.0,15.0,0.0,1.0,5.0,0.0,0.0,0.0,0.0,1.0,0.0,0.0,0.0,0.0,0.0,0.0,0
2.248428540426011,0.3870967776275203,1.7391304347826086,450.80000000000007,84.0,48.300000000000004,0.10714285714285714,0.18633540372670807,28.0,16.1,16.1,28.0,28.0,0.0,16.1,16.1,0.0,28.0,0.0,0.06211180124223602,0.0,28.0,0.0,1.0,0.0,1.0,0.0,3.0,0.0,0.0,0.0,3.0,1.0,3.0,2.0,0.0,0.0,0.0,0.0,0.0,1.0,3.0,3.0,4.0,0.0,3.0,0.0,3.0,1.0,0.0,1.0,1.0,3.0,0.0,1.0,3.0,0.0,0.0,0.0,0.0,0.0,3.0,0.0,0.0,-1.0,0.0,3.0,0.0,0.0,0.0,1.0,1.0,0.0,0.0,0.0,1.0,0.0,0.0,1.0,0.0,0.0,0.0,1.0,0.0,0.0,0.0,0.0,0.0,0.0,0
2.5999216707204442,0.3814866760168303,2.546408291105396,157.084,60.0,23.5626,0.15,0.3819612436658094,20.0,7.8542,7.8542,20.0,20.0,0.0,7.8542,0.0,0.0,0.0,0.0,0.0,0.0,0.0,0.0,0.0,0.0,0.0,0.0,3.0,0.0,0.0,0.0,3.0,0.0,3.0,3.0,0.0,0.0,0.0,0.0,0.0,0.0,3.0,3.0,3.0,0.0,0.0,0.0,3.0,0.0,0.0,0.0,0.0,3.0,0.0,1.0,3.0,0.0,0.0,0.0,0.0,0.0,3.0,0.0,0.0,-1.0,0.0,3.0,0.0,0.0,0.0,1.0,0.0,0.0,0.0,0.0,1.0,0.0,0.0,0.0,0.0,0.0,0.0,1.0,0.0,0.0,0.0,0.0,0.0,0.0,0
2.7830237017154387,0.3870967776275203,0.34632034632034636,1663.1999999999998,24.0,69.3,0.041666666666666664,0.01443001443001443,24.0,0.0,69.3,0.0,0.0,69.3,0.0,0.0,69.3,0.0,24.0,0.0,0.0,0.0,0.0,0.0,0.0,1.0,0.0,1.0,24.0,1.0,0.0,0.0,1.0,0.0,1.0,0.0,-1.0,0.0,2.0,0.0,-1.0,1.0,0.0,1.0,-1.0,0.0,0.0,1.0,0.0,1.0,-1.0,0.0,2.0,1.0,1.0,1.0,0.0,0.0,0.0,1.0,0.0,0.0,1.0,1.0,1.0,0.0,2.0,1.0,0.0,0.0,0.0,0.0,0.0,1.0,0.0,0.0,0.0,0.0,0.0,0.0,0.0,0.0,1.0,0.0,1.0,0.0,0.0,0.0,0.0,1
3.200418061531407,0.3884991798949273,0.07168458781362008,55.8,6.0,83.69999999999999,1.5,0.10752688172043011,2.0,27.9,27.9,2.0,0.0,27.9,0.0,83.69999999999999,0.0,6.0,2.0,0.10752688172043011,4.0,0.6666666666666666,0.07168458781362008,5.0,55.8,3.0,0.0,3.0,0.0,2.0,1.0,3.0,4.0,3.0,0.0,0.0,2.0,2.0,1.0,6.0,3.0,3.0,2.0,6.0,1.0,1.0,2.0,5.0,3.0,3.0,2.0,1.0,3.0,1.0,2.0,1.0,1.5,2.0,0.0,1.0,2.0,0.0,0.0,3.0,0.0,1.5,4.0,1.0,0.0,0.0,1.0,3.0,0.0,0.0,6.0,0.0,1.0,2.0,0.0,3.0,0.0,0.0,1.0,0.0,0.0,0.0,0.0,0.0,0.0,0
2.428946402163942,0.3764047357431541,0.4956120631976182,1581.8824,84.0,169.4874,0.10714285714285714,0.05310129248545909,28.0,56.4958,56.4958,28.0,28.0,0.0,56.4958,0.0,0.0,0.0,0.0,0.0,0.0,0.0,0.0,0.0,0.0,0.0,0.0,3.0,0.0,0.0,0.0,3.0,0.0,3.0,3.0,0.0,0.0,0.0,0.0,0.0,0.0,3.0,3.0,3.0,0.0,0.0,0.0,3.0,0.0,0.0,0.0,0.0,3.0,0.0,1.0,3.0,0.0,0.0,0.0,0.0,0.0,3.0,0.0,0.0,-1.0,0.0,3.0,0.0,0.0,0.0,1.0,0.0,0.0,0.0,0.0,1.0,0.0,0.0,0.0,0.0,0.0,0.0,1.0,0.0,0.0,0.0,0.0,0.0,0.0,1
3.1614990159946195,0.3814866854367755,0.03894424741540012,14.443724999999999,2.25,57.774899999999995,4.0,0.15577698966160047,0.75,0.0,19.2583,0.0,0.0,19.2583,0.0,38.5166,19.2583,1.5,0.75,0.10385132644106698,0.75,0.375,0.05192566322053349,3.0,19.2583,3.0,0.0,3.0,0.75,2.0,0.75,2.0,3.0,0.0,1.0,0.0,0.0,1.0,2.0,2.0,1.0,3.0,2.0,5.0,0.0,1.5,1.0,4.0,0.0,2.0,1.0,1.0,4.0,1.0,1.0,2.0,2.0,0.0,0.0,1.0,1.0,0.0,3.0,3.0,1.0,3.0,4.0,1.0,0.0,1.0,0.0,2.0,0.0,1.0,3.0,0.0,0.0,1.0,0.0,2.0,2.0,0.0,1.0,0.0,1.0,0.0,0.0,0.0,0.0,1
2.189720780316479,0.3884992987377279,0.6255767035235608,3683.0016000000005,48.0,76.7292,0.020833333333333332,0.013032847990074183,48.0,0.0,76.7292,0.0,48.0,0.0,76.7292,76.7292,76.7292,48.0,0.0,0.013032847990074183,0.0,48.0,0.0,1.0,0.0,2.0,0.0,1.0,48.0,1.0,0.0,0.0,1.0,0.0,0.0,0.0,-1.0,0.0,1.0,0.0,0.0,1.0,1.0,2.0,0.0,1.0,0.0,1.0,0.0,0.0,1.0,1.0,2.0,0.0,0.0,1.0,0.0,0.0,0.0,0.0,0.0,1.0,1.0,0.0,0.0,0.0,1.0,0.0,0.0,0.0,0.0,1.0,0.0,1.0,0.0,0.0,-1.0,0.0,1.0,0.0,1.0,0.0,1.0,0.0,0.0,0.0,0.0,0.0,1.0,1
2.5372189720185556,0.3884992987377279,2.4063426125281793,150.02020000000002,57.0,23.6874,0.15789473684210525,0.379948833557081,19.0,7.8958,7.8958,19.0,19.0,0.0,7.8958,0.0,0.0,0.0,0.0,0.0,0.0,0.0,0.0,0.0,0.0,0.0,0.0,3.0,0.0,0.0,0.0,3.0,0.0,3.0,3.0,0.0,0.0,0.0,0.0,0.0,0.0,3.0,3.0,3.0,0.0,0.0,0.0,3.0,0.0,0.0,0.0,0.0,3.0,0.0,1.0,3.0,0.0,0.0,0.0,0.0,0.0,3.0,0.0,0.0,-1.0,0.0,3.0,0.0,0.0,0.0,1.0,0.0,0.0,0.0,0.0,1.0,0.0,0.0,0.0,0.0,0.0,0.0,1.0,0.0,0.0,0.0,0.0,0.0,0.0,0
2.1757973456251394,0.3884992987377279,1.5774647887323943,1988.0,56.0,35.5,0.017857142857142856,0.028169014084507043,56.0,0.0,35.5,0.0,56.0,0.0,35.5,0.0,35.5,0.0,0.0,0.0,0.0,0.0,0.0,0.0,0.0,1.0,0.0,1.0,56.0,1.0,0.0,0.0,0.0,0.0,1.0,0.0,-1.0,0.0,1.0,0.0,-1.0,1.0,1.0,1.0,0.0,0.0,0.0,1.0,0.0,0.0,0.0,0.0,2.0,0.0,0.0,1.0,0.0,0.0,0.0,0.0,0.0,1.0,1.0,0.0,0.0,0.0,1.0,0.0,0.0,0.0,0.0,0.0,0.0,1.0,0.0,0.0,-1.0,0.0,0.0,0.0,0.0,0.0,1.0,0.0,0.0,0.0,0.0,0.0,1.0,1
2.9294586849875133,0.3870967741935484,3.708609271523179,211.4,84.0,22.65,0.10714285714285714,0.3973509933774835,28.0,7.55,7.55,28.0,28.0,0.0,7.55,0.0,0.0,0.0,0.0,0.0,0.0,0.0,0.0,0.0,0.0,0.0,0.0,3.0,0.0,0.0,0.0,3.0,0.0,3.0,3.0,0.0,0.0,0.0,0.0,0.0,0.0,3.0,3.0,3.0,0.0,0.0,0.0,3.0,0.0,0.0,0.0,0.0,3.0,0.0,1.0,3.0,0.0,0.0,0.0,0.0,0.0,3.0,0.0,0.0,-1.0,0.0,3.0,0.0,0.0,0.0,1.0,0.0,0.0,0.0,0.0,1.0,0.0,0.0,0.0,0.0,0.0,0.0,1.0,0.0,0.0,0.0,0.0,0.0,0.0,0
2.773668771148447,0.3870967741935484,3.0463576158940397,173.65,69.0,22.65,0.13043478260869565,0.3973509933774835,23.0,7.55,7.55,23.0,0.0,7.55,0.0,0.0,0.0,0.0,23.0,0.0,0.0,0.0,0.0,0.0,0.0,0.0,0.0,3.0,0.0,0.0,0.0,3.0,1.0,3.0,3.0,0.0,0.0,0.0,1.0,0.0,0.0,3.0,2.0,3.0,-1.0,0.0,0.0,3.0,0.0,1.0,-1.0,0.0,3.0,1.0,2.0,3.0,0.0,0.0,0.0,1.0,0.0,0.0,0.0,3.0,0.0,0.0,4.0,1.0,0.0,0.0,1.0,0.0,0.0,0.0,0.0,0.0,1.0,0.0,0.0,0.0,0.0,0.0,1.0,0.0,0.0,0.0,0.0,0.0,0.0,1
2.9019201025961694,0.3856942496493689,3.5461891131994223,221.0824,84.0,23.6874,0.10714285714285714,0.379948833557081,28.0,7.8958,7.8958,28.0,28.0,0.0,7.8958,0.0,0.0,0.0,0.0,0.0,0.0,0.0,0.0,0.0,0.0,0.0,0.0,3.0,0.0,0.0,0.0,3.0,0.0,3.0,3.0,0.0,0.0,0.0,0.0,0.0,0.0,3.0,3.0,3.0,0.0,0.0,0.0,3.0,0.0,0.0,0.0,0.0,3.0,0.0,1.0,3.0,0.0,0.0,0.0,0.0,0.0,3.0,0.0,0.0,-1.0,0.0,3.0,0.0,0.0,0.0,1.0,0.0,0.0,0.0,0.0,1.0,0.0,0.0,0.0,0.0,0.0,0.0,1.0,0.0,0.0,0.0,0.0,0.0,0.0,0
1.9804951182693227,0.3870967776275203,0.782608695652174,414.0,36.0,46.0,0.1111111111111111,0.08695652173913043,18.0,23.0,23.0,18.0,0.0,23.0,0.0,0.0,0.0,0.0,18.0,0.0,18.0,0.0,0.043478260869565216,1.0,23.0,0.0,0.0,2.0,0.0,1.0,18.0,2.0,1.0,2.0,2.0,0.0,1.0,1.0,1.0,0.0,0.0,2.0,1.0,2.0,0.0,0.0,1.0,3.0,0.0,2.0,-1.0,-1.0,2.0,1.0,2.0,1.0,0.0,1.0,0.0,1.0,1.0,0.0,0.0,2.0,0.0,2.0,3.0,1.0,0.0,0.0,1.0,0.0,0.0,0.0,2.0,0.0,1.0,1.0,0.0,0.0,0.0,0.0,1.0,0.0,0.0,0.0,0.0,0.0,0.0,1
2.5867064692487896,0.3764044943820224,2.490128419479919,177.09929999999997,63.0,25.299899999999997,0.14285714285714285,0.3557326313542742,21.0,8.4333,8.4333,21.0,21.0,0.0,8.4333,0.0,0.0,0.0,0.0,0.0,0.0,0.0,0.0,0.0,0.0,0.0,0.0,3.0,0.0,0.0,0.0,3.0,0.0,3.0,3.0,0.0,0.0,0.0,0.0,0.0,0.0,3.0,3.0,3.0,0.0,0.0,0.0,3.0,0.0,0.0,0.0,0.0,3.0,0.0,1.0,3.0,0.0,0.0,0.0,0.0,0.0,3.0,0.0,0.0,-1.0,0.0,3.0,0.0,0.0,0.0,1.0,0.0,0.0,0.0,0.0,1.0,0.0,0.0,0.0,0.0,0.0,0.0,1.0,0.0,0.0,0.0,0.0,0.0,0.0,0
2.9071814403163163,0.3764044943820224,3.576355183160476,219.2176,84.0,23.4876,0.10714285714285714,0.38318091248147956,28.0,0.0,7.8292,0.0,0.0,7.8292,0.0,0.0,0.0,0.0,28.0,0.0,0.0,0.0,0.0,0.0,0.0,0.0,7.8292,3.0,0.0,0.0,0.0,3.0,1.0,0.0,3.0,28.0,0.0,-1.0,1.0,0.0,0.0,2.0,2.0,3.0,-1.0,0.0,1.0,3.0,0.0,1.0,-1.0,0.0,3.0,2.0,1.0,3.0,0.0,0.0,0.0,1.0,0.0,0.0,0.0,3.0,1.0,0.0,4.0,0.0,0.0,0.0,0.0,0.0,1.0,0.0,0.0,0.0,1.0,0.0,0.0,0.0,0.0,0.0,1.0,1.0,0.0,0.0,0.0,0.0,0.0,1
2.6216327538930244,0.3884992987377279,2.6666666666666665,121.5,54.0,20.25,0.16666666666666666,0.4444444444444444,18.0,0.0,6.75,0.0,0.0,6.75,0.0,0.0,0.0,0.0,18.0,0.0,0.0,0.0,0.0,0.0,0.0,0.0,6.75,3.0,0.0,0.0,0.0,3.0,1.0,0.0,3.0,18.0,0.0,-1.0,1.0,0.0,0.0,2.0,2.0,3.0,-1.0,0.0,1.0,3.0,0.0,1.0,-1.0,0.0,3.0,2.0,1.0,3.0,0.0,0.0,0.0,1.0,0.0,0.0,0.0,3.0,1.0,0.0,4.0,0.0,0.0,0.0,0.0,0.0,1.0,0.0,0.0,0.0,1.0,0.0,0.0,0.0,0.0,0.0,1.0,1.0,0.0,0.0,0.0,0.0,0.0,0
2.8335987593705676,0.3814866330861653,0.32653061224489793,1764.0,48.0,147.0,0.08333333333333333,0.027210884353741496,24.0,73.5,73.5,24.0,24.0,0.0,73.5,147.0,0.0,48.0,0.0,0.027210884353741496,0.0,12.0,0.0,2.0,0.0,2.0,0.0,2.0,0.0,0.0,0.0,2.0,2.0,2.0,0.0,0.0,0.0,0.0,0.0,0.0,2.0,2.0,2.0,4.0,0.0,1.0,0.0,2.0,2.0,0.0,2.0,2.0,2.0,0.0,1.0,2.0,0.0,0.0,0.0,0.0,0.0,2.0,0.0,0.0,-1.0,0.0,2.0,0.0,0.0,0.0,1.0,2.0,0.0,0.0,0.0,1.0,0.0,0.0,2.0,0.0,0.0,0.0,1.0,0.0,0.0,0.0,0.0,0.0,0.0,0
2.901882041538662,0.3814866760168303,3.5461891131994223,221.0824,84.0,23.6874,0.10714285714285714,0.379948833557081,28.0,7.8958,7.8958,28.0,28.0,0.0,7.8958,0.0,0.0,0.0,0.0,0.0,0.0,0.0,0.0,0.0,0.0,0.0,0.0,3.0,0.0,0.0,0.0,3.0,0.0,3.0,3.0,0.0,0.0,0.0,0.0,0.0,0.0,3.0,3.0,3.0,0.0,0.0,0.0,3.0,0.0,0.0,0.0,0.0,3.0,0.0,1.0,3.0,0.0,0.0,0.0,0.0,0.0,3.0,0.0,0.0,-1.0,0.0,3.0,0.0,0.0,0.0,1.0,0.0,0.0,0.0,0.0,1.0,0.0,0.0,0.0,0.0,0.0,0.0,1.0,0.0,0.0,0.0,0.0,0.0,0.0,0
2.447815024256412,0.3764044922731047,2.064516129032258,496.0,96.0,46.5,0.09375,0.1935483870967742,32.0,0.0,15.5,0.0,0.0,15.5,0.0,15.5,0.0,32.0,32.0,0.06451612903225806,32.0,32.0,0.06451612903225806,2.0,15.5,1.0,15.5,3.0,0.0,1.0,32.0,3.0,2.0,0.0,2.0,32.0,1.0,0.0,1.0,1.0,1.0,2.0,2.0,4.0,0.0,3.0,2.0,4.0,0.0,2.0,0.0,0.0,3.0,2.0,1.0,2.0,1.0,0.0,0.0,1.0,1.0,0.0,0.0,3.0,1.0,3.0,4.0,0.0,0.0,0.0,0.0,1.0,1.0,0.0,3.0,0.0,1.0,1.0,0.0,1.0,0.0,1.0,1.0,1.0,0.0,0.0,0.0,1.0,0.0,0
2.272852709484145,0.3814866760168303,1.7692307692307692,299.0,46.0,26.0,0.08695652173913043,0.15384615384615385,23.0,13.0,13.0,23.0,23.0,0.0,13.0,0.0,0.0,0.0,0.0,0.0,0.0,0.0,0.0,0.0,0.0,0.0,0.0,2.0,0.0,0.0,0.0,2.0,0.0,2.0,2.0,0.0,0.0,0.0,0.0,0.0,0.0,2.0,2.0,2.0,0.0,0.0,0.0,2.0,0.0,0.0,0.0,0.0,2.0,0.0,1.0,2.0,0.0,0.0,0.0,0.0,0.0,2.0,0.0,0.0,-1.0,0.0,2.0,0.0,0.0,0.0,1.0,0.0,0.0,0.0,0.0,1.0,0.0,0.0,0.0,0.0,0.0,0.0,1.0,0.0,0.0,0.0,0.0,0.0,0.0,0
2.399048349477236,0.3764044978759011,0.5120282498344736,6569.950000000001,58.0,113.275,0.017241379310344827,0.008828073273008165,58.0,0.0,113.275,0.0,58.0,0.0,113.275,0.0,113.275,0.0,0.0,0.0,116.0,0.0,0.01765614654601633,2.0,226.55,1.0,0.0,1.0,58.0,3.0,29.0,0.0,0.0,0.0,1.0,0.0,1.0,2.0,1.0,0.0,-1.0,1.0,1.0,1.0,2.0,0.0,2.0,3.0,0.0,2.0,0.0,-2.0,2.0,0.0,0.0,-1.0,0.0,0.0,0.0,0.0,2.0,1.0,1.0,0.0,0.0,0.5,1.0,0.0,2.0,2.0,0.0,0.0,0.0,1.0,2.0,0.0,-1.0,0.0,0.0,0.0,0.0,0.0,1.0,0.0,0.0,0.0,0.0,0.0,1.0,0
2.7152769704668103,0.3856942496493689,0.3741114852225963,6682.5,50.0,133.65,0.02,0.0074822297044519264,50.0,133.65,133.65,50.0,50.0,0.0,133.65,267.3,0.0,100.0,0.0,0.014964459408903853,0.0,25.0,0.0,2.0,0.0,2.0,0.0,1.0,0.0,0.0,0.0,1.0,2.0,1.0,-1.0,0.0,0.0,0.0,0.0,0.0,2.0,1.0,1.0,3.0,0.0,0.5,0.0,1.0,2.0,0.0,2.0,2.0,1.0,0.0,1.0,1.0,0.0,0.0,0.0,0.0,0.0,1.0,0.0,0.0,-1.0,0.0,1.0,0.0,0.0,0.0,1.0,2.0,0.0,0.0,0.0,1.0,0.0,0.0,2.0,0.0,0.0,0.0,1.0,0.0,0.0,0.0,0.0,0.0,0.0,1
3.129382474391064,0.3884992987377279,5.536332179930796,289.0,120.0,21.674999999999997,0.075,0.4152249134948097,40.0,0.0,7.225,0.0,40.0,0.0,7.225,0.0,7.225,0.0,0.0,0.0,0.0,0.0,0.0,0.0,0.0,1.0,0.0,3.0,40.0,1.0,0.0,2.0,0.0,0.0,3.0,0.0,-1.0,0.0,1.0,0.0,-1.0,3.0,3.0,3.0,0.0,0.0,0.0,3.0,0.0,0.0,0.0,0.0,4.0,0.0,0.0,3.0,0.0,0.0,0.0,0.0,0.0,3.0,3.0,0.0,0.0,0.0,3.0,0.0,0.0,0.0,0.0,0.0,0.0,1.0,0.0,0.0,-1.0,0.0,0.0,0.0,0.0,0.0,1.0,0.0,0.0,0.0,0.0,0.0,1.0,0
2.3331595460765513,0.3814866760168303,1.8368343917928678,1202.6125,47.0,25.5875,0.02127659574468085,0.039081582804103565,47.0,25.5875,25.5875,47.0,47.0,0.0,25.5875,0.0,0.0,0.0,0.0,0.0,0.0,0.0,0.0,0.0,0.0,0.0,0.0,1.0,0.0,0.0,0.0,1.0,0.0,1.0,1.0,0.0,0.0,0.0,0.0,0.0,0.0,1.0,1.0,1.0,0.0,0.0,0.0,1.0,0.0,0.0,0.0,0.0,1.0,0.0,1.0,1.0,0.0,0.0,0.0,0.0,0.0,1.0,0.0,0.0,-1.0,0.0,1.0,0.0,0.0,0.0,1.0,0.0,0.0,0.0,0.0,1.0,0.0,0.0,0.0,0.0,0.0,0.0,1.0,0.0,0.0,0.0,0.0,0.0,0.0,0
3.0741766430919086,0.3884992987377279,4.802689506123429,269.8488,108.0,22.4874,0.08333333333333333,0.40022412551028574,36.0,7.4958,7.4958,36.0,36.0,0.0,7.4958,0.0,0.0,0.0,0.0,0.0,0.0,0.0,0.0,0.0,0.0,0.0,0.0,3.0,0.0,0.0,0.0,3.0,0.0,3.0,3.0,0.0,0.0,0.0,0.0,0.0,0.0,3.0,3.0,3.0,0.0,0.0,0.0,3.0,0.0,0.0,0.0,0.0,3.0,0.0,1.0,3.0,0.0,0.0,0.0,0.0,0.0,3.0,0.0,0.0,-1.0,0.0,3.0,0.0,0.0,0.0,1.0,0.0,0.0,0.0,0.0,1.0,0.0,0.0,0.0,0.0,0.0,0.0,1.0,0.0,0.0,0.0,0.0,0.0,0.0,0
2.6018654166650457,0.3856942496493689,2.5236593059936907,158.5,60.0,23.775,0.15,0.37854889589905366,20.0,7.925,7.925,20.0,20.0,0.0,7.925,7.925,0.0,20.0,0.0,0.12618296529968454,0.0,20.0,0.0,1.0,0.0,1.0,0.0,3.0,0.0,0.0,0.0,3.0,1.0,3.0,2.0,0.0,0.0,0.0,0.0,0.0,1.0,3.0,3.0,4.0,0.0,3.0,0.0,3.0,1.0,0.0,1.0,1.0,3.0,0.0,1.0,3.0,0.0,0.0,0.0,0.0,0.0,3.0,0.0,0.0,-1.0,0.0,3.0,0.0,0.0,0.0,1.0,1.0,0.0,0.0,0.0,1.0,0.0,0.0,1.0,0.0,0.0,0.0,1.0,0.0,0.0,0.0,0.0,0.0,0.0,1
2.5715533210583863,0.3870967306315501,0.43537414965986393,2352.0,64.0,147.0,0.0625,0.027210884353741496,32.0,73.5,73.5,32.0,32.0,0.0,73.5,147.0,0.0,64.0,0.0,0.027210884353741496,0.0,16.0,0.0,2.0,0.0,2.0,0.0,2.0,0.0,0.0,0.0,2.0,2.0,2.0,0.0,0.0,0.0,0.0,0.0,0.0,2.0,2.0,2.0,4.0,0.0,1.0,0.0,2.0,2.0,0.0,2.0,2.0,2.0,0.0,1.0,2.0,0.0,0.0,0.0,0.0,0.0,2.0,0.0,0.0,-1.0,0.0,2.0,0.0,0.0,0.0,1.0,2.0,0.0,0.0,0.0,1.0,0.0,0.0,2.0,0.0,0.0,0.0,1.0,0.0,0.0,0.0,0.0,0.0,0.0,0
2.3668265454961523,0.3856942496493689,1.9230769230769231,325.0,50.0,26.0,0.08,0.15384615384615385,25.0,13.0,13.0,25.0,25.0,0.0,13.0,0.0,0.0,0.0,0.0,0.0,0.0,0.0,0.0,0.0,0.0,0.0,0.0,2.0,0.0,0.0,0.0,2.0,0.0,2.0,2.0,0.0,0.0,0.0,0.0,0.0,0.0,2.0,2.0,2.0,0.0,0.0,0.0,2.0,0.0,0.0,0.0,0.0,2.0,0.0,1.0,2.0,0.0,0.0,0.0,0.0,0.0,2.0,0.0,0.0,-1.0,0.0,2.0,0.0,0.0,0.0,1.0,0.0,0.0,0.0,0.0,1.0,0.0,0.0,0.0,0.0,0.0,0.0,1.0,0.0,0.0,0.0,0.0,0.0,0.0,0
2.9116137694011925,0.3870967741935484,3.6012861736334405,217.70000000000002,84.0,23.325000000000003,0.10714285714285714,0.3858520900321543,28.0,7.775,7.775,28.0,28.0,0.0,7.775,0.0,0.0,0.0,0.0,0.0,0.0,0.0,0.0,0.0,0.0,0.0,0.0,3.0,0.0,0.0,0.0,3.0,0.0,3.0,3.0,0.0,0.0,0.0,0.0,0.0,0.0,3.0,3.0,3.0,0.0,0.0,0.0,3.0,0.0,0.0,0.0,0.0,3.0,0.0,1.0,3.0,0.0,0.0,0.0,0.0,0.0,3.0,0.0,0.0,-1.0,0.0,3.0,0.0,0.0,0.0,1.0,0.0,0.0,0.0,0.0,1.0,0.0,0.0,0.0,0.0,0.0,0.0,1.0,0.0,0.0,0.0,0.0,0.0,0.0,0
3.1207015869842927,0.3764044943820224,5.341614906832298,346.15000000000003,129.0,24.150000000000002,0.06976744186046512,0.37267080745341613,43.0,8.05,8.05,43.0,43.0,0.0,8.05,0.0,0.0,0.0,0.0,0.0,0.0,0.0,0.0,0.0,0.0,0.0,0.0,3.0,0.0,0.0,0.0,3.0,0.0,3.0,3.0,0.0,0.0,0.0,0.0,0.0,0.0,3.0,3.0,3.0,0.0,0.0,0.0,3.0,0.0,0.0,0.0,0.0,3.0,0.0,1.0,3.0,0.0,0.0,0.0,0.0,0.0,3.0,0.0,0.0,-1.0,0.0,3.0,0.0,0.0,0.0,1.0,0.0,0.0,0.0,0.0,1.0,0.0,0.0,0.0,0.0,0.0,0.0,1.0,0.0,0.0,0.0,0.0,0.0,0.0,0
2.3467033847910654,0.3764044943820224,0.5384615384615384,1456.0,28.0,52.0,0.03571428571428571,0.019230769230769232,28.0,52.0,52.0,28.0,0.0,52.0,0.0,52.0,0.0,28.0,28.0,0.019230769230769232,0.0,28.0,0.0,1.0,0.0,1.0,0.0,1.0,0.0,0.0,0.0,1.0,2.0,1.0,0.0,0.0,0.0,0.0,1.0,0.0,1.0,1.0,0.0,2.0,-1.0,1.0,0.0,1.0,1.0,1.0,0.0,1.0,1.0,1.0,2.0,1.0,0.0,0.0,0.0,1.0,0.0,0.0,0.0,1.0,0.0,0.0,2.0,1.0,0.0,0.0,1.0,1.0,0.0,0.0,0.0,0.0,1.0,0.0,0.0,1.0,0.0,0.0,1.0,0.0,0.0,0.0,0.0,0.0,0.0,1
1.9170167959281554,0.3764044922731047,1.0256410256410255,1560.0,80.0,78.0,0.05,0.05128205128205128,40.0,39.0,39.0,40.0,0.0,39.0,0.0,39.0,0.0,40.0,40.0,0.02564102564102564,40.0,40.0,0.02564102564102564,2.0,39.0,1.0,0.0,2.0,0.0,1.0,40.0,2.0,2.0,2.0,1.0,0.0,1.0,1.0,1.0,1.0,1.0,2.0,1.0,3.0,0.0,2.0,1.0,3.0,1.0,2.0,0.0,0.0,2.0,1.0,2.0,1.0,1.0,1.0,0.0,1.0,1.0,0.0,0.0,2.0,0.0,2.0,3.0,1.0,0.0,0.0,1.0,1.0,0.0,0.0,2.0,0.0,1.0,1.0,0.0,1.0,0.0,0.0,1.0,0.0,0.0,0.0,0.0,0.0,0.0,1
2.2387460691489554,0.3870967741935484,0.5961538461538461,1612.0,31.0,52.0,0.03225806451612903,0.019230769230769232,31.0,52.0,52.0,31.0,31.0,0.0,52.0,52.0,0.0,31.0,0.0,0.019230769230769232,0.0,31.0,0.0,1.0,0.0,1.0,0.0,1.0,0.0,0.0,0.0,1.0,1.0,1.0,0.0,0.0,0.0,0.0,0.0,0.0,1.0,1.0,1.0,2.0,0.0,1.0,0.0,1.0,1.0,0.0,1.0,1.0,1.0,0.0,1.0,1.0,0.0,0.0,0.0,0.0,0.0,1.0,0.0,0.0,-1.0,0.0,1.0,0.0,0.0,0.0,1.0,1.0,0.0,0.0,0.0,1.0,0.0,0.0,1.0,0.0,0.0,0.0,1.0,0.0,0.0,0.0,0.0,0.0,0.0,0
3.195661917968603,0.3870967741935484,6.666666666666667,735.0,140.0,21.0,0.02857142857142857,0.19047619047619047,70.0,10.5,10.5,70.0,70.0,0.0,10.5,0.0,0.0,0.0,0.0,0.0,0.0,0.0,0.0,0.0,0.0,0.0,0.0,2.0,0.0,0.0,0.0,2.0,0.0,2.0,2.0,0.0,0.0,0.0,0.0,0.0,0.0,2.0,2.0,2.0,0.0,0.0,0.0,2.0,0.0,0.0,0.0,0.0,2.0,0.0,1.0,2.0,0.0,0.0,0.0,0.0,0.0,2.0,0.0,0.0,-1.0,0.0,2.0,0.0,0.0,0.0,1.0,0.0,0.0,0.0,0.0,1.0,0.0,0.0,0.0,0.0,0.0,0.0,1.0,0.0,0.0,0.0,0.0,0.0,0.0,0
2.6005535111599647,0.3764044943820224,2.3846153846153846,403.0,62.0,26.0,0.06451612903225806,0.15384615384615385,31.0,13.0,13.0,31.0,31.0,0.0,13.0,0.0,0.0,0.0,0.0,0.0,0.0,0.0,0.0,0.0,0.0,0.0,0.0,2.0,0.0,0.0,0.0,2.0,0.0,2.0,2.0,0.0,0.0,0.0,0.0,0.0,0.0,2.0,2.0,2.0,0.0,0.0,0.0,2.0,0.0,0.0,0.0,0.0,2.0,0.0,1.0,2.0,0.0,0.0,0.0,0.0,0.0,2.0,0.0,0.0,-1.0,0.0,2.0,0.0,0.0,0.0,1.0,0.0,0.0,0.0,0.0,1.0,0.0,0.0,0.0,0.0,0.0,0.0,1.0,0.0,0.0,0.0,0.0,0.0,0.0,1
3.2804860292514495,0.3884992987377279,0.0,0.0,56.0,0.0,0.07142857142857142,0.0,28.0,0.0,0.0,28.0,28.0,0.0,0.0,0.0,0.0,0.0,0.0,0.0,0.0,0.0,0.0,0.0,0.0,0.0,0.0,2.0,0.0,0.0,0.0,2.0,0.0,2.0,2.0,0.0,0.0,0.0,0.0,0.0,0.0,2.0,2.0,2.0,0.0,0.0,0.0,2.0,0.0,0.0,0.0,0.0,2.0,0.0,1.0,2.0,0.0,0.0,0.0,0.0,0.0,2.0,0.0,0.0,-1.0,0.0,2.0,0.0,0.0,0.0,1.0,0.0,0.0,0.0,0.0,1.0,0.0,0.0,0.0,0.0,0.0,0.0,1.0,0.0,0.0,0.0,0.0,0.0,0.0,0
2.4887578584939436,0.3870967741935484,2.315112540192926,139.95000000000002,54.0,23.325000000000003,0.16666666666666666,0.3858520900321543,18.0,7.775,7.775,18.0,18.0,0.0,7.775,0.0,0.0,0.0,0.0,0.0,0.0,0.0,0.0,0.0,0.0,0.0,0.0,3.0,0.0,0.0,0.0,3.0,0.0,3.0,3.0,0.0,0.0,0.0,0.0,0.0,0.0,3.0,3.0,3.0,0.0,0.0,0.0,3.0,0.0,0.0,0.0,0.0,3.0,0.0,1.0,3.0,0.0,0.0,0.0,0.0,0.0,3.0,0.0,0.0,-1.0,0.0,3.0,0.0,0.0,0.0,1.0,0.0,0.0,0.0,0.0,1.0,0.0,0.0,0.0,0.0,0.0,0.0,1.0,0.0,0.0,0.0,0.0,0.0,0.0,0
2.780728978279847,0.3870967741935484,3.043478260869565,197.22500000000002,73.5,24.150000000000002,0.12244897959183673,0.37267080745341613,24.5,8.05,8.05,24.5,24.5,0.0,8.05,0.0,0.0,0.0,0.0,0.0,0.0,0.0,0.0,0.0,0.0,0.0,0.0,3.0,0.0,0.0,0.0,3.0,0.0,3.0,3.0,0.0,0.0,0.0,0.0,0.0,0.0,3.0,3.0,3.0,0.0,0.0,0.0,3.0,0.0,0.0,0.0,0.0,3.0,0.0,1.0,3.0,0.0,0.0,0.0,0.0,0.0,3.0,0.0,0.0,-1.0,0.0,3.0,0.0,0.0,0.0,1.0,0.0,0.0,0.0,0.0,1.0,0.0,0.0,0.0,0.0,0.0,0.0,1.0,0.0,0.0,0.0,0.0,0.0,0.0,0
2.2435798893725054,0.3856942496493689,1.8289523151488056,177.1506,54.0,29.5251,0.16666666666666666,0.3048253858581343,18.0,9.8417,9.8417,18.0,0.0,9.8417,0.0,0.0,0.0,0.0,18.0,0.0,0.0,0.0,0.0,0.0,0.0,0.0,0.0,3.0,0.0,0.0,0.0,3.0,1.0,3.0,3.0,0.0,0.0,0.0,1.0,0.0,0.0,3.0,2.0,3.0,-1.0,0.0,0.0,3.0,0.0,1.0,-1.0,0.0,3.0,1.0,2.0,3.0,0.0,0.0,0.0,1.0,0.0,0.0,0.0,3.0,0.0,0.0,4.0,1.0,0.0,0.0,1.0,0.0,0.0,0.0,0.0,0.0,1.0,0.0,0.0,0.0,0.0,0.0,1.0,0.0,0.0,0.0,0.0,0.0,0.0,1
1.8910246848324448,0.385694131664639,0.9168443496801706,2016.7,129.0,140.7,0.06976744186046512,0.06396588486140725,43.0,46.9,46.9,43.0,0.0,46.9,0.0,46.9,0.0,43.0,43.0,0.021321961620469083,258.0,43.0,0.1279317697228145,7.0,281.4,1.0,0.0,3.0,0.0,6.0,7.166666666666667,3.0,2.0,3.0,2.0,0.0,6.0,6.0,1.0,6.0,1.0,3.0,2.0,4.0,5.0,3.0,6.0,9.0,1.0,7.0,0.0,-5.0,3.0,1.0,2.0,-3.0,0.16666666666666666,6.0,0.0,1.0,6.0,0.0,0.0,3.0,0.0,0.5,4.0,1.0,0.0,0.0,1.0,1.0,0.0,0.0,18.0,0.0,1.0,6.0,0.0,1.0,0.0,0.0,1.0,0.0,0.0,0.0,0.0,0.0,0.0,0
3.2884584546759017,0.3870967741935484,0.07026732030889514,18443.8512,36.0,512.3292,0.027777777777777776,0.0019518700085804205,36.0,0.0,512.3292,0.0,36.0,0.0,512.3292,0.0,512.3292,0.0,0.0,0.0,36.0,0.0,0.0019518700085804205,1.0,512.3292,1.0,0.0,1.0,36.0,2.0,36.0,0.0,0.0,0.0,1.0,0.0,0.0,1.0,1.0,0.0,-1.0,1.0,1.0,1.0,1.0,0.0,1.0,2.0,0.0,1.0,0.0,-1.0,2.0,0.0,0.0,0.0,0.0,0.0,0.0,0.0,1.0,1.0,1.0,0.0,0.0,1.0,1.0,0.0,1.0,1.0,0.0,0.0,0.0,1.0,1.0,0.0,-1.0,0.0,0.0,0.0,0.0,0.0,1.0,0.0,0.0,0.0,0.0,0.0,1.0,1
2.8823688395737244,0.3870967741935484,3.440860215053764,227.84999999999997,84.0,24.412499999999998,0.10714285714285714,0.3686635944700461,28.0,0.0,8.1375,0.0,0.0,8.1375,0.0,0.0,0.0,0.0,28.0,0.0,0.0,0.0,0.0,0.0,0.0,0.0,8.1375,3.0,0.0,0.0,0.0,3.0,1.0,0.0,3.0,28.0,0.0,-1.0,1.0,0.0,0.0,2.0,2.0,3.0,-1.0,0.0,1.0,3.0,0.0,1.0,-1.0,0.0,3.0,2.0,1.0,3.0,0.0,0.0,0.0,1.0,0.0,0.0,0.0,3.0,1.0,0.0,4.0,0.0,0.0,0.0,0.0,0.0,1.0,0.0,0.0,0.0,1.0,0.0,0.0,0.0,0.0,0.0,1.0,1.0,0.0,0.0,0.0,0.0,0.0,0
2.7691585189180414,0.3884992987377279,0.35188689573200294,2071.6884,27.0,76.7292,0.037037037037037035,0.013032847990074183,27.0,0.0,76.7292,0.0,27.0,0.0,76.7292,0.0,76.7292,0.0,0.0,0.0,0.0,0.0,0.0,0.0,0.0,1.0,0.0,1.0,27.0,1.0,0.0,0.0,0.0,0.0,1.0,0.0,-1.0,0.0,1.0,0.0,-1.0,1.0,1.0,1.0,0.0,0.0,0.0,1.0,0.0,0.0,0.0,0.0,2.0,0.0,0.0,1.0,0.0,0.0,0.0,0.0,0.0,1.0,1.0,0.0,0.0,0.0,1.0,0.0,0.0,0.0,0.0,0.0,0.0,1.0,0.0,0.0,-1.0,0.0,0.0,0.0,0.0,0.0,1.0,0.0,0.0,0.0,0.0,0.0,1.0,1
2.44112497991138,0.3764044943820224,2.1680216802168024,184.5,60.0,27.674999999999997,0.15,0.3252032520325203,20.0,9.225,9.225,20.0,20.0,0.0,9.225,0.0,0.0,0.0,0.0,0.0,0.0,0.0,0.0,0.0,0.0,0.0,0.0,3.0,0.0,0.0,0.0,3.0,0.0,3.0,3.0,0.0,0.0,0.0,0.0,0.0,0.0,3.0,3.0,3.0,0.0,0.0,0.0,3.0,0.0,0.0,0.0,0.0,3.0,0.0,1.0,3.0,0.0,0.0,0.0,0.0,0.0,3.0,0.0,0.0,-1.0,0.0,3.0,0.0,0.0,0.0,1.0,0.0,0.0,0.0,0.0,1.0,0.0,0.0,0.0,0.0,0.0,0.0,1.0,0.0,0.0,0.0,0.0,0.0,0.0,0
2.8732244632711006,0.3884992550178964,0.2985074626865672,656.6,42.0,140.7,0.21428571428571427,0.06396588486140725,14.0,46.9,46.9,14.0,14.0,0.0,46.9,234.5,0.0,70.0,0.0,0.10660980810234542,28.0,2.8,0.042643923240938165,7.0,93.8,5.0,0.0,3.0,0.0,2.0,7.0,3.0,5.0,3.0,-2.0,0.0,2.0,2.0,0.0,10.0,5.0,3.0,3.0,8.0,2.0,0.6,2.0,5.0,5.0,2.0,5.0,3.0,3.0,0.0,1.0,1.0,2.5,2.0,0.0,0.0,2.0,3.0,0.0,0.0,-1.0,1.5,3.0,0.0,2.0,0.0,1.0,5.0,0.0,0.0,6.0,1.0,0.0,0.0,5.0,0.0,0.0,0.0,1.0,0.0,0.0,0.0,0.0,0.0,0.0,0
2.152587460232961,0.3870967776275203,1.5384615384615385,2340.0,120.0,78.0,0.03333333333333333,0.05128205128205128,60.0,39.0,39.0,60.0,60.0,0.0,39.0,39.0,0.0,60.0,0.0,0.02564102564102564,60.0,60.0,0.02564102564102564,2.0,39.0,1.0,0.0,2.0,0.0,1.0,60.0,2.0,1.0,2.0,1.0,0.0,1.0,1.0,0.0,1.0,1.0,2.0,2.0,3.0,1.0,2.0,1.0,3.0,1.0,1.0,1.0,0.0,2.0,0.0,1.0,1.0,1.0,1.0,0.0,0.0,1.0,2.0,0.0,0.0,-1.0,2.0,2.0,0.0,1.0,0.0,1.0,1.0,0.0,0.0,2.0,1.0,0.0,0.0,1.0,0.0,0.0,0.0,1.0,0.0,0.0,0.0,0.0,0.0,0.0,0
2.227147090345294,0.3856942590052328,0.6012621695463116,1039.48,50.0,83.1584,0.08,0.04810097356370493,25.0,0.0,41.5792,0.0,25.0,0.0,41.5792,41.5792,41.5792,25.0,0.0,0.024050486781852464,50.0,25.0,0.04810097356370493,3.0,83.1584,2.0,0.0,2.0,25.0,3.0,12.5,1.0,1.0,0.0,1.0,0.0,1.0,2.0,1.0,2.0,0.0,2.0,2.0,3.0,2.0,2.0,2.0,4.0,0.0,2.0,1.0,-1.0,3.0,0.0,0.0,0.0,0.5,0.0,0.0,0.0,2.0,2.0,2.0,0.0,0.0,1.0,2.0,0.0,2.0,2.0,0.0,1.0,0.0,1.0,4.0,0.0,-1.0,0.0,1.0,0.0,1.0,0.0,1.0,0.0,0.0,0.0,0.0,0.0,1.0,0
2.7457952441971796,0.3884991798949273,0.352755905511811,555.625,42.0,119.0625,0.21428571428571427,0.07559055118110236,14.0,39.6875,39.6875,14.0,14.0,0.0,39.6875,158.75,0.0,56.0,0.0,0.10078740157480315,14.0,3.5,0.025196850393700787,5.0,39.6875,4.0,0.0,3.0,0.0,1.0,14.0,3.0,4.0,3.0,-1.0,0.0,1.0,1.0,0.0,4.0,4.0,3.0,3.0,7.0,1.0,0.75,1.0,4.0,4.0,1.0,4.0,3.0,3.0,0.0,1.0,2.0,4.0,1.0,0.0,0.0,1.0,3.0,0.0,0.0,-1.0,3.0,3.0,0.0,1.0,0.0,1.0,4.0,0.0,0.0,3.0,1.0,0.0,0.0,4.0,0.0,0.0,0.0,1.0,0.0,0.0,0.0,0.0,0.0,0.0,0
2.27554211927444,0.3814866760168303,1.8680929720375978,193.2452,57.0,30.5124,0.15789473684210525,0.2949620482164628,19.0,10.1708,10.1708,19.0,19.0,0.0,10.1708,0.0,0.0,0.0,0.0,0.0,0.0,0.0,0.0,0.0,0.0,0.0,0.0,3.0,0.0,0.0,0.0,3.0,0.0,3.0,3.0,0.0,0.0,0.0,0.0,0.0,0.0,3.0,3.0,3.0,0.0,0.0,0.0,3.0,0.0,0.0,0.0,0.0,3.0,0.0,1.0,3.0,0.0,0.0,0.0,0.0,0.0,3.0,0.0,0.0,-1.0,0.0,3.0,0.0,0.0,0.0,1.0,0.0,0.0,0.0,0.0,1.0,0.0,0.0,0.0,0.0,0.0,0.0,1.0,0.0,0.0,0.0,0.0,0.0,0.0,0
2.4859728957817313,0.3764044943820224,2.3089355806972987,140.3244,54.0,23.3874,0.16666666666666666,0.3848225967828831,18.0,7.7958,7.7958,18.0,18.0,0.0,7.7958,0.0,0.0,0.0,0.0,0.0,0.0,0.0,0.0,0.0,0.0,0.0,0.0,3.0,0.0,0.0,0.0,3.0,0.0,3.0,3.0,0.0,0.0,0.0,0.0,0.0,0.0,3.0,3.0,3.0,0.0,0.0,0.0,3.0,0.0,0.0,0.0,0.0,3.0,0.0,1.0,3.0,0.0,0.0,0.0,0.0,0.0,3.0,0.0,0.0,-1.0,0.0,3.0,0.0,0.0,0.0,1.0,0.0,0.0,0.0,0.0,1.0,0.0,0.0,0.0,0.0,0.0,0.0,1.0,0.0,0.0,0.0,0.0,0.0,0.0,0
3.2886415462064638,0.3870967835280519,0.07097651860176259,3170.0625,15.0,211.3375,0.06666666666666667,0.0047317679067841725,15.0,211.3375,211.3375,15.0,0.0,211.3375,0.0,0.0,0.0,0.0,15.0,0.0,15.0,0.0,0.0047317679067841725,1.0,211.3375,0.0,0.0,1.0,0.0,1.0,15.0,1.0,1.0,1.0,1.0,0.0,1.0,1.0,1.0,0.0,0.0,1.0,0.0,1.0,0.0,0.0,1.0,2.0,0.0,2.0,-1.0,-1.0,1.0,1.0,2.0,0.0,0.0,1.0,0.0,1.0,1.0,0.0,0.0,1.0,0.0,1.0,2.0,1.0,0.0,0.0,1.0,0.0,0.0,0.0,1.0,0.0,1.0,1.0,0.0,0.0,0.0,0.0,1.0,0.0,0.0,0.0,0.0,0.0,0.0,1
2.335844068777712,0.3884993021638418,0.543859649122807,1767.0,31.0,57.0,0.03225806451612903,0.017543859649122806,31.0,57.0,57.0,31.0,31.0,0.0,57.0,57.0,0.0,31.0,0.0,0.017543859649122806,0.0,31.0,0.0,1.0,0.0,1.0,0.0,1.0,0.0,0.0,0.0,1.0,1.0,1.0,0.0,0.0,0.0,0.0,0.0,0.0,1.0,1.0,1.0,2.0,0.0,1.0,0.0,1.0,1.0,0.0,1.0,1.0,1.0,0.0,1.0,1.0,0.0,0.0,0.0,0.0,0.0,1.0,0.0,0.0,-1.0,0.0,1.0,0.0,0.0,0.0,1.0,1.0,0.0,0.0,0.0,1.0,0.0,0.0,1.0,0.0,0.0,0.0,1.0,0.0,0.0,0.0,0.0,0.0,0.0,1
2.7218340475702885,0.3814866760168303,0.2981359052524093,53.6668,12.0,40.2501,0.75,0.22360192893930697,4.0,0.0,13.4167,0.0,0.0,13.4167,0.0,0.0,13.4167,0.0,4.0,0.0,4.0,0.0,0.07453397631310232,1.0,13.4167,1.0,0.0,3.0,4.0,2.0,4.0,2.0,1.0,0.0,3.0,0.0,0.0,1.0,2.0,0.0,-1.0,3.0,2.0,3.0,0.0,0.0,1.0,4.0,0.0,2.0,-1.0,-1.0,4.0,1.0,1.0,2.0,0.0,0.0,0.0,1.0,1.0,0.0,3.0,3.0,1.0,3.0,4.0,1.0,0.0,1.0,0.0,0.0,0.0,1.0,3.0,0.0,0.0,1.0,0.0,0.0,0.0,0.0,1.0,0.0,1.0,0.0,0.0,0.0,0.0,1
2.4289720550084994,0.3856944832858086,0.4956120631976182,1581.8824,84.0,169.4874,0.10714285714285714,0.05310129248545909,28.0,56.4958,56.4958,28.0,28.0,0.0,56.4958,0.0,0.0,0.0,0.0,0.0,0.0,0.0,0.0,0.0,0.0,0.0,0.0,3.0,0.0,0.0,0.0,3.0,0.0,3.0,3.0,0.0,0.0,0.0,0.0,0.0,0.0,3.0,3.0,3.0,0.0,0.0,0.0,3.0,0.0,0.0,0.0,0.0,3.0,0.0,1.0,3.0,0.0,0.0,0.0,0.0,0.0,3.0,0.0,0.0,-1.0,0.0,3.0,0.0,0.0,0.0,1.0,0.0,0.0,0.0,0.0,1.0,0.0,0.0,0.0,0.0,0.0,0.0,1.0,0.0,0.0,0.0,0.0,0.0,0.0,1
2.8746608389547874,0.3856942496493689,3.4602076124567476,180.625,75.0,21.674999999999997,0.12,0.4152249134948097,25.0,0.0,7.225,0.0,25.0,0.0,7.225,0.0,7.225,0.0,0.0,0.0,0.0,0.0,0.0,0.0,0.0,1.0,0.0,3.0,25.0,1.0,0.0,2.0,0.0,0.0,3.0,0.0,-1.0,0.0,1.0,0.0,-1.0,3.0,3.0,3.0,0.0,0.0,0.0,3.0,0.0,0.0,0.0,0.0,4.0,0.0,0.0,3.0,0.0,0.0,0.0,0.0,0.0,3.0,3.0,0.0,0.0,0.0,3.0,0.0,0.0,0.0,0.0,0.0,0.0,1.0,0.0,0.0,-1.0,0.0,0.0,0.0,0.0,0.0,1.0,0.0,0.0,0.0,0.0,0.0,1.0,0
2.5532690545420333,0.3856942496493689,2.2598870056497176,1593.0,60.0,26.55,0.016666666666666666,0.03766478342749529,60.0,26.55,26.55,60.0,60.0,0.0,26.55,0.0,0.0,0.0,0.0,0.0,0.0,0.0,0.0,0.0,0.0,0.0,0.0,1.0,0.0,0.0,0.0,1.0,0.0,1.0,1.0,0.0,0.0,0.0,0.0,0.0,0.0,1.0,1.0,1.0,0.0,0.0,0.0,1.0,0.0,0.0,0.0,0.0,1.0,0.0,1.0,1.0,0.0,0.0,0.0,0.0,0.0,1.0,0.0,0.0,-1.0,0.0,1.0,0.0,0.0,0.0,1.0,0.0,0.0,0.0,0.0,1.0,0.0,0.0,0.0,0.0,0.0,0.0,1.0,0.0,0.0,0.0,0.0,0.0,0.0,0
2.9858285721047246,0.3856942496493689,3.8518518518518516,702.0,104.0,27.0,0.038461538461538464,0.14814814814814814,52.0,13.5,13.5,52.0,52.0,0.0,13.5,0.0,0.0,0.0,0.0,0.0,0.0,0.0,0.0,0.0,0.0,0.0,0.0,2.0,0.0,0.0,0.0,2.0,0.0,2.0,2.0,0.0,0.0,0.0,0.0,0.0,0.0,2.0,2.0,2.0,0.0,0.0,0.0,2.0,0.0,0.0,0.0,0.0,2.0,0.0,1.0,2.0,0.0,0.0,0.0,0.0,0.0,2.0,0.0,0.0,-1.0,0.0,2.0,0.0,0.0,0.0,1.0,0.0,0.0,0.0,0.0,1.0,0.0,0.0,0.0,0.0,0.0,0.0,1.0,0.0,0.0,0.0,0.0,0.0,0.0,0
3.129004502955944,0.3764044943820224,5.46583850931677,354.20000000000005,132.0,24.150000000000002,0.06818181818181818,0.37267080745341613,44.0,8.05,8.05,44.0,44.0,0.0,8.05,0.0,0.0,0.0,0.0,0.0,0.0,0.0,0.0,0.0,0.0,0.0,0.0,3.0,0.0,0.0,0.0,3.0,0.0,3.0,3.0,0.0,0.0,0.0,0.0,0.0,0.0,3.0,3.0,3.0,0.0,0.0,0.0,3.0,0.0,0.0,0.0,0.0,3.0,0.0,1.0,3.0,0.0,0.0,0.0,0.0,0.0,3.0,0.0,0.0,-1.0,0.0,3.0,0.0,0.0,0.0,1.0,0.0,0.0,0.0,0.0,1.0,0.0,0.0,0.0,0.0,0.0,0.0,1.0,0.0,0.0,0.0,0.0,0.0,0.0,0
2.9148890768028255,0.3814866760168303,3.6207052616606106,216.5324,84.0,23.1999,0.10714285714285714,0.387932706606494,28.0,0.0,7.7333,0.0,0.0,7.7333,0.0,0.0,0.0,0.0,28.0,0.0,0.0,0.0,0.0,0.0,0.0,0.0,7.7333,3.0,0.0,0.0,0.0,3.0,1.0,0.0,3.0,28.0,0.0,-1.0,1.0,0.0,0.0,2.0,2.0,3.0,-1.0,0.0,1.0,3.0,0.0,1.0,-1.0,0.0,3.0,2.0,1.0,3.0,0.0,0.0,0.0,1.0,0.0,0.0,0.0,3.0,1.0,0.0,4.0,0.0,0.0,0.0,0.0,0.0,1.0,0.0,0.0,0.0,1.0,0.0,0.0,0.0,0.0,0.0,1.0,1.0,0.0,0.0,0.0,0.0,0.0,1
2.555469116443764,0.3884993240534751,0.4419060399537171,5433.2817000000005,49.0,110.8833,0.02040816326530612,0.00901849061130035,49.0,0.0,110.8833,0.0,49.0,0.0,110.8833,110.8833,110.8833,49.0,0.0,0.00901849061130035,49.0,49.0,0.00901849061130035,2.0,110.8833,2.0,0.0,1.0,49.0,2.0,49.0,0.0,1.0,0.0,0.0,0.0,0.0,1.0,1.0,1.0,0.0,1.0,1.0,2.0,1.0,1.0,1.0,2.0,0.0,1.0,1.0,0.0,2.0,0.0,0.0,0.0,1.0,0.0,0.0,0.0,1.0,1.0,1.0,0.0,0.0,1.0,1.0,0.0,1.0,1.0,0.0,1.0,0.0,1.0,1.0,0.0,-1.0,0.0,1.0,0.0,1.0,0.0,1.0,0.0,0.0,0.0,0.0,0.0,1.0,0
3.128776113701267,0.3884992987377279,5.490196078431373,321.3,126.0,22.950000000000003,0.07142857142857142,0.39215686274509803,42.0,7.65,7.65,42.0,42.0,0.0,7.65,0.0,0.0,0.0,0.0,0.0,0.0,0.0,0.0,0.0,0.0,0.0,0.0,3.0,0.0,0.0,0.0,3.0,0.0,3.0,3.0,0.0,0.0,0.0,0.0,0.0,0.0,3.0,3.0,3.0,0.0,0.0,0.0,3.0,0.0,0.0,0.0,0.0,3.0,0.0,1.0,3.0,0.0,0.0,0.0,0.0,0.0,3.0,0.0,0.0,-1.0,0.0,3.0,0.0,0.0,0.0,1.0,0.0,0.0,0.0,0.0,1.0,0.0,0.0,0.0,0.0,0.0,0.0,1.0,0.0,0.0,0.0,0.0,0.0,0.0,0
3.2817598650467827,0.3884993102536833,0.07911218547412371,4095.4500000000003,18.0,227.525,0.05555555555555555,0.004395121415229096,18.0,0.0,227.525,0.0,0.0,227.525,0.0,227.525,227.525,18.0,18.0,0.004395121415229096,0.0,18.0,0.0,1.0,0.0,2.0,0.0,1.0,18.0,1.0,0.0,0.0,2.0,0.0,0.0,0.0,-1.0,0.0,2.0,0.0,0.0,1.0,0.0,2.0,-1.0,1.0,0.0,1.0,0.0,1.0,0.0,1.0,2.0,1.0,1.0,1.0,0.0,0.0,0.0,1.0,0.0,0.0,1.0,1.0,1.0,0.0,2.0,1.0,0.0,0.0,0.0,1.0,0.0,1.0,0.0,0.0,0.0,0.0,0.0,1.0,1.0,0.0,1.0,0.0,1.0,0.0,0.0,0.0,0.0,1
2.0271286686081478,0.3884992987377279,1.3314312886352828,920.0625,35.0,26.2875,0.02857142857142857,0.038040893961008085,35.0,26.2875,26.2875,35.0,35.0,0.0,26.2875,0.0,0.0,0.0,0.0,0.0,0.0,0.0,0.0,0.0,0.0,0.0,0.0,1.0,0.0,0.0,0.0,1.0,0.0,1.0,1.0,0.0,0.0,0.0,0.0,0.0,0.0,1.0,1.0,1.0,0.0,0.0,0.0,1.0,0.0,0.0,0.0,0.0,1.0,0.0,1.0,1.0,0.0,0.0,0.0,0.0,0.0,1.0,0.0,0.0,-1.0,0.0,1.0,0.0,0.0,0.0,1.0,0.0,0.0,0.0,0.0,1.0,0.0,0.0,0.0,0.0,0.0,0.0,1.0,0.0,0.0,0.0,0.0,0.0,0.0,1
1.91233273794913,0.3884992965610454,1.2453127810601763,260.17560000000003,54.0,43.3626,0.16666666666666666,0.20755213017669605,18.0,0.0,14.4542,0.0,0.0,14.4542,0.0,0.0,14.4542,0.0,18.0,0.0,18.0,0.0,0.06918404339223201,1.0,14.4542,1.0,0.0,3.0,18.0,2.0,18.0,2.0,1.0,0.0,3.0,0.0,0.0,1.0,2.0,0.0,-1.0,3.0,2.0,3.0,0.0,0.0,1.0,4.0,0.0,2.0,-1.0,-1.0,4.0,1.0,1.0,2.0,0.0,0.0,0.0,1.0,1.0,0.0,3.0,3.0,1.0,3.0,4.0,1.0,0.0,1.0,0.0,0.0,0.0,1.0,3.0,0.0,0.0,1.0,0.0,0.0,0.0,0.0,1.0,0.0,1.0,0.0,0.0,0.0,0.0,0
2.827212418695512,0.3814866760168303,3.2292648901404086,193.5425,75.0,23.225099999999998,0.12,0.387511786816849,25.0,0.0,7.7417,0.0,25.0,0.0,7.7417,0.0,0.0,0.0,0.0,0.0,0.0,0.0,0.0,0.0,0.0,0.0,7.7417,3.0,0.0,0.0,0.0,3.0,0.0,0.0,3.0,25.0,0.0,-1.0,0.0,0.0,0.0,2.0,3.0,3.0,0.0,0.0,1.0,3.0,0.0,0.0,0.0,0.0,3.0,1.0,0.0,3.0,0.0,0.0,1.0,0.0,0.0,3.0,0.0,0.0,0.0,0.0,3.0,-1.0,0.0,0.0,0.0,0.0,1.0,0.0,0.0,0.0,0.0,0.0,0.0,0.0,0.0,0.0,1.0,0.0,0.0,0.0,0.0,0.0,0.0,0
2.8577721033162105,0.3856942496493689,3.310330778437015,204.20919999999998,78.0,23.5626,0.11538461538461539,0.3819612436658094,26.0,7.8542,7.8542,26.0,26.0,0.0,7.8542,7.8542,0.0,26.0,0.0,0.1273204145552698,0.0,26.0,0.0,1.0,0.0,1.0,0.0,3.0,0.0,0.0,0.0,3.0,1.0,3.0,2.0,0.0,0.0,0.0,0.0,0.0,1.0,3.0,3.0,4.0,0.0,3.0,0.0,3.0,1.0,0.0,1.0,1.0,3.0,0.0,1.0,3.0,0.0,0.0,0.0,0.0,0.0,3.0,0.0,0.0,-1.0,0.0,3.0,0.0,0.0,0.0,1.0,1.0,0.0,0.0,0.0,1.0,0.0,0.0,1.0,0.0,0.0,0.0,1.0,0.0,0.0,0.0,0.0,0.0,0.0,0
2.1224153253156683,0.3870967776275203,1.5,1014.0,78.0,52.0,0.05128205128205128,0.07692307692307693,39.0,26.0,26.0,39.0,39.0,0.0,26.0,0.0,0.0,0.0,0.0,0.0,0.0,0.0,0.0,0.0,0.0,0.0,0.0,2.0,0.0,0.0,0.0,2.0,0.0,2.0,2.0,0.0,0.0,0.0,0.0,0.0,0.0,2.0,2.0,2.0,0.0,0.0,0.0,2.0,0.0,0.0,0.0,0.0,2.0,0.0,1.0,2.0,0.0,0.0,0.0,0.0,0.0,2.0,0.0,0.0,-1.0,0.0,2.0,0.0,0.0,0.0,1.0,0.0,0.0,0.0,0.0,1.0,0.0,0.0,0.0,0.0,0.0,0.0,1.0,0.0,0.0,0.0,0.0,0.0,0.0,0
2.8928411521185735,0.3856942496493689,3.3333333333333335,607.5,90.0,27.0,0.044444444444444446,0.14814814814814814,45.0,13.5,13.5,45.0,0.0,13.5,0.0,0.0,0.0,0.0,45.0,0.0,0.0,0.0,0.0,0.0,0.0,0.0,0.0,2.0,0.0,0.0,0.0,2.0,1.0,2.0,2.0,0.0,0.0,0.0,1.0,0.0,0.0,2.0,1.0,2.0,-1.0,0.0,0.0,2.0,0.0,1.0,-1.0,0.0,2.0,1.0,2.0,2.0,0.0,0.0,0.0,1.0,0.0,0.0,0.0,2.0,0.0,0.0,3.0,1.0,0.0,0.0,1.0,0.0,0.0,0.0,0.0,0.0,1.0,0.0,0.0,0.0,0.0,0.0,1.0,0.0,0.0,0.0,0.0,0.0,0.0,1
2.187662406129039,0.3814866760168303,1.5977175463623394,1104.075,42.0,26.2875,0.023809523809523808,0.038040893961008085,42.0,26.2875,26.2875,42.0,42.0,0.0,26.2875,0.0,0.0,0.0,0.0,0.0,0.0,0.0,0.0,0.0,0.0,0.0,0.0,1.0,0.0,0.0,0.0,1.0,0.0,1.0,1.0,0.0,0.0,0.0,0.0,0.0,0.0,1.0,1.0,1.0,0.0,0.0,0.0,1.0,0.0,0.0,0.0,0.0,1.0,0.0,1.0,1.0,0.0,0.0,0.0,0.0,0.0,1.0,0.0,0.0,-1.0,0.0,1.0,0.0,0.0,0.0,1.0,0.0,0.0,0.0,0.0,1.0,0.0,0.0,0.0,0.0,0.0,0.0,1.0,0.0,0.0,0.0,0.0,0.0,0.0,1
3.2021610971304546,0.3856942437752533,0.14516661167931375,3334.1000000000004,22.0,151.55,0.045454545454545456,0.006598482349059716,22.0,151.55,151.55,22.0,0.0,151.55,0.0,0.0,0.0,0.0,22.0,0.0,0.0,0.0,0.0,0.0,0.0,0.0,0.0,1.0,0.0,0.0,0.0,1.0,1.0,1.0,1.0,0.0,0.0,0.0,1.0,0.0,0.0,1.0,0.0,1.0,-1.0,0.0,0.0,1.0,0.0,1.0,-1.0,0.0,1.0,1.0,2.0,1.0,0.0,0.0,0.0,1.0,0.0,0.0,0.0,1.0,0.0,0.0,2.0,1.0,0.0,0.0,1.0,0.0,0.0,0.0,0.0,0.0,1.0,0.0,0.0,0.0,0.0,0.0,1.0,0.0,0.0,0.0,0.0,0.0,0.0,1
2.31319985361736,0.3764044943820224,1.8365713835941704,426.88239999999996,84.0,45.737399999999994,0.10714285714285714,0.19677550538508967,28.0,0.0,15.2458,0.0,28.0,0.0,15.2458,15.2458,15.2458,28.0,0.0,0.06559183512836322,28.0,28.0,0.06559183512836322,2.0,15.2458,2.0,0.0,3.0,28.0,2.0,28.0,2.0,1.0,0.0,2.0,0.0,0.0,1.0,1.0,1.0,0.0,3.0,3.0,4.0,1.0,3.0,1.0,4.0,0.0,1.0,1.0,0.0,4.0,0.0,0.0,2.0,1.0,0.0,0.0,0.0,1.0,3.0,3.0,0.0,0.0,3.0,3.0,0.0,1.0,1.0,0.0,1.0,0.0,1.0,3.0,0.0,-1.0,0.0,1.0,0.0,1.0,0.0,1.0,0.0,0.0,0.0,0.0,0.0,1.0,1
2.4577683068674663,0.3814866760168303,0.4848073496794212,1188.1008,24.0,49.5042,0.041666666666666664,0.020200306236642547,24.0,0.0,49.5042,0.0,0.0,49.5042,0.0,0.0,49.5042,0.0,24.0,0.0,0.0,0.0,0.0,0.0,0.0,1.0,0.0,1.0,24.0,1.0,0.0,0.0,1.0,0.0,1.0,0.0,-1.0,0.0,2.0,0.0,-1.0,1.0,0.0,1.0,-1.0,0.0,0.0,1.0,0.0,1.0,-1.0,0.0,2.0,1.0,1.0,1.0,0.0,0.0,0.0,1.0,0.0,0.0,1.0,1.0,1.0,0.0,2.0,1.0,0.0,0.0,0.0,0.0,0.0,1.0,0.0,0.0,0.0,0.0,0.0,0.0,0.0,0.0,1.0,0.0,1.0,0.0,0.0,0.0,0.0,1
1.9196160852681035,0.3814866760168303,1.054613935969868,743.4,28.0,26.55,0.03571428571428571,0.03766478342749529,28.0,26.55,26.55,28.0,28.0,0.0,26.55,0.0,0.0,0.0,0.0,0.0,0.0,0.0,0.0,0.0,0.0,0.0,0.0,1.0,0.0,0.0,0.0,1.0,0.0,1.0,1.0,0.0,0.0,0.0,0.0,0.0,0.0,1.0,1.0,1.0,0.0,0.0,0.0,1.0,0.0,0.0,0.0,0.0,1.0,0.0,1.0,1.0,0.0,0.0,0.0,0.0,0.0,1.0,0.0,0.0,-1.0,0.0,1.0,0.0,0.0,0.0,1.0,0.0,0.0,0.0,0.0,1.0,0.0,0.0,0.0,0.0,0.0,0.0,1.0,0.0,0.0,0.0,0.0,0.0,0.0,0
1.9294526119979114,0.3764044943820224,0.9230769230769231,2496.0,48.0,52.0,0.020833333333333332,0.019230769230769232,48.0,52.0,52.0,48.0,48.0,0.0,52.0,52.0,0.0,48.0,0.0,0.019230769230769232,0.0,48.0,0.0,1.0,0.0,1.0,0.0,1.0,0.0,0.0,0.0,1.0,1.0,1.0,0.0,0.0,0.0,0.0,0.0,0.0,1.0,1.0,1.0,2.0,0.0,1.0,0.0,1.0,1.0,0.0,1.0,1.0,1.0,0.0,1.0,1.0,0.0,0.0,0.0,0.0,0.0,1.0,0.0,0.0,-1.0,0.0,1.0,0.0,0.0,0.0,1.0,1.0,0.0,0.0,0.0,1.0,0.0,0.0,1.0,0.0,0.0,0.0,1.0,0.0,0.0,0.0,0.0,0.0,0.0,1
2.800461264500763,0.3856942496493689,3.0580072337688358,275.0157,87.0,28.4499,0.10344827586206896,0.3163455759071209,29.0,9.4833,9.4833,29.0,29.0,0.0,9.4833,0.0,0.0,0.0,0.0,0.0,0.0,0.0,0.0,0.0,0.0,0.0,0.0,3.0,0.0,0.0,0.0,3.0,0.0,3.0,3.0,0.0,0.0,0.0,0.0,0.0,0.0,3.0,3.0,3.0,0.0,0.0,0.0,3.0,0.0,0.0,0.0,0.0,3.0,0.0,1.0,3.0,0.0,0.0,0.0,0.0,0.0,3.0,0.0,0.0,-1.0,0.0,3.0,0.0,0.0,0.0,1.0,0.0,0.0,0.0,0.0,1.0,0.0,0.0,0.0,0.0,0.0,0.0,1.0,0.0,0.0,0.0,0.0,0.0,0.0,0
3.006916091051637,0.3870967720247239,4.0,676.0,104.0,26.0,0.038461538461538464,0.15384615384615385,52.0,13.0,13.0,52.0,52.0,0.0,13.0,0.0,0.0,0.0,0.0,0.0,0.0,0.0,0.0,0.0,0.0,0.0,0.0,2.0,0.0,0.0,0.0,2.0,0.0,2.0,2.0,0.0,0.0,0.0,0.0,0.0,0.0,2.0,2.0,2.0,0.0,0.0,0.0,2.0,0.0,0.0,0.0,0.0,2.0,0.0,1.0,2.0,0.0,0.0,0.0,0.0,0.0,2.0,0.0,0.0,-1.0,0.0,2.0,0.0,0.0,0.0,1.0,0.0,0.0,0.0,0.0,1.0,0.0,0.0,0.0,0.0,0.0,0.0,1.0,0.0,0.0,0.0,0.0,0.0,0.0,0
2.5674633132333757,0.3856942496493689,2.4836601307189543,145.35,57.0,22.950000000000003,0.15789473684210525,0.39215686274509803,19.0,7.65,7.65,19.0,19.0,0.0,7.65,0.0,0.0,0.0,0.0,0.0,0.0,0.0,0.0,0.0,0.0,0.0,0.0,3.0,0.0,0.0,0.0,3.0,0.0,3.0,3.0,0.0,0.0,0.0,0.0,0.0,0.0,3.0,3.0,3.0,0.0,0.0,0.0,3.0,0.0,0.0,0.0,0.0,3.0,0.0,1.0,3.0,0.0,0.0,0.0,0.0,0.0,3.0,0.0,0.0,-1.0,0.0,3.0,0.0,0.0,0.0,1.0,0.0,0.0,0.0,0.0,1.0,0.0,0.0,0.0,0.0,0.0,0.0,1.0,0.0,0.0,0.0,0.0,0.0,0.0,0
3.166349184350854,0.3856942513902431,0.16701461377870563,8645.95,38.0,227.525,0.02631578947368421,0.004395121415229096,38.0,0.0,227.525,0.0,0.0,227.525,0.0,0.0,227.525,0.0,38.0,0.0,0.0,0.0,0.0,0.0,0.0,1.0,0.0,1.0,38.0,1.0,0.0,0.0,1.0,0.0,1.0,0.0,-1.0,0.0,2.0,0.0,-1.0,1.0,0.0,1.0,-1.0,0.0,0.0,1.0,0.0,1.0,-1.0,0.0,2.0,1.0,1.0,1.0,0.0,0.0,0.0,1.0,0.0,0.0,1.0,1.0,1.0,0.0,2.0,1.0,0.0,0.0,0.0,0.0,0.0,1.0,0.0,0.0,0.0,0.0,0.0,0.0,0.0,0.0,1.0,0.0,1.0,0.0,0.0,0.0,0.0,1
2.669660407410104,0.3870967741935484,2.5714285714285716,283.5,54.0,21.0,0.07407407407407407,0.19047619047619047,27.0,10.5,10.5,27.0,0.0,10.5,0.0,0.0,0.0,0.0,27.0,0.0,0.0,0.0,0.0,0.0,0.0,0.0,0.0,2.0,0.0,0.0,0.0,2.0,1.0,2.0,2.0,0.0,0.0,0.0,1.0,0.0,0.0,2.0,1.0,2.0,-1.0,0.0,0.0,2.0,0.0,1.0,-1.0,0.0,2.0,1.0,2.0,2.0,0.0,0.0,0.0,1.0,0.0,0.0,0.0,2.0,0.0,0.0,3.0,1.0,0.0,0.0,1.0,0.0,0.0,0.0,0.0,0.0,1.0,0.0,0.0,0.0,0.0,0.0,1.0,0.0,0.0,0.0,0.0,0.0,0.0,1
2.284426013424772,0.3856942496493689,1.8064516129032258,434.0,84.0,46.5,0.10714285714285714,0.1935483870967742,28.0,0.0,15.5,0.0,28.0,0.0,15.5,0.0,0.0,0.0,0.0,0.0,0.0,0.0,0.0,0.0,0.0,0.0,15.5,3.0,0.0,0.0,0.0,3.0,0.0,0.0,3.0,28.0,0.0,-1.0,0.0,0.0,0.0,2.0,3.0,3.0,0.0,0.0,1.0,3.0,0.0,0.0,0.0,0.0,3.0,1.0,0.0,3.0,0.0,0.0,1.0,0.0,0.0,3.0,0.0,0.0,0.0,0.0,3.0,-1.0,0.0,0.0,0.0,0.0,1.0,0.0,0.0,0.0,0.0,0.0,0.0,0.0,0.0,0.0,1.0,0.0,0.0,0.0,0.0,0.0,0.0,0
3.0147012954840036,0.3884992987377279,4.244372990353698,256.575,99.0,23.325000000000003,0.09090909090909091,0.3858520900321543,33.0,7.775,7.775,33.0,33.0,0.0,7.775,0.0,0.0,0.0,0.0,0.0,0.0,0.0,0.0,0.0,0.0,0.0,0.0,3.0,0.0,0.0,0.0,3.0,0.0,3.0,3.0,0.0,0.0,0.0,0.0,0.0,0.0,3.0,3.0,3.0,0.0,0.0,0.0,3.0,0.0,0.0,0.0,0.0,3.0,0.0,1.0,3.0,0.0,0.0,0.0,0.0,0.0,3.0,0.0,0.0,-1.0,0.0,3.0,0.0,0.0,0.0,1.0,0.0,0.0,0.0,0.0,1.0,0.0,0.0,0.0,0.0,0.0,0.0,1.0,0.0,0.0,0.0,0.0,0.0,0.0,0
3.1401317189012765,0.3764044962643794,0.18181818181818182,198.0,12.0,66.0,0.3333333333333333,0.06060606060606061,6.0,33.0,33.0,6.0,0.0,33.0,0.0,0.0,0.0,0.0,6.0,0.0,6.0,0.0,0.030303030303030304,1.0,33.0,0.0,0.0,2.0,0.0,1.0,6.0,2.0,1.0,2.0,2.0,0.0,1.0,1.0,1.0,0.0,0.0,2.0,1.0,2.0,0.0,0.0,1.0,3.0,0.0,2.0,-1.0,-1.0,2.0,1.0,2.0,1.0,0.0,1.0,0.0,1.0,1.0,0.0,0.0,2.0,0.0,2.0,3.0,1.0,0.0,0.0,1.0,0.0,0.0,0.0,2.0,0.0,1.0,1.0,0.0,0.0,0.0,0.0,1.0,0.0,0.0,0.0,0.0,0.0,0.0,1
2.5268487074014785,0.3856942496493689,2.409911825579088,119.92139999999999,51.0,21.162599999999998,0.17647058823529413,0.4252785574551331,17.0,7.0542,7.0542,17.0,17.0,0.0,7.0542,7.0542,0.0,17.0,0.0,0.14175951915171103,0.0,17.0,0.0,1.0,0.0,1.0,0.0,3.0,0.0,0.0,0.0,3.0,1.0,3.0,2.0,0.0,0.0,0.0,0.0,0.0,1.0,3.0,3.0,4.0,0.0,3.0,0.0,3.0,1.0,0.0,1.0,1.0,3.0,0.0,1.0,3.0,0.0,0.0,0.0,0.0,0.0,3.0,0.0,0.0,-1.0,0.0,3.0,0.0,0.0,0.0,1.0,1.0,0.0,0.0,0.0,1.0,0.0,0.0,1.0,0.0,0.0,0.0,1.0,0.0,0.0,0.0,0.0,0.0,0.0,0
2.691551772402249,0.3870967741935484,2.6153846153846154,442.0,68.0,26.0,0.058823529411764705,0.15384615384615385,34.0,13.0,13.0,34.0,34.0,0.0,13.0,0.0,0.0,0.0,0.0,0.0,0.0,0.0,0.0,0.0,0.0,0.0,0.0,2.0,0.0,0.0,0.0,2.0,0.0,2.0,2.0,0.0,0.0,0.0,0.0,0.0,0.0,2.0,2.0,2.0,0.0,0.0,0.0,2.0,0.0,0.0,0.0,0.0,2.0,0.0,1.0,2.0,0.0,0.0,0.0,0.0,0.0,2.0,0.0,0.0,-1.0,0.0,2.0,0.0,0.0,0.0,1.0,0.0,0.0,0.0,0.0,1.0,0.0,0.0,0.0,0.0,0.0,0.0,1.0,0.0,0.0,0.0,0.0,0.0,0.0,0
2.9848023850336363,0.3814866760168303,3.8461538461538463,650.0,100.0,26.0,0.04,0.15384615384615385,50.0,13.0,13.0,50.0,50.0,0.0,13.0,0.0,0.0,0.0,0.0,0.0,0.0,0.0,0.0,0.0,0.0,0.0,0.0,2.0,0.0,0.0,0.0,2.0,0.0,2.0,2.0,0.0,0.0,0.0,0.0,0.0,0.0,2.0,2.0,2.0,0.0,0.0,0.0,2.0,0.0,0.0,0.0,0.0,2.0,0.0,1.0,2.0,0.0,0.0,0.0,0.0,0.0,2.0,0.0,0.0,-1.0,0.0,2.0,0.0,0.0,0.0,1.0,0.0,0.0,0.0,0.0,1.0,0.0,0.0,0.0,0.0,0.0,0.0,1.0,0.0,0.0,0.0,0.0,0.0,0.0,0
2.408563227471102,0.3884993021638418,0.5084745762711864,1433.7,27.0,53.1,0.037037037037037035,0.018832391713747645,27.0,53.1,53.1,27.0,27.0,0.0,53.1,53.1,0.0,27.0,0.0,0.018832391713747645,0.0,27.0,0.0,1.0,0.0,1.0,0.0,1.0,0.0,0.0,0.0,1.0,1.0,1.0,0.0,0.0,0.0,0.0,0.0,0.0,1.0,1.0,1.0,2.0,0.0,1.0,0.0,1.0,1.0,0.0,1.0,1.0,1.0,0.0,1.0,1.0,0.0,0.0,0.0,0.0,0.0,1.0,0.0,0.0,-1.0,0.0,1.0,0.0,0.0,0.0,1.0,1.0,0.0,0.0,0.0,1.0,0.0,0.0,1.0,0.0,0.0,0.0,1.0,0.0,0.0,0.0,0.0,0.0,0.0,1
2.5053783350058225,0.3884992987377279,2.308802308802309,173.25,60.0,25.987499999999997,0.15,0.34632034632034636,20.0,8.6625,8.6625,20.0,20.0,0.0,8.6625,0.0,0.0,0.0,0.0,0.0,0.0,0.0,0.0,0.0,0.0,0.0,0.0,3.0,0.0,0.0,0.0,3.0,0.0,3.0,3.0,0.0,0.0,0.0,0.0,0.0,0.0,3.0,3.0,3.0,0.0,0.0,0.0,3.0,0.0,0.0,0.0,0.0,3.0,0.0,1.0,3.0,0.0,0.0,0.0,0.0,0.0,3.0,0.0,0.0,-1.0,0.0,3.0,0.0,0.0,0.0,1.0,0.0,0.0,0.0,0.0,1.0,0.0,0.0,0.0,0.0,0.0,0.0,1.0,0.0,0.0,0.0,0.0,0.0,0.0,0
2.055001218758693,0.3884992987377279,1.4285714285714286,630.0,60.0,42.0,0.06666666666666667,0.09523809523809523,30.0,21.0,21.0,30.0,0.0,21.0,0.0,63.0,0.0,90.0,30.0,0.14285714285714285,0.0,10.0,0.0,3.0,0.0,3.0,0.0,2.0,0.0,0.0,0.0,2.0,4.0,2.0,-1.0,0.0,0.0,0.0,1.0,0.0,3.0,2.0,1.0,5.0,-1.0,0.6666666666666666,0.0,2.0,3.0,1.0,2.0,3.0,2.0,1.0,2.0,2.0,0.0,0.0,0.0,1.0,0.0,0.0,0.0,2.0,0.0,0.0,3.0,1.0,0.0,0.0,1.0,3.0,0.0,0.0,0.0,0.0,1.0,0.0,0.0,3.0,0.0,0.0,1.0,0.0,0.0,0.0,0.0,0.0,0.0,1
2.9146177676722247,0.3884992987377279,3.618739903069467,216.65,84.0,23.2125,0.10714285714285714,0.3877221324717286,28.0,0.0,7.7375,0.0,0.0,7.7375,0.0,0.0,0.0,0.0,28.0,0.0,0.0,0.0,0.0,0.0,0.0,0.0,7.7375,3.0,0.0,0.0,0.0,3.0,1.0,0.0,3.0,28.0,0.0,-1.0,1.0,0.0,0.0,2.0,2.0,3.0,-1.0,0.0,1.0,3.0,0.0,1.0,-1.0,0.0,3.0,2.0,1.0,3.0,0.0,0.0,0.0,1.0,0.0,0.0,0.0,3.0,1.0,0.0,4.0,0.0,0.0,0.0,0.0,0.0,1.0,0.0,0.0,0.0,1.0,0.0,0.0,0.0,0.0,0.0,1.0,1.0,0.0,0.0,0.0,0.0,0.0,1
1.9077517283278838,0.3870967741935484,0.9615384615384616,650.0,50.0,52.0,0.08,0.07692307692307693,25.0,26.0,26.0,25.0,25.0,0.0,26.0,26.0,0.0,25.0,0.0,0.038461538461538464,0.0,25.0,0.0,1.0,0.0,1.0,0.0,2.0,0.0,0.0,0.0,2.0,1.0,2.0,1.0,0.0,0.0,0.0,0.0,0.0,1.0,2.0,2.0,3.0,0.0,2.0,0.0,2.0,1.0,0.0,1.0,1.0,2.0,0.0,1.0,2.0,0.0,0.0,0.0,0.0,0.0,2.0,0.0,0.0,-1.0,0.0,2.0,0.0,0.0,0.0,1.0,1.0,0.0,0.0,0.0,1.0,0.0,0.0,1.0,0.0,0.0,0.0,1.0,0.0,0.0,0.0,0.0,0.0,0.0,0
2.819262193069474,0.3884992987377279,3.1545741324921135,198.125,75.0,23.775,0.12,0.37854889589905366,25.0,7.925,7.925,25.0,0.0,7.925,0.0,7.925,0.0,25.0,25.0,0.12618296529968454,0.0,25.0,0.0,1.0,0.0,1.0,0.0,3.0,0.0,0.0,0.0,3.0,2.0,3.0,2.0,0.0,0.0,0.0,1.0,0.0,1.0,3.0,2.0,4.0,-1.0,3.0,0.0,3.0,1.0,1.0,0.0,1.0,3.0,1.0,2.0,3.0,0.0,0.0,0.0,1.0,0.0,0.0,0.0,3.0,0.0,0.0,4.0,1.0,0.0,0.0,1.0,1.0,0.0,0.0,0.0,0.0,1.0,0.0,0.0,1.0,0.0,0.0,1.0,0.0,0.0,0.0,0.0,0.0,0.0,0
3.2132763519113445,0.3814866794822344,0.137221269296741,6128.7875,29.0,211.3375,0.034482758620689655,0.0047317679067841725,29.0,211.3375,211.3375,29.0,0.0,211.3375,0.0,0.0,0.0,0.0,29.0,0.0,0.0,0.0,0.0,0.0,0.0,0.0,0.0,1.0,0.0,0.0,0.0,1.0,1.0,1.0,1.0,0.0,0.0,0.0,1.0,0.0,0.0,1.0,0.0,1.0,-1.0,0.0,0.0,1.0,0.0,1.0,-1.0,0.0,1.0,1.0,2.0,1.0,0.0,0.0,0.0,1.0,0.0,0.0,0.0,1.0,0.0,0.0,2.0,1.0,0.0,0.0,1.0,0.0,0.0,0.0,0.0,0.0,1.0,0.0,0.0,0.0,0.0,0.0,1.0,0.0,0.0,0.0,0.0,0.0,0.0,1
2.179773627298829,0.3814866794822344,0.5854956753160345,206.66250000000002,33.0,56.362500000000004,0.2727272727272727,0.1596806387225549,11.0,0.0,18.7875,0.0,11.0,0.0,18.7875,0.0,18.7875,0.0,0.0,0.0,0.0,0.0,0.0,0.0,0.0,1.0,0.0,3.0,11.0,1.0,0.0,2.0,0.0,0.0,3.0,0.0,-1.0,0.0,1.0,0.0,-1.0,3.0,3.0,3.0,0.0,0.0,0.0,3.0,0.0,0.0,0.0,0.0,4.0,0.0,0.0,3.0,0.0,0.0,0.0,0.0,0.0,3.0,3.0,0.0,0.0,0.0,3.0,0.0,0.0,0.0,0.0,0.0,0.0,1.0,0.0,0.0,-1.0,0.0,0.0,0.0,0.0,0.0,1.0,0.0,0.0,0.0,0.0,0.0,1.0,0
3.2804855234454626,0.3870967741935484,0.0,0.0,56.0,0.0,0.07142857142857142,0.0,28.0,0.0,0.0,28.0,28.0,0.0,0.0,0.0,0.0,0.0,0.0,0.0,0.0,0.0,0.0,0.0,0.0,0.0,0.0,2.0,0.0,0.0,0.0,2.0,0.0,2.0,2.0,0.0,0.0,0.0,0.0,0.0,0.0,2.0,2.0,2.0,0.0,0.0,0.0,2.0,0.0,0.0,0.0,0.0,2.0,0.0,1.0,2.0,0.0,0.0,0.0,0.0,0.0,2.0,0.0,0.0,-1.0,0.0,2.0,0.0,0.0,0.0,1.0,0.0,0.0,0.0,0.0,1.0,0.0,0.0,0.0,0.0,0.0,0.0,1.0,0.0,0.0,0.0,0.0,0.0,0.0,0
2.2728745082730395,0.3856942496493689,1.7692307692307692,299.0,46.0,26.0,0.08695652173913043,0.15384615384615385,23.0,13.0,13.0,23.0,23.0,0.0,13.0,0.0,0.0,0.0,0.0,0.0,0.0,0.0,0.0,0.0,0.0,0.0,0.0,2.0,0.0,0.0,0.0,2.0,0.0,2.0,2.0,0.0,0.0,0.0,0.0,0.0,0.0,2.0,2.0,2.0,0.0,0.0,0.0,2.0,0.0,0.0,0.0,0.0,2.0,0.0,1.0,2.0,0.0,0.0,0.0,0.0,0.0,2.0,0.0,0.0,-1.0,0.0,2.0,0.0,0.0,0.0,1.0,0.0,0.0,0.0,0.0,1.0,0.0,0.0,0.0,0.0,0.0,0.0,1.0,0.0,0.0,0.0,0.0,0.0,0.0,0
2.272852709484145,0.3814866760168303,1.7692307692307692,299.0,46.0,26.0,0.08695652173913043,0.15384615384615385,23.0,13.0,13.0,23.0,23.0,0.0,13.0,0.0,0.0,0.0,0.0,0.0,0.0,0.0,0.0,0.0,0.0,0.0,0.0,2.0,0.0,0.0,0.0,2.0,0.0,2.0,2.0,0.0,0.0,0.0,0.0,0.0,0.0,2.0,2.0,2.0,0.0,0.0,0.0,2.0,0.0,0.0,0.0,0.0,2.0,0.0,1.0,2.0,0.0,0.0,0.0,0.0,0.0,2.0,0.0,0.0,-1.0,0.0,2.0,0.0,0.0,0.0,1.0,0.0,0.0,0.0,0.0,1.0,0.0,0.0,0.0,0.0,0.0,0.0,1.0,0.0,0.0,0.0,0.0,0.0,0.0,0
2.264083642653874,0.3814866738794381,1.7701863354037266,458.85,85.5,48.300000000000004,0.10526315789473684,0.18633540372670807,28.5,16.1,16.1,28.5,28.5,0.0,16.1,0.0,0.0,0.0,0.0,0.0,0.0,0.0,0.0,0.0,0.0,0.0,0.0,3.0,0.0,0.0,0.0,3.0,0.0,3.0,3.0,0.0,0.0,0.0,0.0,0.0,0.0,3.0,3.0,3.0,0.0,0.0,0.0,3.0,0.0,0.0,0.0,0.0,3.0,0.0,1.0,3.0,0.0,0.0,0.0,0.0,0.0,3.0,0.0,0.0,-1.0,0.0,3.0,0.0,0.0,0.0,1.0,0.0,0.0,0.0,0.0,1.0,0.0,0.0,0.0,0.0,0.0,0.0,1.0,0.0,0.0,0.0,0.0,0.0,0.0,0
2.054030425605772,0.3764044886493897,1.3963636363636365,1650.0,144.0,103.125,0.0625,0.08727272727272728,48.0,34.375,34.375,48.0,0.0,34.375,0.0,34.375,0.0,48.0,48.0,0.02909090909090909,144.0,48.0,0.08727272727272728,4.0,103.125,1.0,0.0,3.0,0.0,3.0,16.0,3.0,2.0,3.0,2.0,0.0,3.0,3.0,1.0,3.0,1.0,3.0,2.0,4.0,2.0,3.0,3.0,6.0,1.0,4.0,0.0,-2.0,3.0,1.0,2.0,0.0,0.3333333333333333,3.0,0.0,1.0,3.0,0.0,0.0,3.0,0.0,1.0,4.0,1.0,0.0,0.0,1.0,1.0,0.0,0.0,9.0,0.0,1.0,3.0,0.0,1.0,0.0,0.0,1.0,0.0,0.0,0.0,0.0,0.0,0.0,0
3.2898382960957533,0.3870967741935484,0.06831545030031472,17931.522,35.0,512.3292,0.02857142857142857,0.0019518700085804205,35.0,0.0,512.3292,0.0,35.0,0.0,512.3292,0.0,512.3292,0.0,0.0,0.0,0.0,0.0,0.0,0.0,0.0,1.0,0.0,1.0,35.0,1.0,0.0,0.0,0.0,0.0,1.0,0.0,-1.0,0.0,1.0,0.0,-1.0,1.0,1.0,1.0,0.0,0.0,0.0,1.0,0.0,0.0,0.0,0.0,2.0,0.0,0.0,1.0,0.0,0.0,0.0,0.0,0.0,1.0,1.0,0.0,0.0,0.0,1.0,0.0,0.0,0.0,0.0,0.0,0.0,1.0,0.0,0.0,-1.0,0.0,0.0,0.0,0.0,0.0,1.0,0.0,0.0,0.0,0.0,0.0,1.0,1
2.901945332679601,0.3884992987377279,3.5461891131994223,221.0824,84.0,23.6874,0.10714285714285714,0.379948833557081,28.0,7.8958,7.8958,28.0,28.0,0.0,7.8958,0.0,0.0,0.0,0.0,0.0,0.0,0.0,0.0,0.0,0.0,0.0,0.0,3.0,0.0,0.0,0.0,3.0,0.0,3.0,3.0,0.0,0.0,0.0,0.0,0.0,0.0,3.0,3.0,3.0,0.0,0.0,0.0,3.0,0.0,0.0,0.0,0.0,3.0,0.0,1.0,3.0,0.0,0.0,0.0,0.0,0.0,3.0,0.0,0.0,-1.0,0.0,3.0,0.0,0.0,0.0,1.0,0.0,0.0,0.0,0.0,1.0,0.0,0.0,0.0,0.0,0.0,0.0,1.0,0.0,0.0,0.0,0.0,0.0,0.0,0
2.9018357233703846,0.3764044943820224,3.5461891131994223,221.0824,84.0,23.6874,0.10714285714285714,0.379948833557081,28.0,7.8958,7.8958,28.0,28.0,0.0,7.8958,0.0,0.0,0.0,0.0,0.0,0.0,0.0,0.0,0.0,0.0,0.0,0.0,3.0,0.0,0.0,0.0,3.0,0.0,3.0,3.0,0.0,0.0,0.0,0.0,0.0,0.0,3.0,3.0,3.0,0.0,0.0,0.0,3.0,0.0,0.0,0.0,0.0,3.0,0.0,1.0,3.0,0.0,0.0,0.0,0.0,0.0,3.0,0.0,0.0,-1.0,0.0,3.0,0.0,0.0,0.0,1.0,0.0,0.0,0.0,0.0,1.0,0.0,0.0,0.0,0.0,0.0,0.0,1.0,0.0,0.0,0.0,0.0,0.0,0.0,0
1.9231691425147628,0.3814866760168303,0.9333333333333333,840.0,28.0,30.0,0.03571428571428571,0.03333333333333333,28.0,30.0,30.0,28.0,28.0,0.0,30.0,0.0,0.0,0.0,0.0,0.0,0.0,0.0,0.0,0.0,0.0,0.0,0.0,1.0,0.0,0.0,0.0,1.0,0.0,1.0,1.0,0.0,0.0,0.0,0.0,0.0,0.0,1.0,1.0,1.0,0.0,0.0,0.0,1.0,0.0,0.0,0.0,0.0,1.0,0.0,1.0,1.0,0.0,0.0,0.0,0.0,0.0,1.0,0.0,0.0,-1.0,0.0,1.0,0.0,0.0,0.0,1.0,0.0,0.0,0.0,0.0,1.0,0.0,0.0,0.0,0.0,0.0,0.0,1.0,0.0,0.0,0.0,0.0,0.0,0.0,1
2.5217968874350727,0.3870967776275203,0.456563094483196,2838.6,36.0,78.85,0.027777777777777776,0.012682308180088777,36.0,78.85,78.85,36.0,36.0,0.0,78.85,78.85,0.0,36.0,0.0,0.012682308180088777,0.0,36.0,0.0,1.0,0.0,1.0,0.0,1.0,0.0,0.0,0.0,1.0,1.0,1.0,0.0,0.0,0.0,0.0,0.0,0.0,1.0,1.0,1.0,2.0,0.0,1.0,0.0,1.0,1.0,0.0,1.0,1.0,1.0,0.0,1.0,1.0,0.0,0.0,0.0,0.0,0.0,1.0,0.0,0.0,-1.0,0.0,1.0,0.0,0.0,0.0,1.0,1.0,0.0,0.0,0.0,1.0,0.0,0.0,1.0,0.0,0.0,0.0,1.0,0.0,0.0,0.0,0.0,0.0,0.0,0
3.2815047765015017,0.3856942530911989,0.0800381133873273,5509.875,21.0,262.375,0.047619047619047616,0.003811338732729871,21.0,0.0,262.375,0.0,0.0,262.375,0.0,524.75,262.375,42.0,21.0,0.007622677465459742,42.0,10.5,0.007622677465459742,4.0,524.75,3.0,0.0,1.0,21.0,3.0,10.5,0.0,3.0,0.0,-1.0,0.0,1.0,2.0,2.0,4.0,1.0,1.0,0.0,3.0,1.0,0.5,2.0,3.0,0.0,3.0,1.0,0.0,2.0,1.0,1.0,-1.0,1.0,0.0,0.0,1.0,2.0,0.0,1.0,1.0,1.0,0.5,2.0,1.0,0.0,2.0,0.0,2.0,0.0,1.0,2.0,0.0,0.0,2.0,0.0,2.0,2.0,0.0,1.0,0.0,1.0,0.0,0.0,0.0,0.0,1
2.081806285358573,0.3814866760168303,1.4906832298136645,386.40000000000003,72.0,48.300000000000004,0.125,0.18633540372670807,24.0,16.1,16.1,24.0,24.0,0.0,16.1,16.1,0.0,24.0,0.0,0.06211180124223602,0.0,24.0,0.0,1.0,0.0,1.0,0.0,3.0,0.0,0.0,0.0,3.0,1.0,3.0,2.0,0.0,0.0,0.0,0.0,0.0,1.0,3.0,3.0,4.0,0.0,3.0,0.0,3.0,1.0,0.0,1.0,1.0,3.0,0.0,1.0,3.0,0.0,0.0,0.0,0.0,0.0,3.0,0.0,0.0,-1.0,0.0,3.0,0.0,0.0,0.0,1.0,1.0,0.0,0.0,0.0,1.0,0.0,0.0,1.0,0.0,0.0,0.0,1.0,0.0,0.0,0.0,0.0,0.0,0.0,0
2.968147875703252,0.3814866760168303,3.911671924290221,245.67499999999998,93.0,23.775,0.0967741935483871,0.37854889589905366,31.0,7.925,7.925,31.0,31.0,0.0,7.925,0.0,0.0,0.0,0.0,0.0,0.0,0.0,0.0,0.0,0.0,0.0,0.0,3.0,0.0,0.0,0.0,3.0,0.0,3.0,3.0,0.0,0.0,0.0,0.0,0.0,0.0,3.0,3.0,3.0,0.0,0.0,0.0,3.0,0.0,0.0,0.0,0.0,3.0,0.0,1.0,3.0,0.0,0.0,0.0,0.0,0.0,3.0,0.0,0.0,-1.0,0.0,3.0,0.0,0.0,0.0,1.0,0.0,0.0,0.0,0.0,1.0,0.0,0.0,0.0,0.0,0.0,0.0,1.0,0.0,0.0,0.0,0.0,0.0,0.0,1
1.9219074155849396,0.3814866794822344,0.9859154929577465,4970.0,70.0,71.0,0.014285714285714285,0.014084507042253521,70.0,71.0,71.0,70.0,70.0,0.0,71.0,71.0,0.0,70.0,0.0,0.014084507042253521,70.0,70.0,0.014084507042253521,2.0,71.0,1.0,0.0,1.0,0.0,1.0,70.0,1.0,1.0,1.0,0.0,0.0,1.0,1.0,0.0,1.0,1.0,1.0,1.0,2.0,1.0,1.0,1.0,2.0,1.0,1.0,1.0,0.0,1.0,0.0,1.0,0.0,1.0,1.0,0.0,0.0,1.0,1.0,0.0,0.0,-1.0,1.0,1.0,0.0,1.0,0.0,1.0,1.0,0.0,0.0,1.0,1.0,0.0,0.0,1.0,0.0,0.0,0.0,1.0,0.0,0.0,0.0,0.0,0.0,0.0,0
1.9420332921786334,0.3856942530911989,0.7901234567901234,324.0,48.0,60.75,0.1875,0.14814814814814814,16.0,20.25,20.25,16.0,16.0,0.0,20.25,20.25,0.0,16.0,0.0,0.04938271604938271,16.0,16.0,0.04938271604938271,2.0,20.25,1.0,0.0,3.0,0.0,1.0,16.0,3.0,1.0,3.0,2.0,0.0,1.0,1.0,0.0,1.0,1.0,3.0,3.0,4.0,1.0,3.0,1.0,4.0,1.0,1.0,1.0,0.0,3.0,0.0,1.0,2.0,1.0,1.0,0.0,0.0,1.0,3.0,0.0,0.0,-1.0,3.0,3.0,0.0,1.0,0.0,1.0,1.0,0.0,0.0,3.0,1.0,0.0,0.0,1.0,0.0,0.0,0.0,1.0,0.0,0.0,0.0,0.0,0.0,0.0,0
2.566691711624064,0.3884992987377279,2.3076923076923075,390.0,60.0,26.0,0.06666666666666667,0.15384615384615385,30.0,13.0,13.0,30.0,0.0,13.0,0.0,0.0,0.0,0.0,30.0,0.0,0.0,0.0,0.0,0.0,0.0,0.0,0.0,2.0,0.0,0.0,0.0,2.0,1.0,2.0,2.0,0.0,0.0,0.0,1.0,0.0,0.0,2.0,1.0,2.0,-1.0,0.0,0.0,2.0,0.0,1.0,-1.0,0.0,2.0,1.0,2.0,2.0,0.0,0.0,0.0,1.0,0.0,0.0,0.0,2.0,0.0,0.0,3.0,1.0,0.0,0.0,1.0,0.0,0.0,0.0,0.0,0.0,1.0,0.0,0.0,0.0,0.0,0.0,1.0,0.0,0.0,0.0,0.0,0.0,0.0,1
2.7591510782099333,0.3884992987377279,0.3578154425612053,1008.9,19.0,53.1,0.05263157894736842,0.018832391713747645,19.0,53.1,53.1,19.0,19.0,0.0,53.1,53.1,0.0,19.0,0.0,0.018832391713747645,0.0,19.0,0.0,1.0,0.0,1.0,0.0,1.0,0.0,0.0,0.0,1.0,1.0,1.0,0.0,0.0,0.0,0.0,0.0,0.0,1.0,1.0,1.0,2.0,0.0,1.0,0.0,1.0,1.0,0.0,1.0,1.0,1.0,0.0,1.0,1.0,0.0,0.0,0.0,0.0,0.0,1.0,0.0,0.0,-1.0,0.0,1.0,0.0,0.0,0.0,1.0,1.0,0.0,0.0,0.0,1.0,0.0,0.0,1.0,0.0,0.0,0.0,1.0,0.0,0.0,0.0,0.0,0.0,0.0,0
2.980282095933978,0.3870967741935484,4.0,240.25,93.0,23.25,0.0967741935483871,0.3870967741935484,31.0,0.0,7.75,0.0,31.0,0.0,7.75,0.0,0.0,0.0,0.0,0.0,0.0,0.0,0.0,0.0,0.0,0.0,7.75,3.0,0.0,0.0,0.0,3.0,0.0,0.0,3.0,31.0,0.0,-1.0,0.0,0.0,0.0,2.0,3.0,3.0,0.0,0.0,1.0,3.0,0.0,0.0,0.0,0.0,3.0,1.0,0.0,3.0,0.0,0.0,1.0,0.0,0.0,3.0,0.0,0.0,0.0,0.0,3.0,-1.0,0.0,0.0,0.0,0.0,1.0,0.0,0.0,0.0,0.0,0.0,0.0,0.0,0.0,0.0,1.0,0.0,0.0,0.0,0.0,0.0,0.0,0
3.1477417374372423,0.3870967741935484,0.17391304347826086,92.0,8.0,46.0,0.5,0.08695652173913043,4.0,23.0,23.0,4.0,0.0,23.0,0.0,23.0,0.0,4.0,4.0,0.043478260869565216,4.0,4.0,0.043478260869565216,2.0,23.0,1.0,0.0,2.0,0.0,1.0,4.0,2.0,2.0,2.0,1.0,0.0,1.0,1.0,1.0,1.0,1.0,2.0,1.0,3.0,0.0,2.0,1.0,3.0,1.0,2.0,0.0,0.0,2.0,1.0,2.0,1.0,1.0,1.0,0.0,1.0,1.0,0.0,0.0,2.0,0.0,2.0,3.0,1.0,0.0,0.0,1.0,1.0,0.0,0.0,2.0,0.0,1.0,1.0,0.0,1.0,0.0,0.0,1.0,0.0,0.0,0.0,0.0,0.0,0.0,1
2.284636952559883,0.3870967776275203,0.4809619238476954,74.85,18.0,37.425,0.5,0.2404809619238477,6.0,12.475,12.475,6.0,6.0,0.0,12.475,0.0,0.0,0.0,0.0,0.0,6.0,0.0,0.08016032064128256,1.0,12.475,0.0,0.0,3.0,0.0,1.0,6.0,3.0,0.0,3.0,3.0,0.0,1.0,1.0,0.0,0.0,0.0,3.0,3.0,3.0,1.0,0.0,1.0,4.0,0.0,1.0,0.0,-1.0,3.0,0.0,1.0,2.0,0.0,1.0,0.0,0.0,1.0,3.0,0.0,0.0,-1.0,3.0,3.0,0.0,1.0,0.0,1.0,0.0,0.0,0.0,3.0,1.0,0.0,0.0,0.0,0.0,0.0,0.0,1.0,0.0,0.0,0.0,0.0,0.0,0.0,1
2.900594019124137,0.3870967741935484,3.473684210526316,313.5,99.0,28.5,0.09090909090909091,0.3157894736842105,33.0,9.5,9.5,33.0,33.0,0.0,9.5,0.0,0.0,0.0,0.0,0.0,0.0,0.0,0.0,0.0,0.0,0.0,0.0,3.0,0.0,0.0,0.0,3.0,0.0,3.0,3.0,0.0,0.0,0.0,0.0,0.0,0.0,3.0,3.0,3.0,0.0,0.0,0.0,3.0,0.0,0.0,0.0,0.0,3.0,0.0,1.0,3.0,0.0,0.0,0.0,0.0,0.0,3.0,0.0,0.0,-1.0,0.0,3.0,0.0,0.0,0.0,1.0,0.0,0.0,0.0,0.0,1.0,0.0,0.0,0.0,0.0,0.0,0.0,1.0,0.0,0.0,0.0,0.0,0.0,0.0,0
2.738152850391266,0.3856942496493689,2.912941057270954,181.60340000000002,69.0,23.6874,0.13043478260869565,0.379948833557081,23.0,7.8958,7.8958,23.0,23.0,0.0,7.8958,0.0,0.0,0.0,0.0,0.0,0.0,0.0,0.0,0.0,0.0,0.0,0.0,3.0,0.0,0.0,0.0,3.0,0.0,3.0,3.0,0.0,0.0,0.0,0.0,0.0,0.0,3.0,3.0,3.0,0.0,0.0,0.0,3.0,0.0,0.0,0.0,0.0,3.0,0.0,1.0,3.0,0.0,0.0,0.0,0.0,0.0,3.0,0.0,0.0,-1.0,0.0,3.0,0.0,0.0,0.0,1.0,0.0,0.0,0.0,0.0,1.0,0.0,0.0,0.0,0.0,0.0,0.0,1.0,0.0,0.0,0.0,0.0,0.0,0.0,0
2.0413749469070814,0.3884993021638418,0.7384615384615385,3120.0,96.0,130.0,0.041666666666666664,0.03076923076923077,48.0,65.0,65.0,48.0,0.0,65.0,0.0,65.0,0.0,48.0,48.0,0.015384615384615385,96.0,48.0,0.03076923076923077,3.0,130.0,1.0,0.0,2.0,0.0,2.0,24.0,2.0,2.0,2.0,1.0,0.0,2.0,2.0,1.0,2.0,1.0,2.0,1.0,3.0,1.0,2.0,2.0,4.0,1.0,3.0,0.0,-1.0,2.0,1.0,2.0,0.0,0.5,2.0,0.0,1.0,2.0,0.0,0.0,2.0,0.0,1.0,3.0,1.0,0.0,0.0,1.0,1.0,0.0,0.0,4.0,0.0,1.0,2.0,0.0,1.0,0.0,0.0,1.0,0.0,0.0,0.0,0.0,0.0,0.0,1
3.1947708770655625,0.3884993021638418,0.04620689655172414,9.715,1.34,29.0,2.9850746268656714,0.13793103448275862,0.67,14.5,14.5,0.67,0.67,0.0,14.5,14.5,0.0,0.67,0.0,0.06896551724137931,0.67,0.67,0.06896551724137931,2.0,14.5,1.0,0.0,2.0,0.0,1.0,0.67,2.0,1.0,2.0,1.0,0.0,1.0,1.0,0.0,1.0,1.0,2.0,2.0,3.0,1.0,2.0,1.0,3.0,1.0,1.0,1.0,0.0,2.0,0.0,1.0,1.0,1.0,1.0,0.0,0.0,1.0,2.0,0.0,0.0,-1.0,2.0,2.0,0.0,1.0,0.0,1.0,1.0,0.0,0.0,2.0,1.0,0.0,0.0,1.0,0.0,0.0,0.0,1.0,0.0,0.0,0.0,0.0,0.0,0.0,1
2.9099642686381997,0.3884992987377279,3.5916775699735757,218.2824,84.0,23.3874,0.10714285714285714,0.3848225967828831,28.0,7.7958,7.7958,28.0,28.0,0.0,7.7958,0.0,0.0,0.0,0.0,0.0,0.0,0.0,0.0,0.0,0.0,0.0,0.0,3.0,0.0,0.0,0.0,3.0,0.0,3.0,3.0,0.0,0.0,0.0,0.0,0.0,0.0,3.0,3.0,3.0,0.0,0.0,0.0,3.0,0.0,0.0,0.0,0.0,3.0,0.0,1.0,3.0,0.0,0.0,0.0,0.0,0.0,3.0,0.0,0.0,-1.0,0.0,3.0,0.0,0.0,0.0,1.0,0.0,0.0,0.0,0.0,1.0,0.0,0.0,0.0,0.0,0.0,0.0,1.0,0.0,0.0,0.0,0.0,0.0,0.0,0
2.1297508605459097,0.3814866760168303,1.565217391304348,207.0,36.0,23.0,0.1111111111111111,0.17391304347826086,18.0,11.5,11.5,18.0,18.0,0.0,11.5,0.0,0.0,0.0,0.0,0.0,0.0,0.0,0.0,0.0,0.0,0.0,0.0,2.0,0.0,0.0,0.0,2.0,0.0,2.0,2.0,0.0,0.0,0.0,0.0,0.0,0.0,2.0,2.0,2.0,0.0,0.0,0.0,2.0,0.0,0.0,0.0,0.0,2.0,0.0,1.0,2.0,0.0,0.0,0.0,0.0,0.0,2.0,0.0,0.0,-1.0,0.0,2.0,0.0,0.0,0.0,1.0,0.0,0.0,0.0,0.0,1.0,0.0,0.0,0.0,0.0,0.0,0.0,1.0,0.0,0.0,0.0,0.0,0.0,0.0,0
3.0141326612475026,0.3870967741935484,4.22360248447205,273.70000000000005,102.0,24.150000000000002,0.08823529411764706,0.37267080745341613,34.0,8.05,8.05,34.0,34.0,0.0,8.05,0.0,0.0,0.0,0.0,0.0,0.0,0.0,0.0,0.0,0.0,0.0,0.0,3.0,0.0,0.0,0.0,3.0,0.0,3.0,3.0,0.0,0.0,0.0,0.0,0.0,0.0,3.0,3.0,3.0,0.0,0.0,0.0,3.0,0.0,0.0,0.0,0.0,3.0,0.0,1.0,3.0,0.0,0.0,0.0,0.0,0.0,3.0,0.0,0.0,-1.0,0.0,3.0,0.0,0.0,0.0,1.0,0.0,0.0,0.0,0.0,1.0,0.0,0.0,0.0,0.0,0.0,0.0,1.0,0.0,0.0,0.0,0.0,0.0,0.0,0
2.697048031611469,0.3870967835280519,0.3815028901734104,2854.5,33.0,86.5,0.030303030303030304,0.011560693641618497,33.0,86.5,86.5,33.0,0.0,86.5,0.0,0.0,0.0,0.0,33.0,0.0,0.0,0.0,0.0,0.0,0.0,0.0,0.0,1.0,0.0,0.0,0.0,1.0,1.0,1.0,1.0,0.0,0.0,0.0,1.0,0.0,0.0,1.0,0.0,1.0,-1.0,0.0,0.0,1.0,0.0,1.0,-1.0,0.0,1.0,1.0,2.0,1.0,0.0,0.0,0.0,1.0,0.0,0.0,0.0,1.0,0.0,0.0,2.0,1.0,0.0,0.0,1.0,0.0,0.0,0.0,0.0,0.0,1.0,0.0,0.0,0.0,0.0,0.0,1.0,0.0,0.0,0.0,0.0,0.0,0.0,1
2.3560741946141377,0.3870967720247239,1.9310344827586208,406.0,84.0,43.5,0.10714285714285714,0.20689655172413793,28.0,14.5,14.5,28.0,28.0,0.0,14.5,0.0,0.0,0.0,0.0,0.0,0.0,0.0,0.0,0.0,0.0,0.0,0.0,3.0,0.0,0.0,0.0,3.0,0.0,3.0,3.0,0.0,0.0,0.0,0.0,0.0,0.0,3.0,3.0,3.0,0.0,0.0,0.0,3.0,0.0,0.0,0.0,0.0,3.0,0.0,1.0,3.0,0.0,0.0,0.0,0.0,0.0,3.0,0.0,0.0,-1.0,0.0,3.0,0.0,0.0,0.0,1.0,0.0,0.0,0.0,0.0,1.0,0.0,0.0,0.0,0.0,0.0,0.0,1.0,0.0,0.0,0.0,0.0,0.0,0.0,0
3.1420409703876935,0.3884992987377279,5.754385964912281,292.125,123.0,21.375,0.07317073170731707,0.42105263157894735,41.0,7.125,7.125,41.0,41.0,0.0,7.125,0.0,0.0,0.0,0.0,0.0,0.0,0.0,0.0,0.0,0.0,0.0,0.0,3.0,0.0,0.0,0.0,3.0,0.0,3.0,3.0,0.0,0.0,0.0,0.0,0.0,0.0,3.0,3.0,3.0,0.0,0.0,0.0,3.0,0.0,0.0,0.0,0.0,3.0,0.0,1.0,3.0,0.0,0.0,0.0,0.0,0.0,3.0,0.0,0.0,-1.0,0.0,3.0,0.0,0.0,0.0,1.0,0.0,0.0,0.0,0.0,1.0,0.0,0.0,0.0,0.0,0.0,0.0,1.0,0.0,0.0,0.0,0.0,0.0,0.0,0
2.673957624640939,0.3856942496493689,2.766557848724617,144.584,60.0,21.6876,0.15,0.41498367730869257,20.0,0.0,7.2292,0.0,20.0,0.0,7.2292,0.0,7.2292,0.0,0.0,0.0,0.0,0.0,0.0,0.0,0.0,1.0,0.0,3.0,20.0,1.0,0.0,2.0,0.0,0.0,3.0,0.0,-1.0,0.0,1.0,0.0,-1.0,3.0,3.0,3.0,0.0,0.0,0.0,3.0,0.0,0.0,0.0,0.0,4.0,0.0,0.0,3.0,0.0,0.0,0.0,0.0,0.0,3.0,3.0,0.0,0.0,0.0,3.0,0.0,0.0,0.0,0.0,0.0,0.0,1.0,0.0,0.0,-1.0,0.0,0.0,0.0,0.0,0.0,1.0,0.0,0.0,0.0,0.0,0.0,1.0,1
2.8954330361177694,0.3884993080508711,0.3,4320.0,36.0,120.0,0.027777777777777776,0.008333333333333333,36.0,120.0,120.0,36.0,0.0,120.0,0.0,120.0,0.0,36.0,36.0,0.008333333333333333,72.0,36.0,0.016666666666666666,3.0,240.0,1.0,0.0,1.0,0.0,2.0,18.0,1.0,2.0,1.0,0.0,0.0,2.0,2.0,1.0,2.0,1.0,1.0,0.0,2.0,1.0,1.0,2.0,3.0,1.0,3.0,0.0,-1.0,1.0,1.0,2.0,-1.0,0.5,2.0,0.0,1.0,2.0,0.0,0.0,1.0,0.0,0.5,2.0,1.0,0.0,0.0,1.0,1.0,0.0,0.0,2.0,0.0,1.0,2.0,0.0,1.0,0.0,0.0,1.0,0.0,0.0,0.0,0.0,0.0,0.0,1
2.342029299377934,0.3814866760168303,2.057877813504823,124.4,48.0,23.325000000000003,0.1875,0.3858520900321543,16.0,7.775,7.775,16.0,16.0,0.0,7.775,0.0,0.0,0.0,0.0,0.0,0.0,0.0,0.0,0.0,0.0,0.0,0.0,3.0,0.0,0.0,0.0,3.0,0.0,3.0,3.0,0.0,0.0,0.0,0.0,0.0,0.0,3.0,3.0,3.0,0.0,0.0,0.0,3.0,0.0,0.0,0.0,0.0,3.0,0.0,1.0,3.0,0.0,0.0,0.0,0.0,0.0,3.0,0.0,0.0,-1.0,0.0,3.0,0.0,0.0,0.0,1.0,0.0,0.0,0.0,0.0,1.0,0.0,0.0,0.0,0.0,0.0,0.0,1.0,0.0,0.0,0.0,0.0,0.0,0.0,0
2.14645518845575,0.3856942590052328,0.6541958970372623,3975.8732999999997,51.0,77.9583,0.0196078431372549,0.012827370530142398,51.0,77.9583,77.9583,51.0,0.0,77.9583,0.0,77.9583,0.0,51.0,51.0,0.012827370530142398,0.0,51.0,0.0,1.0,0.0,1.0,0.0,1.0,0.0,0.0,0.0,1.0,2.0,1.0,0.0,0.0,0.0,0.0,1.0,0.0,1.0,1.0,0.0,2.0,-1.0,1.0,0.0,1.0,1.0,1.0,0.0,1.0,1.0,1.0,2.0,1.0,0.0,0.0,0.0,1.0,0.0,0.0,0.0,1.0,0.0,0.0,2.0,1.0,0.0,0.0,1.0,1.0,0.0,0.0,0.0,0.0,1.0,0.0,0.0,1.0,0.0,0.0,1.0,0.0,0.0,0.0,0.0,0.0,0.0,1
2.0751327872055927,0.3814866760168303,0.7070707070707071,1108.8,28.0,39.6,0.03571428571428571,0.025252525252525252,28.0,0.0,39.6,0.0,28.0,0.0,39.6,0.0,39.6,0.0,0.0,0.0,0.0,0.0,0.0,0.0,0.0,1.0,0.0,1.0,28.0,1.0,0.0,0.0,0.0,0.0,1.0,0.0,-1.0,0.0,1.0,0.0,-1.0,1.0,1.0,1.0,0.0,0.0,0.0,1.0,0.0,0.0,0.0,0.0,2.0,0.0,0.0,1.0,0.0,0.0,0.0,0.0,0.0,1.0,1.0,0.0,0.0,0.0,1.0,0.0,0.0,0.0,0.0,0.0,0.0,1.0,0.0,0.0,-1.0,0.0,0.0,0.0,0.0,0.0,1.0,0.0,0.0,0.0,0.0,0.0,1.0,0
2.970236343799182,0.3764044943820224,3.935483870967742,236.375,91.5,23.25,0.09836065573770492,0.3870967741935484,30.5,0.0,7.75,0.0,0.0,7.75,0.0,0.0,0.0,0.0,30.5,0.0,0.0,0.0,0.0,0.0,0.0,0.0,7.75,3.0,0.0,0.0,0.0,3.0,1.0,0.0,3.0,30.5,0.0,-1.0,1.0,0.0,0.0,2.0,2.0,3.0,-1.0,0.0,1.0,3.0,0.0,1.0,-1.0,0.0,3.0,2.0,1.0,3.0,0.0,0.0,0.0,1.0,0.0,0.0,0.0,3.0,1.0,0.0,4.0,0.0,0.0,0.0,0.0,0.0,1.0,0.0,0.0,0.0,1.0,0.0,0.0,0.0,0.0,0.0,1.0,1.0,0.0,0.0,0.0,0.0,0.0,0
1.9228699459926926,0.3814866778217858,1.1594202898550725,676.1999999999999,84.0,72.44999999999999,0.10714285714285714,0.12422360248447206,28.0,0.0,24.15,0.0,28.0,0.0,24.15,24.15,0.0,28.0,0.0,0.041407867494824016,0.0,28.0,0.0,1.0,0.0,1.0,24.15,3.0,0.0,0.0,0.0,3.0,1.0,0.0,2.0,28.0,0.0,-1.0,0.0,0.0,1.0,2.0,3.0,4.0,0.0,3.0,1.0,3.0,0.0,0.0,1.0,1.0,3.0,1.0,0.0,3.0,0.0,0.0,1.0,0.0,0.0,3.0,0.0,0.0,0.0,0.0,3.0,-1.0,0.0,0.0,0.0,1.0,1.0,0.0,0.0,0.0,0.0,0.0,1.0,0.0,0.0,1.0,1.0,0.0,0.0,0.0,0.0,0.0,0.0,0
2.9580695884001194,0.3884992987377279,3.82660687593423,267.6,96.0,25.087500000000002,0.09375,0.35874439461883406,32.0,8.3625,8.3625,32.0,32.0,0.0,8.3625,0.0,0.0,0.0,0.0,0.0,0.0,0.0,0.0,0.0,0.0,0.0,0.0,3.0,0.0,0.0,0.0,3.0,0.0,3.0,3.0,0.0,0.0,0.0,0.0,0.0,0.0,3.0,3.0,3.0,0.0,0.0,0.0,3.0,0.0,0.0,0.0,0.0,3.0,0.0,1.0,3.0,0.0,0.0,0.0,0.0,0.0,3.0,0.0,0.0,-1.0,0.0,3.0,0.0,0.0,0.0,1.0,0.0,0.0,0.0,0.0,1.0,0.0,0.0,0.0,0.0,0.0,0.0,1.0,0.0,0.0,0.0,0.0,0.0,0.0,0
2.618035679417903,0.3870967741935484,2.526315789473684,228.0,72.0,28.5,0.125,0.3157894736842105,24.0,9.5,9.5,24.0,24.0,0.0,9.5,0.0,0.0,0.0,0.0,0.0,0.0,0.0,0.0,0.0,0.0,0.0,0.0,3.0,0.0,0.0,0.0,3.0,0.0,3.0,3.0,0.0,0.0,0.0,0.0,0.0,0.0,3.0,3.0,3.0,0.0,0.0,0.0,3.0,0.0,0.0,0.0,0.0,3.0,0.0,1.0,3.0,0.0,0.0,0.0,0.0,0.0,3.0,0.0,0.0,-1.0,0.0,3.0,0.0,0.0,0.0,1.0,0.0,0.0,0.0,0.0,1.0,0.0,0.0,0.0,0.0,0.0,0.0,1.0,0.0,0.0,0.0,0.0,0.0,0.0,0
3.1641742310361463,0.3884992987377279,6.111379898652951,377.0016,144.0,23.5626,0.0625,0.3819612436658094,48.0,7.8542,7.8542,48.0,48.0,0.0,7.8542,0.0,0.0,0.0,0.0,0.0,0.0,0.0,0.0,0.0,0.0,0.0,0.0,3.0,0.0,0.0,0.0,3.0,0.0,3.0,3.0,0.0,0.0,0.0,0.0,0.0,0.0,3.0,3.0,3.0,0.0,0.0,0.0,3.0,0.0,0.0,0.0,0.0,3.0,0.0,1.0,3.0,0.0,0.0,0.0,0.0,0.0,3.0,0.0,0.0,-1.0,0.0,3.0,0.0,0.0,0.0,1.0,0.0,0.0,0.0,0.0,1.0,0.0,0.0,0.0,0.0,0.0,0.0,1.0,0.0,0.0,0.0,0.0,0.0,0.0,0
3.138322467264502,0.3764044922731047,5.428571428571429,598.5,114.0,21.0,0.03508771929824561,0.19047619047619047,57.0,10.5,10.5,57.0,0.0,10.5,0.0,0.0,0.0,0.0,57.0,0.0,0.0,0.0,0.0,0.0,0.0,0.0,0.0,2.0,0.0,0.0,0.0,2.0,1.0,2.0,2.0,0.0,0.0,0.0,1.0,0.0,0.0,2.0,1.0,2.0,-1.0,0.0,0.0,2.0,0.0,1.0,-1.0,0.0,2.0,1.0,2.0,2.0,0.0,0.0,0.0,1.0,0.0,0.0,0.0,2.0,0.0,0.0,3.0,1.0,0.0,0.0,1.0,0.0,0.0,0.0,0.0,0.0,1.0,0.0,0.0,0.0,0.0,0.0,1.0,0.0,0.0,0.0,0.0,0.0,0.0,0
2.954669964878811,0.3764044943820224,3.8754325259515574,202.29999999999998,84.0,21.674999999999997,0.10714285714285714,0.4152249134948097,28.0,0.0,7.225,0.0,28.0,0.0,7.225,0.0,7.225,0.0,0.0,0.0,0.0,0.0,0.0,0.0,0.0,1.0,0.0,3.0,28.0,1.0,0.0,2.0,0.0,0.0,3.0,0.0,-1.0,0.0,1.0,0.0,-1.0,3.0,3.0,3.0,0.0,0.0,0.0,3.0,0.0,0.0,0.0,0.0,4.0,0.0,0.0,3.0,0.0,0.0,0.0,0.0,0.0,3.0,3.0,0.0,0.0,0.0,3.0,0.0,0.0,0.0,0.0,0.0,0.0,1.0,0.0,0.0,-1.0,0.0,0.0,0.0,0.0,0.0,1.0,0.0,0.0,0.0,0.0,0.0,1.0,0
2.5942005469528864,0.3870967741935484,2.347826086956522,1242.0,108.0,46.0,0.037037037037037035,0.08695652173913043,54.0,23.0,23.0,54.0,0.0,23.0,0.0,23.0,0.0,54.0,54.0,0.043478260869565216,162.0,54.0,0.13043478260869565,4.0,69.0,1.0,0.0,2.0,0.0,3.0,18.0,2.0,2.0,2.0,1.0,0.0,3.0,3.0,1.0,3.0,1.0,2.0,1.0,3.0,2.0,2.0,3.0,5.0,1.0,4.0,0.0,-2.0,2.0,1.0,2.0,-1.0,0.3333333333333333,3.0,0.0,1.0,3.0,0.0,0.0,2.0,0.0,0.6666666666666666,3.0,1.0,0.0,0.0,1.0,1.0,0.0,0.0,6.0,0.0,1.0,3.0,0.0,1.0,0.0,0.0,1.0,0.0,0.0,0.0,0.0,0.0,0.0,1
2.4919674496326287,0.3884992987377279,2.3225806451612905,139.5,54.0,23.25,0.16666666666666666,0.3870967741935484,18.0,7.75,7.75,18.0,18.0,0.0,7.75,0.0,0.0,0.0,0.0,0.0,0.0,0.0,0.0,0.0,0.0,0.0,0.0,3.0,0.0,0.0,0.0,3.0,0.0,3.0,3.0,0.0,0.0,0.0,0.0,0.0,0.0,3.0,3.0,3.0,0.0,0.0,0.0,3.0,0.0,0.0,0.0,0.0,3.0,0.0,1.0,3.0,0.0,0.0,0.0,0.0,0.0,3.0,0.0,0.0,-1.0,0.0,3.0,0.0,0.0,0.0,1.0,0.0,0.0,0.0,0.0,1.0,0.0,0.0,0.0,0.0,0.0,0.0,1.0,0.0,0.0,0.0,0.0,0.0,0.0,0
2.9136213823100587,0.3884992987377279,3.6129032258064515,217.0,84.0,23.25,0.10714285714285714,0.3870967741935484,28.0,0.0,7.75,0.0,28.0,0.0,7.75,0.0,0.0,0.0,0.0,0.0,0.0,0.0,0.0,0.0,0.0,0.0,7.75,3.0,0.0,0.0,0.0,3.0,0.0,0.0,3.0,28.0,0.0,-1.0,0.0,0.0,0.0,2.0,3.0,3.0,0.0,0.0,1.0,3.0,0.0,0.0,0.0,0.0,3.0,1.0,0.0,3.0,0.0,0.0,1.0,0.0,0.0,3.0,0.0,0.0,0.0,0.0,3.0,-1.0,0.0,0.0,0.0,0.0,1.0,0.0,0.0,0.0,0.0,0.0,0.0,0.0,0.0,0.0,1.0,0.0,0.0,0.0,0.0,0.0,0.0,0
2.4474169325568296,0.3764044978759011,0.40080160320641284,62.375,15.0,37.425,0.6,0.2404809619238477,5.0,12.475,12.475,5.0,0.0,12.475,0.0,0.0,0.0,0.0,5.0,0.0,0.0,0.0,0.0,0.0,0.0,0.0,0.0,3.0,0.0,0.0,0.0,3.0,1.0,3.0,3.0,0.0,0.0,0.0,1.0,0.0,0.0,3.0,2.0,3.0,-1.0,0.0,0.0,3.0,0.0,1.0,-1.0,0.0,3.0,1.0,2.0,3.0,0.0,0.0,0.0,1.0,0.0,0.0,0.0,3.0,0.0,0.0,4.0,1.0,0.0,0.0,1.0,0.0,0.0,0.0,0.0,0.0,1.0,0.0,0.0,0.0,0.0,0.0,1.0,0.0,0.0,0.0,0.0,0.0,0.0,1
2.914508127322662,0.3764044943820224,3.618739903069467,216.65,84.0,23.2125,0.10714285714285714,0.3877221324717286,28.0,0.0,7.7375,0.0,28.0,0.0,7.7375,0.0,0.0,0.0,0.0,0.0,0.0,0.0,0.0,0.0,0.0,0.0,7.7375,3.0,0.0,0.0,0.0,3.0,0.0,0.0,3.0,28.0,0.0,-1.0,0.0,0.0,0.0,2.0,3.0,3.0,0.0,0.0,1.0,3.0,0.0,0.0,0.0,0.0,3.0,1.0,0.0,3.0,0.0,0.0,1.0,0.0,0.0,3.0,0.0,0.0,0.0,0.0,3.0,-1.0,0.0,0.0,0.0,0.0,1.0,0.0,0.0,0.0,0.0,0.0,0.0,0.0,0.0,0.0,1.0,0.0,0.0,0.0,0.0,0.0,0.0,0
3.1009210268741594,0.3814866794822344,0.2034660199917194,9087.5125,43.0,211.3375,0.023255813953488372,0.0047317679067841725,43.0,211.3375,211.3375,43.0,0.0,211.3375,0.0,0.0,0.0,0.0,43.0,0.0,43.0,0.0,0.0047317679067841725,1.0,211.3375,0.0,0.0,1.0,0.0,1.0,43.0,1.0,1.0,1.0,1.0,0.0,1.0,1.0,1.0,0.0,0.0,1.0,0.0,1.0,0.0,0.0,1.0,2.0,0.0,2.0,-1.0,-1.0,1.0,1.0,2.0,0.0,0.0,1.0,0.0,1.0,1.0,0.0,0.0,1.0,0.0,1.0,2.0,1.0,0.0,0.0,1.0,0.0,0.0,0.0,1.0,0.0,1.0,1.0,0.0,0.0,0.0,0.0,1.0,0.0,0.0,0.0,0.0,0.0,0.0,1
2.1413456571735368,0.3884992987377279,1.798262601671001,93.97959999999999,39.0,21.6876,0.23076923076923078,0.41498367730869257,13.0,0.0,7.2292,0.0,0.0,7.2292,0.0,0.0,7.2292,0.0,13.0,0.0,0.0,0.0,0.0,0.0,0.0,1.0,0.0,3.0,13.0,1.0,0.0,2.0,1.0,0.0,3.0,0.0,-1.0,0.0,2.0,0.0,-1.0,3.0,2.0,3.0,-1.0,0.0,0.0,3.0,0.0,1.0,-1.0,0.0,4.0,1.0,1.0,3.0,0.0,0.0,0.0,1.0,0.0,0.0,3.0,3.0,1.0,0.0,4.0,1.0,0.0,0.0,0.0,0.0,0.0,1.0,0.0,0.0,0.0,0.0,0.0,0.0,0.0,0.0,1.0,0.0,1.0,0.0,0.0,0.0,0.0,1
2.901605789822561,0.3856942530911989,0.2982456140350877,969.0,17.0,57.0,0.058823529411764705,0.017543859649122806,17.0,57.0,57.0,17.0,0.0,57.0,0.0,57.0,0.0,17.0,17.0,0.017543859649122806,0.0,17.0,0.0,1.0,0.0,1.0,0.0,1.0,0.0,0.0,0.0,1.0,2.0,1.0,0.0,0.0,0.0,0.0,1.0,0.0,1.0,1.0,0.0,2.0,-1.0,1.0,0.0,1.0,1.0,1.0,0.0,1.0,1.0,1.0,2.0,1.0,0.0,0.0,0.0,1.0,0.0,0.0,0.0,1.0,0.0,0.0,2.0,1.0,0.0,0.0,1.0,1.0,0.0,0.0,0.0,0.0,1.0,0.0,0.0,1.0,0.0,0.0,1.0,0.0,0.0,0.0,0.0,0.0,0.0,1
1.9182714072118285,0.3884992987377279,0.9666666666666667,870.0,29.0,30.0,0.034482758620689655,0.03333333333333333,29.0,30.0,30.0,29.0,29.0,0.0,30.0,0.0,0.0,0.0,0.0,0.0,0.0,0.0,0.0,0.0,0.0,0.0,0.0,1.0,0.0,0.0,0.0,1.0,0.0,1.0,1.0,0.0,0.0,0.0,0.0,0.0,0.0,1.0,1.0,1.0,0.0,0.0,0.0,1.0,0.0,0.0,0.0,0.0,1.0,0.0,1.0,1.0,0.0,0.0,0.0,0.0,0.0,1.0,0.0,0.0,-1.0,0.0,1.0,0.0,0.0,0.0,1.0,0.0,0.0,0.0,0.0,1.0,0.0,0.0,0.0,0.0,0.0,0.0,1.0,0.0,0.0,0.0,0.0,0.0,0.0,0
1.9321932217879736,0.3856942474884025,1.1940298507462688,656.6,84.0,70.35,0.10714285714285714,0.1279317697228145,28.0,23.45,23.45,28.0,28.0,0.0,23.45,23.45,0.0,28.0,0.0,0.042643923240938165,56.0,28.0,0.08528784648187633,3.0,46.9,1.0,0.0,3.0,0.0,2.0,14.0,3.0,1.0,3.0,2.0,0.0,2.0,2.0,0.0,2.0,1.0,3.0,3.0,4.0,2.0,3.0,2.0,5.0,1.0,2.0,1.0,-1.0,3.0,0.0,1.0,1.0,0.5,2.0,0.0,0.0,2.0,3.0,0.0,0.0,-1.0,1.5,3.0,0.0,2.0,0.0,1.0,1.0,0.0,0.0,6.0,1.0,0.0,0.0,1.0,0.0,0.0,0.0,1.0,0.0,0.0,0.0,0.0,0.0,0.0,0
2.890373390872011,0.3814866760168303,3.546099290780142,176.25,75.0,21.15,0.12,0.425531914893617,25.0,7.05,7.05,25.0,25.0,0.0,7.05,0.0,0.0,0.0,0.0,0.0,0.0,0.0,0.0,0.0,0.0,0.0,0.0,3.0,0.0,0.0,0.0,3.0,0.0,3.0,3.0,0.0,0.0,0.0,0.0,0.0,0.0,3.0,3.0,3.0,0.0,0.0,0.0,3.0,0.0,0.0,0.0,0.0,3.0,0.0,1.0,3.0,0.0,0.0,0.0,0.0,0.0,3.0,0.0,0.0,-1.0,0.0,3.0,0.0,0.0,0.0,1.0,0.0,0.0,0.0,0.0,1.0,0.0,0.0,0.0,0.0,0.0,0.0,1.0,0.0,0.0,0.0,0.0,0.0,0.0,0
2.8723006305817647,0.3764044943820224,3.4482758620689653,181.25,75.0,21.75,0.12,0.41379310344827586,25.0,7.25,7.25,25.0,25.0,0.0,7.25,0.0,0.0,0.0,0.0,0.0,0.0,0.0,0.0,0.0,0.0,0.0,0.0,3.0,0.0,0.0,0.0,3.0,0.0,3.0,3.0,0.0,0.0,0.0,0.0,0.0,0.0,3.0,3.0,3.0,0.0,0.0,0.0,3.0,0.0,0.0,0.0,0.0,3.0,0.0,1.0,3.0,0.0,0.0,0.0,0.0,0.0,3.0,0.0,0.0,-1.0,0.0,3.0,0.0,0.0,0.0,1.0,0.0,0.0,0.0,0.0,1.0,0.0,0.0,0.0,0.0,0.0,0.0,1.0,0.0,0.0,0.0,0.0,0.0,0.0,0
2.5246132902146323,0.3884992987377279,2.4013447530617147,134.9244,54.0,22.4874,0.16666666666666666,0.40022412551028574,18.0,7.4958,7.4958,18.0,0.0,7.4958,0.0,0.0,0.0,0.0,18.0,0.0,0.0,0.0,0.0,0.0,0.0,0.0,0.0,3.0,0.0,0.0,0.0,3.0,1.0,3.0,3.0,0.0,0.0,0.0,1.0,0.0,0.0,3.0,2.0,3.0,-1.0,0.0,0.0,3.0,0.0,1.0,-1.0,0.0,3.0,1.0,2.0,3.0,0.0,0.0,0.0,1.0,0.0,0.0,0.0,3.0,0.0,0.0,4.0,1.0,0.0,0.0,1.0,0.0,0.0,0.0,0.0,0.0,1.0,0.0,0.0,0.0,0.0,0.0,1.0,0.0,0.0,0.0,0.0,0.0,0.0,1
2.8885668244683815,0.3814866602235201,0.27467811158798283,233.0,24.0,87.375,0.375,0.10300429184549356,8.0,0.0,29.125,0.0,8.0,0.0,29.125,116.5,0.0,32.0,0.0,0.13733905579399142,8.0,2.0,0.034334763948497854,5.0,29.125,4.0,29.125,3.0,0.0,1.0,8.0,3.0,4.0,0.0,-1.0,8.0,1.0,0.0,0.0,4.0,4.0,2.0,3.0,7.0,1.0,0.75,2.0,4.0,0.0,1.0,4.0,3.0,3.0,1.0,0.0,2.0,4.0,0.0,1.0,0.0,1.0,3.0,0.0,0.0,0.0,3.0,3.0,-1.0,1.0,0.0,0.0,4.0,1.0,0.0,3.0,0.0,0.0,0.0,4.0,0.0,0.0,4.0,1.0,0.0,0.0,0.0,0.0,1.0,0.0,0
3.180476173773635,0.3870967720247239,0.04860267314702309,20.575,3.0,61.724999999999994,3.0,0.14580801944106928,1.0,20.575,20.575,1.0,1.0,0.0,20.575,20.575,0.0,1.0,0.0,0.04860267314702309,2.0,1.0,0.09720534629404617,3.0,41.15,1.0,0.0,3.0,0.0,2.0,0.5,3.0,1.0,3.0,2.0,0.0,2.0,2.0,0.0,2.0,1.0,3.0,3.0,4.0,2.0,3.0,2.0,5.0,1.0,2.0,1.0,-1.0,3.0,0.0,1.0,1.0,0.5,2.0,0.0,0.0,2.0,3.0,0.0,0.0,-1.0,1.5,3.0,0.0,2.0,0.0,1.0,1.0,0.0,0.0,6.0,1.0,0.0,0.0,1.0,0.0,0.0,0.0,1.0,0.0,0.0,0.0,0.0,0.0,0.0,1
2.2644919387653233,0.3870967720247239,0.5808080808080808,3643.2000000000003,46.0,79.2,0.021739130434782608,0.012626262626262626,46.0,0.0,79.2,0.0,46.0,0.0,79.2,0.0,79.2,0.0,0.0,0.0,0.0,0.0,0.0,0.0,0.0,1.0,0.0,1.0,46.0,1.0,0.0,0.0,0.0,0.0,1.0,0.0,-1.0,0.0,1.0,0.0,-1.0,1.0,1.0,1.0,0.0,0.0,0.0,1.0,0.0,0.0,0.0,0.0,2.0,0.0,0.0,1.0,0.0,0.0,0.0,0.0,0.0,1.0,1.0,0.0,0.0,0.0,1.0,0.0,0.0,0.0,0.0,0.0,0.0,1.0,0.0,0.0,-1.0,0.0,0.0,0.0,0.0,0.0,1.0,0.0,0.0,0.0,0.0,0.0,1.0,0
2.9135117421459333,0.3764044943820224,3.6129032258064515,217.0,84.0,23.25,0.10714285714285714,0.3870967741935484,28.0,0.0,7.75,0.0,28.0,0.0,7.75,0.0,0.0,0.0,0.0,0.0,0.0,0.0,0.0,0.0,0.0,0.0,7.75,3.0,0.0,0.0,0.0,3.0,0.0,0.0,3.0,28.0,0.0,-1.0,0.0,0.0,0.0,2.0,3.0,3.0,0.0,0.0,1.0,3.0,0.0,0.0,0.0,0.0,3.0,1.0,0.0,3.0,0.0,0.0,1.0,0.0,0.0,3.0,0.0,0.0,0.0,0.0,3.0,-1.0,0.0,0.0,0.0,0.0,1.0,0.0,0.0,0.0,0.0,0.0,0.0,0.0,0.0,0.0,1.0,0.0,0.0,0.0,0.0,0.0,0.0,0
2.1896819496768756,0.3814866738794381,0.6153846153846154,416.0,32.0,52.0,0.125,0.07692307692307693,16.0,26.0,26.0,16.0,16.0,0.0,26.0,0.0,0.0,0.0,0.0,0.0,0.0,0.0,0.0,0.0,0.0,0.0,0.0,2.0,0.0,0.0,0.0,2.0,0.0,2.0,2.0,0.0,0.0,0.0,0.0,0.0,0.0,2.0,2.0,2.0,0.0,0.0,0.0,2.0,0.0,0.0,0.0,0.0,2.0,0.0,1.0,2.0,0.0,0.0,0.0,0.0,0.0,2.0,0.0,0.0,-1.0,0.0,2.0,0.0,0.0,0.0,1.0,0.0,0.0,0.0,0.0,1.0,0.0,0.0,0.0,0.0,0.0,0.0,1.0,0.0,0.0,0.0,0.0,0.0,0.0,0
2.616689303405438,0.3814865593192065,0.402588066139468,1947.3999999999999,84.0,208.64999999999998,0.10714285714285714,0.043134435657800146,28.0,69.55,69.55,28.0,0.0,69.55,0.0,556.4,0.0,224.0,28.0,0.11502516175413371,56.0,3.5,0.02875629043853343,10.0,139.1,8.0,0.0,3.0,0.0,2.0,14.0,3.0,9.0,3.0,-5.0,0.0,2.0,2.0,1.0,16.0,8.0,3.0,2.0,11.0,1.0,0.375,2.0,5.0,8.0,3.0,7.0,6.0,3.0,1.0,2.0,1.0,4.0,2.0,0.0,1.0,2.0,0.0,0.0,3.0,0.0,1.5,4.0,1.0,0.0,0.0,1.0,8.0,0.0,0.0,6.0,0.0,1.0,2.0,0.0,8.0,0.0,0.0,1.0,0.0,0.0,0.0,0.0,0.0,0.0,0
1.9285098294983383,0.3764044943820224,0.9121769101961832,859.4824,28.0,30.6958,0.03571428571428571,0.03257774679272083,28.0,0.0,30.6958,0.0,28.0,0.0,30.6958,0.0,30.6958,0.0,0.0,0.0,0.0,0.0,0.0,0.0,0.0,1.0,0.0,1.0,28.0,1.0,0.0,0.0,0.0,0.0,1.0,0.0,-1.0,0.0,1.0,0.0,-1.0,1.0,1.0,1.0,0.0,0.0,0.0,1.0,0.0,0.0,0.0,0.0,2.0,0.0,0.0,1.0,0.0,0.0,0.0,0.0,0.0,1.0,1.0,0.0,0.0,0.0,1.0,0.0,0.0,0.0,0.0,0.0,0.0,1.0,0.0,0.0,-1.0,0.0,0.0,0.0,0.0,0.0,1.0,0.0,0.0,0.0,0.0,0.0,1.0,0
2.812914258738223,0.3870967741935484,3.1662402796423414,197.395,75.0,23.6874,0.12,0.379948833557081,25.0,7.8958,7.8958,25.0,25.0,0.0,7.8958,0.0,0.0,0.0,0.0,0.0,0.0,0.0,0.0,0.0,0.0,0.0,0.0,3.0,0.0,0.0,0.0,3.0,0.0,3.0,3.0,0.0,0.0,0.0,0.0,0.0,0.0,3.0,3.0,3.0,0.0,0.0,0.0,3.0,0.0,0.0,0.0,0.0,3.0,0.0,1.0,3.0,0.0,0.0,0.0,0.0,0.0,3.0,0.0,0.0,-1.0,0.0,3.0,0.0,0.0,0.0,1.0,0.0,0.0,0.0,0.0,1.0,0.0,0.0,0.0,0.0,0.0,0.0,1.0,0.0,0.0,0.0,0.0,0.0,0.0,0
2.8122462375548767,0.3856942496493689,3.0,507.0,78.0,26.0,0.05128205128205128,0.15384615384615385,39.0,13.0,13.0,39.0,39.0,0.0,13.0,0.0,0.0,0.0,0.0,0.0,0.0,0.0,0.0,0.0,0.0,0.0,0.0,2.0,0.0,0.0,0.0,2.0,0.0,2.0,2.0,0.0,0.0,0.0,0.0,0.0,0.0,2.0,2.0,2.0,0.0,0.0,0.0,2.0,0.0,0.0,0.0,0.0,2.0,0.0,1.0,2.0,0.0,0.0,0.0,0.0,0.0,2.0,0.0,0.0,-1.0,0.0,2.0,0.0,0.0,0.0,1.0,0.0,0.0,0.0,0.0,1.0,0.0,0.0,0.0,0.0,0.0,0.0,1.0,0.0,0.0,0.0,0.0,0.0,0.0,0
2.3636969618041803,0.3764044943820224,1.8897613501380681,1270.5308,49.0,25.9292,0.02040816326530612,0.03856655816608302,49.0,25.9292,25.9292,49.0,0.0,25.9292,0.0,0.0,0.0,0.0,49.0,0.0,0.0,0.0,0.0,0.0,0.0,0.0,0.0,1.0,0.0,0.0,0.0,1.0,1.0,1.0,1.0,0.0,0.0,0.0,1.0,0.0,0.0,1.0,0.0,1.0,-1.0,0.0,0.0,1.0,0.0,1.0,-1.0,0.0,1.0,1.0,2.0,1.0,0.0,0.0,0.0,1.0,0.0,0.0,0.0,1.0,0.0,0.0,2.0,1.0,0.0,0.0,1.0,0.0,0.0,0.0,0.0,0.0,1.0,0.0,0.0,0.0,0.0,0.0,1.0,0.0,0.0,0.0,0.0,0.0,0.0,1
2.9142232247468427,0.3884992987377279,3.5700712862621358,269.1823,93.0,26.049899999999997,0.0967741935483871,0.3454907696382712,31.0,8.6833,8.6833,31.0,0.0,8.6833,0.0,0.0,0.0,0.0,31.0,0.0,0.0,0.0,0.0,0.0,0.0,0.0,0.0,3.0,0.0,0.0,0.0,3.0,1.0,3.0,3.0,0.0,0.0,0.0,1.0,0.0,0.0,3.0,2.0,3.0,-1.0,0.0,0.0,3.0,0.0,1.0,-1.0,0.0,3.0,1.0,2.0,3.0,0.0,0.0,0.0,1.0,0.0,0.0,0.0,3.0,0.0,0.0,4.0,1.0,0.0,0.0,1.0,0.0,0.0,0.0,0.0,0.0,1.0,0.0,0.0,0.0,0.0,0.0,1.0,0.0,0.0,0.0,0.0,0.0,0.0,1
2.996783567284904,0.3870967741935484,4.149836773086926,216.87599999999998,90.0,21.6876,0.1,0.41498367730869257,30.0,0.0,7.2292,0.0,30.0,0.0,7.2292,0.0,7.2292,0.0,0.0,0.0,0.0,0.0,0.0,0.0,0.0,1.0,0.0,3.0,30.0,1.0,0.0,2.0,0.0,0.0,3.0,0.0,-1.0,0.0,1.0,0.0,-1.0,3.0,3.0,3.0,0.0,0.0,0.0,3.0,0.0,0.0,0.0,0.0,4.0,0.0,0.0,3.0,0.0,0.0,0.0,0.0,0.0,3.0,3.0,0.0,0.0,0.0,3.0,0.0,0.0,0.0,0.0,0.0,0.0,1.0,0.0,0.0,-1.0,0.0,0.0,0.0,0.0,0.0,1.0,0.0,0.0,0.0,0.0,0.0,1.0,0
1.9622486494220517,0.381486670206796,1.2422360248447206,724.5,90.0,72.44999999999999,0.1,0.12422360248447206,30.0,24.15,24.15,30.0,0.0,24.15,0.0,24.15,0.0,30.0,30.0,0.041407867494824016,30.0,30.0,0.041407867494824016,2.0,24.15,1.0,0.0,3.0,0.0,1.0,30.0,3.0,2.0,3.0,2.0,0.0,1.0,1.0,1.0,1.0,1.0,3.0,2.0,4.0,0.0,3.0,1.0,4.0,1.0,2.0,0.0,0.0,3.0,1.0,2.0,2.0,1.0,1.0,0.0,1.0,1.0,0.0,0.0,3.0,0.0,3.0,4.0,1.0,0.0,0.0,1.0,1.0,0.0,0.0,3.0,0.0,1.0,1.0,0.0,1.0,0.0,0.0,1.0,0.0,0.0,0.0,0.0,0.0,0.0,0
2.691543767253067,0.3856942474884025,2.6153846153846154,442.0,68.0,26.0,0.058823529411764705,0.15384615384615385,34.0,13.0,13.0,34.0,34.0,0.0,13.0,0.0,0.0,0.0,0.0,0.0,0.0,0.0,0.0,0.0,0.0,0.0,0.0,2.0,0.0,0.0,0.0,2.0,0.0,2.0,2.0,0.0,0.0,0.0,0.0,0.0,0.0,2.0,2.0,2.0,0.0,0.0,0.0,2.0,0.0,0.0,0.0,0.0,2.0,0.0,1.0,2.0,0.0,0.0,0.0,0.0,0.0,2.0,0.0,0.0,-1.0,0.0,2.0,0.0,0.0,0.0,1.0,0.0,0.0,0.0,0.0,1.0,0.0,0.0,0.0,0.0,0.0,0.0,1.0,0.0,0.0,0.0,0.0,0.0,0.0,0
1.9494825152285364,0.3856942513902431,1.180952380952381,813.75,62.0,52.5,0.06451612903225806,0.0761904761904762,31.0,26.25,26.25,31.0,0.0,26.25,0.0,26.25,0.0,31.0,31.0,0.0380952380952381,31.0,31.0,0.0380952380952381,2.0,26.25,1.0,0.0,2.0,0.0,1.0,31.0,2.0,2.0,2.0,1.0,0.0,1.0,1.0,1.0,1.0,1.0,2.0,1.0,3.0,0.0,2.0,1.0,3.0,1.0,2.0,0.0,0.0,2.0,1.0,2.0,1.0,1.0,1.0,0.0,1.0,1.0,0.0,0.0,2.0,0.0,2.0,3.0,1.0,0.0,0.0,1.0,1.0,0.0,0.0,2.0,0.0,1.0,1.0,0.0,1.0,0.0,0.0,1.0,0.0,0.0,0.0,0.0,0.0,0.0,1
3.2718422149453317,0.3764045201984869,0.09166666666666666,1320.0,11.0,120.0,0.09090909090909091,0.008333333333333333,11.0,120.0,120.0,11.0,11.0,0.0,120.0,120.0,0.0,11.0,0.0,0.008333333333333333,22.0,11.0,0.016666666666666666,3.0,240.0,1.0,0.0,1.0,0.0,2.0,5.5,1.0,1.0,1.0,0.0,0.0,2.0,2.0,0.0,2.0,1.0,1.0,1.0,2.0,2.0,1.0,2.0,3.0,1.0,2.0,1.0,-1.0,1.0,0.0,1.0,-1.0,0.5,2.0,0.0,0.0,2.0,1.0,0.0,0.0,-1.0,0.5,1.0,0.0,2.0,0.0,1.0,1.0,0.0,0.0,2.0,1.0,0.0,0.0,1.0,0.0,0.0,0.0,1.0,0.0,0.0,0.0,0.0,0.0,0.0,1
2.693217198989538,0.3870967741935484,0.04931487547993941,3.577014,1.26,25.5501,7.142857142857143,0.3522491105709958,0.42,0.0,8.5167,0.0,0.42,0.0,8.5167,0.0,8.5167,0.0,0.0,0.0,0.42,0.0,0.11741637019033194,1.0,8.5167,1.0,0.0,3.0,0.42,2.0,0.42,2.0,0.0,0.0,3.0,0.0,0.0,1.0,1.0,0.0,-1.0,3.0,3.0,3.0,1.0,0.0,1.0,4.0,0.0,1.0,0.0,-1.0,4.0,0.0,0.0,2.0,0.0,0.0,0.0,0.0,1.0,3.0,3.0,0.0,0.0,3.0,3.0,0.0,1.0,1.0,0.0,0.0,0.0,1.0,3.0,0.0,-1.0,0.0,0.0,0.0,0.0,0.0,1.0,0.0,0.0,0.0,0.0,0.0,1.0,1
2.9506507732736433,0.3856942496493689,3.870967741935484,188.325,81.0,20.924999999999997,0.1111111111111111,0.43010752688172044,27.0,6.975,6.975,27.0,27.0,0.0,6.975,0.0,0.0,0.0,0.0,0.0,0.0,0.0,0.0,0.0,0.0,0.0,0.0,3.0,0.0,0.0,0.0,3.0,0.0,3.0,3.0,0.0,0.0,0.0,0.0,0.0,0.0,3.0,3.0,3.0,0.0,0.0,0.0,3.0,0.0,0.0,0.0,0.0,3.0,0.0,1.0,3.0,0.0,0.0,0.0,0.0,0.0,3.0,0.0,0.0,-1.0,0.0,3.0,0.0,0.0,0.0,1.0,0.0,0.0,0.0,0.0,1.0,0.0,0.0,0.0,0.0,0.0,0.0,1.0,0.0,0.0,0.0,0.0,0.0,0.0,1
2.978575471741941,0.3884992987377279,3.9871382636655945,241.025,93.0,23.325000000000003,0.0967741935483871,0.3858520900321543,31.0,7.775,7.775,31.0,31.0,0.0,7.775,0.0,0.0,0.0,0.0,0.0,0.0,0.0,0.0,0.0,0.0,0.0,0.0,3.0,0.0,0.0,0.0,3.0,0.0,3.0,3.0,0.0,0.0,0.0,0.0,0.0,0.0,3.0,3.0,3.0,0.0,0.0,0.0,3.0,0.0,0.0,0.0,0.0,3.0,0.0,1.0,3.0,0.0,0.0,0.0,0.0,0.0,3.0,0.0,0.0,-1.0,0.0,3.0,0.0,0.0,0.0,1.0,0.0,0.0,0.0,0.0,1.0,0.0,0.0,0.0,0.0,0.0,0.0,1.0,0.0,0.0,0.0,0.0,0.0,0.0,0
3.3077293967956423,0.3870967741935484,0.0,0.0,39.0,0.0,0.02564102564102564,0.0,39.0,0.0,0.0,39.0,39.0,0.0,0.0,0.0,0.0,0.0,0.0,0.0,0.0,0.0,0.0,0.0,0.0,0.0,0.0,1.0,0.0,0.0,0.0,1.0,0.0,1.0,1.0,0.0,0.0,0.0,0.0,0.0,0.0,1.0,1.0,1.0,0.0,0.0,0.0,1.0,0.0,0.0,0.0,0.0,1.0,0.0,1.0,1.0,0.0,0.0,0.0,0.0,0.0,1.0,0.0,0.0,-1.0,0.0,1.0,0.0,0.0,0.0,1.0,0.0,0.0,0.0,0.0,1.0,0.0,0.0,0.0,0.0,0.0,0.0,1.0,0.0,0.0,0.0,0.0,0.0,0.0,0
2.4887578584939436,0.3870967741935484,2.315112540192926,139.95000000000002,54.0,23.325000000000003,0.16666666666666666,0.3858520900321543,18.0,7.775,7.775,18.0,0.0,7.775,0.0,0.0,0.0,0.0,18.0,0.0,0.0,0.0,0.0,0.0,0.0,0.0,0.0,3.0,0.0,0.0,0.0,3.0,1.0,3.0,3.0,0.0,0.0,0.0,1.0,0.0,0.0,3.0,2.0,3.0,-1.0,0.0,0.0,3.0,0.0,1.0,-1.0,0.0,3.0,1.0,2.0,3.0,0.0,0.0,0.0,1.0,0.0,0.0,0.0,3.0,0.0,0.0,4.0,1.0,0.0,0.0,1.0,0.0,0.0,0.0,0.0,0.0,1.0,0.0,0.0,0.0,0.0,0.0,1.0,0.0,0.0,0.0,0.0,0.0,0.0,0
2.8121970911811798,0.3764044943820224,3.0,507.0,78.0,26.0,0.05128205128205128,0.15384615384615385,39.0,13.0,13.0,39.0,39.0,0.0,13.0,0.0,0.0,0.0,0.0,0.0,0.0,0.0,0.0,0.0,0.0,0.0,0.0,2.0,0.0,0.0,0.0,2.0,0.0,2.0,2.0,0.0,0.0,0.0,0.0,0.0,0.0,2.0,2.0,2.0,0.0,0.0,0.0,2.0,0.0,0.0,0.0,0.0,2.0,0.0,1.0,2.0,0.0,0.0,0.0,0.0,0.0,2.0,0.0,0.0,-1.0,0.0,2.0,0.0,0.0,0.0,1.0,0.0,0.0,0.0,0.0,1.0,0.0,0.0,0.0,0.0,0.0,0.0,1.0,0.0,0.0,0.0,0.0,0.0,0.0,0
2.1963645473025264,0.3814866794822344,0.6214689265536723,1752.3,33.0,53.1,0.030303030303030304,0.018832391713747645,33.0,53.1,53.1,33.0,0.0,53.1,0.0,53.1,0.0,33.0,33.0,0.018832391713747645,0.0,33.0,0.0,1.0,0.0,1.0,0.0,1.0,0.0,0.0,0.0,1.0,2.0,1.0,0.0,0.0,0.0,0.0,1.0,0.0,1.0,1.0,0.0,2.0,-1.0,1.0,0.0,1.0,1.0,1.0,0.0,1.0,1.0,1.0,2.0,1.0,0.0,0.0,0.0,1.0,0.0,0.0,0.0,1.0,0.0,0.0,2.0,1.0,0.0,0.0,1.0,1.0,0.0,0.0,0.0,0.0,1.0,0.0,0.0,1.0,0.0,0.0,1.0,0.0,0.0,0.0,0.0,0.0,0.0,1
2.8460704199861517,0.3870967741935484,3.2963549920760697,205.07500000000002,78.0,23.6625,0.11538461538461539,0.3803486529318542,26.0,7.8875,7.8875,26.0,26.0,0.0,7.8875,0.0,0.0,0.0,0.0,0.0,0.0,0.0,0.0,0.0,0.0,0.0,0.0,3.0,0.0,0.0,0.0,3.0,0.0,3.0,3.0,0.0,0.0,0.0,0.0,0.0,0.0,3.0,3.0,3.0,0.0,0.0,0.0,3.0,0.0,0.0,0.0,0.0,3.0,0.0,1.0,3.0,0.0,0.0,0.0,0.0,0.0,3.0,0.0,0.0,-1.0,0.0,3.0,0.0,0.0,0.0,1.0,0.0,0.0,0.0,0.0,1.0,0.0,0.0,0.0,0.0,0.0,0.0,1.0,0.0,0.0,0.0,0.0,0.0,0.0,0
2.1847311312411155,0.3856942474884025,1.6149068322981368,941.8499999999999,117.0,72.44999999999999,0.07692307692307693,0.12422360248447206,39.0,24.15,24.15,39.0,39.0,0.0,24.15,0.0,0.0,0.0,0.0,0.0,0.0,0.0,0.0,0.0,0.0,0.0,0.0,3.0,0.0,0.0,0.0,3.0,0.0,3.0,3.0,0.0,0.0,0.0,0.0,0.0,0.0,3.0,3.0,3.0,0.0,0.0,0.0,3.0,0.0,0.0,0.0,0.0,3.0,0.0,1.0,3.0,0.0,0.0,0.0,0.0,0.0,3.0,0.0,0.0,-1.0,0.0,3.0,0.0,0.0,0.0,1.0,0.0,0.0,0.0,0.0,1.0,0.0,0.0,0.0,0.0,0.0,0.0,1.0,0.0,0.0,0.0,0.0,0.0,0.0,0
2.8899179854467913,0.3870967741935484,3.3333333333333335,367.5,70.0,21.0,0.05714285714285714,0.19047619047619047,35.0,10.5,10.5,35.0,35.0,0.0,10.5,0.0,0.0,0.0,0.0,0.0,0.0,0.0,0.0,0.0,0.0,0.0,0.0,2.0,0.0,0.0,0.0,2.0,0.0,2.0,2.0,0.0,0.0,0.0,0.0,0.0,0.0,2.0,2.0,2.0,0.0,0.0,0.0,2.0,0.0,0.0,0.0,0.0,2.0,0.0,1.0,2.0,0.0,0.0,0.0,0.0,0.0,2.0,0.0,0.0,-1.0,0.0,2.0,0.0,0.0,0.0,1.0,0.0,0.0,0.0,0.0,1.0,0.0,0.0,0.0,0.0,0.0,0.0,1.0,0.0,0.0,0.0,0.0,0.0,0.0,0
3.061351506540738,0.385694131664639,0.19184652278177458,187.64999999999998,18.0,93.82499999999999,0.5,0.09592326139088729,6.0,31.275,31.275,6.0,0.0,31.275,0.0,125.1,0.0,24.0,6.0,0.1278976818545164,12.0,1.5,0.0639488409272582,6.0,62.55,4.0,0.0,3.0,0.0,2.0,3.0,3.0,5.0,3.0,-1.0,0.0,2.0,2.0,1.0,8.0,4.0,3.0,2.0,7.0,1.0,0.75,2.0,5.0,4.0,3.0,3.0,2.0,3.0,1.0,2.0,1.0,2.0,2.0,0.0,1.0,2.0,0.0,0.0,3.0,0.0,1.5,4.0,1.0,0.0,0.0,1.0,4.0,0.0,0.0,6.0,0.0,1.0,2.0,0.0,4.0,0.0,0.0,1.0,0.0,0.0,0.0,0.0,0.0,0.0,0
2.948908754367149,0.3764044943820224,3.7888198757763973,245.52500000000003,91.5,24.150000000000002,0.09836065573770492,0.37267080745341613,30.5,8.05,8.05,30.5,30.5,0.0,8.05,0.0,0.0,0.0,0.0,0.0,0.0,0.0,0.0,0.0,0.0,0.0,0.0,3.0,0.0,0.0,0.0,3.0,0.0,3.0,3.0,0.0,0.0,0.0,0.0,0.0,0.0,3.0,3.0,3.0,0.0,0.0,0.0,3.0,0.0,0.0,0.0,0.0,3.0,0.0,1.0,3.0,0.0,0.0,0.0,0.0,0.0,3.0,0.0,0.0,-1.0,0.0,3.0,0.0,0.0,0.0,1.0,0.0,0.0,0.0,0.0,1.0,0.0,0.0,0.0,0.0,0.0,0.0,1.0,0.0,0.0,0.0,0.0,0.0,0.0,0
3.29931723753975,0.3870967741935484,0.0,0.0,28.0,0.0,0.03571428571428571,0.0,28.0,0.0,0.0,28.0,28.0,0.0,0.0,0.0,0.0,0.0,0.0,0.0,0.0,0.0,0.0,0.0,0.0,0.0,0.0,1.0,0.0,0.0,0.0,1.0,0.0,1.0,1.0,0.0,0.0,0.0,0.0,0.0,0.0,1.0,1.0,1.0,0.0,0.0,0.0,1.0,0.0,0.0,0.0,0.0,1.0,0.0,1.0,1.0,0.0,0.0,0.0,0.0,0.0,1.0,0.0,0.0,-1.0,0.0,1.0,0.0,0.0,0.0,1.0,0.0,0.0,0.0,0.0,1.0,0.0,0.0,0.0,0.0,0.0,0.0,1.0,0.0,0.0,0.0,0.0,0.0,0.0,0
2.735141761200263,0.3856942496493689,2.9022082018927446,182.275,69.0,23.775,0.13043478260869565,0.37854889589905366,23.0,7.925,7.925,23.0,0.0,7.925,0.0,0.0,0.0,0.0,23.0,0.0,0.0,0.0,0.0,0.0,0.0,0.0,0.0,3.0,0.0,0.0,0.0,3.0,1.0,3.0,3.0,0.0,0.0,0.0,1.0,0.0,0.0,3.0,2.0,3.0,-1.0,0.0,0.0,3.0,0.0,1.0,-1.0,0.0,3.0,1.0,2.0,3.0,0.0,0.0,0.0,1.0,0.0,0.0,0.0,3.0,0.0,0.0,4.0,1.0,0.0,0.0,1.0,0.0,0.0,0.0,0.0,0.0,1.0,0.0,0.0,0.0,0.0,0.0,1.0,0.0,0.0,0.0,0.0,0.0,0.0,0
1.9580314730028767,0.3814866760168303,0.8377427427156918,1147.1301999999998,62.0,74.0084,0.06451612903225806,0.05404791888488334,31.0,0.0,37.0042,0.0,31.0,0.0,37.0042,37.0042,37.0042,31.0,0.0,0.02702395944244167,31.0,31.0,0.02702395944244167,2.0,37.0042,2.0,0.0,2.0,31.0,2.0,31.0,1.0,1.0,0.0,1.0,0.0,0.0,1.0,1.0,1.0,0.0,2.0,2.0,3.0,1.0,2.0,1.0,3.0,0.0,1.0,1.0,0.0,3.0,0.0,0.0,1.0,1.0,0.0,0.0,0.0,1.0,2.0,2.0,0.0,0.0,2.0,2.0,0.0,1.0,1.0,0.0,1.0,0.0,1.0,2.0,0.0,-1.0,0.0,1.0,0.0,1.0,0.0,1.0,0.0,0.0,0.0,0.0,0.0,1.0,0
3.1814173837205817,0.3884992987377279,6.666666666666666,277.35,129.0,19.35,0.06976744186046512,0.46511627906976744,43.0,6.45,6.45,43.0,43.0,0.0,6.45,0.0,0.0,0.0,0.0,0.0,0.0,0.0,0.0,0.0,0.0,0.0,0.0,3.0,0.0,0.0,0.0,3.0,0.0,3.0,3.0,0.0,0.0,0.0,0.0,0.0,0.0,3.0,3.0,3.0,0.0,0.0,0.0,3.0,0.0,0.0,0.0,0.0,3.0,0.0,1.0,3.0,0.0,0.0,0.0,0.0,0.0,3.0,0.0,0.0,-1.0,0.0,3.0,0.0,0.0,0.0,1.0,0.0,0.0,0.0,0.0,1.0,0.0,0.0,0.0,0.0,0.0,0.0,1.0,0.0,0.0,0.0,0.0,0.0,0.0,0
2.7165949218445293,0.3764044787991114,0.35842293906810035,279.0,30.0,83.69999999999999,0.3,0.10752688172043011,10.0,27.9,27.9,10.0,10.0,0.0,27.9,83.69999999999999,0.0,30.0,0.0,0.10752688172043011,20.0,3.3333333333333335,0.07168458781362008,5.0,55.8,3.0,0.0,3.0,0.0,2.0,5.0,3.0,3.0,3.0,0.0,0.0,2.0,2.0,0.0,6.0,3.0,3.0,3.0,6.0,2.0,1.0,2.0,5.0,3.0,2.0,3.0,1.0,3.0,0.0,1.0,1.0,1.5,2.0,0.0,0.0,2.0,3.0,0.0,0.0,-1.0,1.5,3.0,0.0,2.0,0.0,1.0,3.0,0.0,0.0,6.0,1.0,0.0,0.0,3.0,0.0,0.0,0.0,1.0,0.0,0.0,0.0,0.0,0.0,0.0,0
2.3119161131750237,0.3764044978759011,0.5561497326203209,4862.0,52.0,93.5,0.019230769230769232,0.0106951871657754,52.0,93.5,93.5,52.0,0.0,93.5,0.0,93.5,0.0,52.0,52.0,0.0106951871657754,52.0,52.0,0.0106951871657754,2.0,93.5,1.0,0.0,1.0,0.0,1.0,52.0,1.0,2.0,1.0,0.0,0.0,1.0,1.0,1.0,1.0,1.0,1.0,0.0,2.0,0.0,1.0,1.0,2.0,1.0,2.0,0.0,0.0,1.0,1.0,2.0,0.0,1.0,1.0,0.0,1.0,1.0,0.0,0.0,1.0,0.0,1.0,2.0,1.0,0.0,0.0,1.0,1.0,0.0,0.0,1.0,0.0,1.0,1.0,0.0,1.0,0.0,0.0,1.0,0.0,0.0,0.0,0.0,0.0,0.0,1
2.8089848392832897,0.3856942496493689,3.116883116883117,233.8875,81.0,25.987499999999997,0.1111111111111111,0.34632034632034636,27.0,8.6625,8.6625,27.0,27.0,0.0,8.6625,0.0,0.0,0.0,0.0,0.0,0.0,0.0,0.0,0.0,0.0,0.0,0.0,3.0,0.0,0.0,0.0,3.0,0.0,3.0,3.0,0.0,0.0,0.0,0.0,0.0,0.0,3.0,3.0,3.0,0.0,0.0,0.0,3.0,0.0,0.0,0.0,0.0,3.0,0.0,1.0,3.0,0.0,0.0,0.0,0.0,0.0,3.0,0.0,0.0,-1.0,0.0,3.0,0.0,0.0,0.0,1.0,0.0,0.0,0.0,0.0,1.0,0.0,0.0,0.0,0.0,0.0,0.0,1.0,0.0,0.0,0.0,0.0,0.0,0.0,1
3.3072584991292815,0.3764044943820224,0.0,0.0,38.0,0.0,0.02631578947368421,0.0,38.0,0.0,0.0,38.0,38.0,0.0,0.0,0.0,0.0,0.0,0.0,0.0,0.0,0.0,0.0,0.0,0.0,0.0,0.0,1.0,0.0,0.0,0.0,1.0,0.0,1.0,1.0,0.0,0.0,0.0,0.0,0.0,0.0,1.0,1.0,1.0,0.0,0.0,0.0,1.0,0.0,0.0,0.0,0.0,1.0,0.0,1.0,1.0,0.0,0.0,0.0,0.0,0.0,1.0,0.0,0.0,-1.0,0.0,1.0,0.0,0.0,0.0,1.0,0.0,0.0,0.0,0.0,1.0,0.0,0.0,0.0,0.0,0.0,0.0,1.0,0.0,0.0,0.0,0.0,0.0,0.0,0
2.4813148572142487,0.3814866794822344,2.164328657314629,336.825,81.0,37.425,0.1111111111111111,0.2404809619238477,27.0,12.475,12.475,27.0,0.0,12.475,0.0,0.0,0.0,0.0,27.0,0.0,27.0,0.0,0.08016032064128256,1.0,12.475,0.0,0.0,3.0,0.0,1.0,27.0,3.0,1.0,3.0,3.0,0.0,1.0,1.0,1.0,0.0,0.0,3.0,2.0,3.0,0.0,0.0,1.0,4.0,0.0,2.0,-1.0,-1.0,3.0,1.0,2.0,2.0,0.0,1.0,0.0,1.0,1.0,0.0,0.0,3.0,0.0,3.0,4.0,1.0,0.0,0.0,1.0,0.0,0.0,0.0,3.0,0.0,1.0,1.0,0.0,0.0,0.0,0.0,1.0,0.0,0.0,0.0,0.0,0.0,0.0,1
3.243387692662109,0.3870967306315501,0.050393700787401574,79.375,6.0,119.0625,1.5,0.07559055118110236,2.0,39.6875,39.6875,2.0,2.0,0.0,39.6875,158.75,0.0,8.0,0.0,0.10078740157480315,2.0,0.5,0.025196850393700787,5.0,39.6875,4.0,0.0,3.0,0.0,1.0,2.0,3.0,4.0,3.0,-1.0,0.0,1.0,1.0,0.0,4.0,4.0,3.0,3.0,7.0,1.0,0.75,1.0,4.0,4.0,1.0,4.0,3.0,3.0,0.0,1.0,2.0,4.0,1.0,0.0,0.0,1.0,3.0,0.0,0.0,-1.0,3.0,3.0,0.0,1.0,0.0,1.0,4.0,0.0,0.0,3.0,1.0,0.0,0.0,4.0,0.0,0.0,0.0,1.0,0.0,0.0,0.0,0.0,0.0,0.0,0
2.975654751549387,0.3814866760168303,4.028776978417266,194.6,84.0,20.85,0.10714285714285714,0.4316546762589928,28.0,0.0,6.95,0.0,28.0,0.0,6.95,0.0,0.0,0.0,0.0,0.0,0.0,0.0,0.0,0.0,0.0,0.0,6.95,3.0,0.0,0.0,0.0,3.0,0.0,0.0,3.0,28.0,0.0,-1.0,0.0,0.0,0.0,2.0,3.0,3.0,0.0,0.0,1.0,3.0,0.0,0.0,0.0,0.0,3.0,1.0,0.0,3.0,0.0,0.0,1.0,0.0,0.0,3.0,0.0,0.0,0.0,0.0,3.0,-1.0,0.0,0.0,0.0,0.0,1.0,0.0,0.0,0.0,0.0,0.0,0.0,0.0,0.0,0.0,1.0,0.0,0.0,0.0,0.0,0.0,0.0,0
2.4289759064051477,0.3870969005015647,0.4956120631976182,1581.8824,84.0,169.4874,0.10714285714285714,0.05310129248545909,28.0,56.4958,56.4958,28.0,28.0,0.0,56.4958,0.0,0.0,0.0,0.0,0.0,0.0,0.0,0.0,0.0,0.0,0.0,0.0,3.0,0.0,0.0,0.0,3.0,0.0,3.0,3.0,0.0,0.0,0.0,0.0,0.0,0.0,3.0,3.0,3.0,0.0,0.0,0.0,3.0,0.0,0.0,0.0,0.0,3.0,0.0,1.0,3.0,0.0,0.0,0.0,0.0,0.0,3.0,0.0,0.0,-1.0,0.0,3.0,0.0,0.0,0.0,1.0,0.0,0.0,0.0,0.0,1.0,0.0,0.0,0.0,0.0,0.0,0.0,1.0,0.0,0.0,0.0,0.0,0.0,0.0,0
3.288055738264178,0.3814866760168303,0.02702395944244167,37.0042,2.0,74.0084,2.0,0.05404791888488334,1.0,0.0,37.0042,0.0,1.0,0.0,37.0042,0.0,37.0042,0.0,0.0,0.0,2.0,0.0,0.05404791888488334,2.0,74.0084,1.0,0.0,2.0,1.0,3.0,0.5,1.0,0.0,0.0,2.0,0.0,1.0,2.0,1.0,0.0,-1.0,2.0,2.0,2.0,2.0,0.0,2.0,4.0,0.0,2.0,0.0,-2.0,3.0,0.0,0.0,0.0,0.0,0.0,0.0,0.0,2.0,2.0,2.0,0.0,0.0,1.0,2.0,0.0,2.0,2.0,0.0,0.0,0.0,1.0,4.0,0.0,-1.0,0.0,0.0,0.0,0.0,0.0,1.0,0.0,0.0,0.0,0.0,0.0,1.0,1
2.9135580743503464,0.3814866760168303,3.6129032258064515,217.0,84.0,23.25,0.10714285714285714,0.3870967741935484,28.0,0.0,7.75,0.0,28.0,0.0,7.75,0.0,0.0,0.0,0.0,0.0,0.0,0.0,0.0,0.0,0.0,0.0,7.75,3.0,0.0,0.0,0.0,3.0,0.0,0.0,3.0,28.0,0.0,-1.0,0.0,0.0,0.0,2.0,3.0,3.0,0.0,0.0,1.0,3.0,0.0,0.0,0.0,0.0,3.0,1.0,0.0,3.0,0.0,0.0,1.0,0.0,0.0,3.0,0.0,0.0,0.0,0.0,3.0,-1.0,0.0,0.0,0.0,0.0,1.0,0.0,0.0,0.0,0.0,0.0,0.0,0.0,0.0,0.0,1.0,0.0,0.0,0.0,0.0,0.0,0.0,1
2.008742674471364,0.3856942496493689,0.775,4960.0,62.0,80.0,0.016129032258064516,0.0125,62.0,80.0,80.0,62.0,0.0,80.0,0.0,0.0,0.0,0.0,62.0,0.0,0.0,0.0,0.0,0.0,0.0,0.0,0.0,1.0,0.0,0.0,0.0,1.0,1.0,1.0,1.0,0.0,0.0,0.0,1.0,0.0,0.0,1.0,0.0,1.0,-1.0,0.0,0.0,1.0,0.0,1.0,-1.0,0.0,1.0,1.0,2.0,1.0,0.0,0.0,0.0,1.0,0.0,0.0,0.0,1.0,0.0,0.0,2.0,1.0,0.0,0.0,1.0,0.0,0.0,0.0,0.0,0.0,1.0,0.0,0.0,0.0,0.0,0.0,1.0,0.0,0.0,0.0,0.0,0.0,0.0,1
1.8275571592879478,0.3764044943820224,1.0377606508834802,216.813,45.0,43.3626,0.2,0.20755213017669605,15.0,0.0,14.4542,0.0,0.0,14.4542,0.0,14.4542,14.4542,15.0,15.0,0.06918404339223201,0.0,15.0,0.0,1.0,0.0,2.0,0.0,3.0,15.0,1.0,0.0,2.0,2.0,0.0,2.0,0.0,-1.0,0.0,2.0,0.0,0.0,3.0,2.0,4.0,-1.0,3.0,0.0,3.0,0.0,1.0,0.0,1.0,4.0,1.0,1.0,3.0,0.0,0.0,0.0,1.0,0.0,0.0,3.0,3.0,1.0,0.0,4.0,1.0,0.0,0.0,0.0,1.0,0.0,1.0,0.0,0.0,0.0,0.0,0.0,1.0,1.0,0.0,1.0,0.0,1.0,0.0,0.0,0.0,0.0,1
3.243865645116643,0.3884993080508711,0.04426666666666666,15.5625,1.66,37.5,2.4096385542168677,0.10666666666666667,0.83,18.75,18.75,0.83,0.83,0.0,18.75,18.75,0.0,0.83,0.0,0.05333333333333334,0.83,0.83,0.05333333333333334,2.0,18.75,1.0,0.0,2.0,0.0,1.0,0.83,2.0,1.0,2.0,1.0,0.0,1.0,1.0,0.0,1.0,1.0,2.0,2.0,3.0,1.0,2.0,1.0,3.0,1.0,1.0,1.0,0.0,2.0,0.0,1.0,1.0,1.0,1.0,0.0,0.0,1.0,2.0,0.0,0.0,-1.0,2.0,2.0,0.0,1.0,0.0,1.0,1.0,0.0,0.0,2.0,1.0,0.0,0.0,1.0,0.0,0.0,0.0,1.0,0.0,0.0,0.0,0.0,0.0,0.0,1
2.9544559768141676,0.3884992987377279,3.8731809882144637,202.4176,84.0,21.6876,0.10714285714285714,0.41498367730869257,28.0,0.0,7.2292,0.0,28.0,0.0,7.2292,0.0,7.2292,0.0,0.0,0.0,0.0,0.0,0.0,0.0,0.0,1.0,0.0,3.0,28.0,1.0,0.0,2.0,0.0,0.0,3.0,0.0,-1.0,0.0,1.0,0.0,-1.0,3.0,3.0,3.0,0.0,0.0,0.0,3.0,0.0,0.0,0.0,0.0,4.0,0.0,0.0,3.0,0.0,0.0,0.0,0.0,0.0,3.0,3.0,0.0,0.0,0.0,3.0,0.0,0.0,0.0,0.0,0.0,0.0,1.0,0.0,0.0,-1.0,0.0,0.0,0.0,0.0,0.0,1.0,0.0,0.0,0.0,0.0,0.0,1.0,0
2.742337605845008,0.3764044943820224,2.9283695347712055,180.64659999999998,69.0,23.5626,0.13043478260869565,0.3819612436658094,23.0,7.8542,7.8542,23.0,23.0,0.0,7.8542,0.0,0.0,0.0,0.0,0.0,0.0,0.0,0.0,0.0,0.0,0.0,0.0,3.0,0.0,0.0,0.0,3.0,0.0,3.0,3.0,0.0,0.0,0.0,0.0,0.0,0.0,3.0,3.0,3.0,0.0,0.0,0.0,3.0,0.0,0.0,0.0,0.0,3.0,0.0,1.0,3.0,0.0,0.0,0.0,0.0,0.0,3.0,0.0,0.0,-1.0,0.0,3.0,0.0,0.0,0.0,1.0,0.0,0.0,0.0,0.0,1.0,0.0,0.0,0.0,0.0,0.0,0.0,1.0,0.0,0.0,0.0,0.0,0.0,0.0,0
2.42263972823961,0.3856942496493689,2.1686746987951806,149.4,54.0,24.900000000000002,0.16666666666666666,0.36144578313253006,18.0,8.3,8.3,18.0,18.0,0.0,8.3,0.0,0.0,0.0,0.0,0.0,0.0,0.0,0.0,0.0,0.0,0.0,0.0,3.0,0.0,0.0,0.0,3.0,0.0,3.0,3.0,0.0,0.0,0.0,0.0,0.0,0.0,3.0,3.0,3.0,0.0,0.0,0.0,3.0,0.0,0.0,0.0,0.0,3.0,0.0,1.0,3.0,0.0,0.0,0.0,0.0,0.0,3.0,0.0,0.0,-1.0,0.0,3.0,0.0,0.0,0.0,1.0,0.0,0.0,0.0,0.0,1.0,0.0,0.0,0.0,0.0,0.0,0.0,1.0,0.0,0.0,0.0,0.0,0.0,0.0,0
2.495052689808409,0.3764044943820224,0.4689850562120678,3243.1737,39.0,83.1583,0.02564102564102564,0.012025257851591482,39.0,0.0,83.1583,0.0,0.0,83.1583,0.0,83.1583,83.1583,39.0,39.0,0.012025257851591482,39.0,39.0,0.012025257851591482,2.0,83.1583,2.0,0.0,1.0,39.0,2.0,39.0,0.0,2.0,0.0,0.0,0.0,0.0,1.0,2.0,1.0,0.0,1.0,0.0,2.0,0.0,1.0,1.0,2.0,0.0,2.0,0.0,0.0,2.0,1.0,1.0,0.0,1.0,0.0,0.0,1.0,1.0,0.0,1.0,1.0,1.0,1.0,2.0,1.0,0.0,1.0,0.0,1.0,0.0,1.0,1.0,0.0,0.0,1.0,0.0,1.0,1.0,0.0,1.0,0.0,1.0,0.0,0.0,0.0,0.0,1
2.5611023385881233,0.3870967741935484,2.4242424242424243,181.9125,63.0,25.987499999999997,0.14285714285714285,0.34632034632034636,21.0,8.6625,8.6625,21.0,21.0,0.0,8.6625,0.0,0.0,0.0,0.0,0.0,0.0,0.0,0.0,0.0,0.0,0.0,0.0,3.0,0.0,0.0,0.0,3.0,0.0,3.0,3.0,0.0,0.0,0.0,0.0,0.0,0.0,3.0,3.0,3.0,0.0,0.0,0.0,3.0,0.0,0.0,0.0,0.0,3.0,0.0,1.0,3.0,0.0,0.0,0.0,0.0,0.0,3.0,0.0,0.0,-1.0,0.0,3.0,0.0,0.0,0.0,1.0,0.0,0.0,0.0,0.0,1.0,0.0,0.0,0.0,0.0,0.0,0.0,1.0,0.0,0.0,0.0,0.0,0.0,0.0,0
2.8893830656961605,0.3764044943820224,3.4782608695652173,225.40000000000003,84.0,24.150000000000002,0.10714285714285714,0.37267080745341613,28.0,8.05,8.05,28.0,28.0,0.0,8.05,0.0,0.0,0.0,0.0,0.0,0.0,0.0,0.0,0.0,0.0,0.0,0.0,3.0,0.0,0.0,0.0,3.0,0.0,3.0,3.0,0.0,0.0,0.0,0.0,0.0,0.0,3.0,3.0,3.0,0.0,0.0,0.0,3.0,0.0,0.0,0.0,0.0,3.0,0.0,1.0,3.0,0.0,0.0,0.0,0.0,0.0,3.0,0.0,0.0,-1.0,0.0,3.0,0.0,0.0,0.0,1.0,0.0,0.0,0.0,0.0,1.0,0.0,0.0,0.0,0.0,0.0,0.0,1.0,0.0,0.0,0.0,0.0,0.0,0.0,0
2.2856232699163166,0.3884995300416907,0.5664137865115637,1807.8656,96.0,169.4874,0.09375,0.05310129248545909,32.0,56.4958,56.4958,32.0,32.0,0.0,56.4958,0.0,0.0,0.0,0.0,0.0,0.0,0.0,0.0,0.0,0.0,0.0,0.0,3.0,0.0,0.0,0.0,3.0,0.0,3.0,3.0,0.0,0.0,0.0,0.0,0.0,0.0,3.0,3.0,3.0,0.0,0.0,0.0,3.0,0.0,0.0,0.0,0.0,3.0,0.0,1.0,3.0,0.0,0.0,0.0,0.0,0.0,3.0,0.0,0.0,-1.0,0.0,3.0,0.0,0.0,0.0,1.0,0.0,0.0,0.0,0.0,1.0,0.0,0.0,0.0,0.0,0.0,0.0,1.0,0.0,0.0,0.0,0.0,0.0,0.0,1
1.9212864945580976,0.3870967741935484,0.9427609427609428,831.6,28.0,29.7,0.03571428571428571,0.03367003367003367,28.0,0.0,29.7,0.0,28.0,0.0,29.7,0.0,29.7,0.0,0.0,0.0,0.0,0.0,0.0,0.0,0.0,1.0,0.0,1.0,28.0,1.0,0.0,0.0,0.0,0.0,1.0,0.0,-1.0,0.0,1.0,0.0,-1.0,1.0,1.0,1.0,0.0,0.0,0.0,1.0,0.0,0.0,0.0,0.0,2.0,0.0,0.0,1.0,0.0,0.0,0.0,0.0,0.0,1.0,1.0,0.0,0.0,0.0,1.0,0.0,0.0,0.0,0.0,0.0,0.0,1.0,0.0,0.0,-1.0,0.0,0.0,0.0,0.0,0.0,1.0,0.0,0.0,0.0,0.0,0.0,1.0,1
2.5914999174129183,0.3764044943820224,2.5236593059936907,158.5,60.0,23.775,0.15,0.37854889589905366,20.0,7.925,7.925,20.0,20.0,0.0,7.925,0.0,0.0,0.0,0.0,0.0,0.0,0.0,0.0,0.0,0.0,0.0,0.0,3.0,0.0,0.0,0.0,3.0,0.0,3.0,3.0,0.0,0.0,0.0,0.0,0.0,0.0,3.0,3.0,3.0,0.0,0.0,0.0,3.0,0.0,0.0,0.0,0.0,3.0,0.0,1.0,3.0,0.0,0.0,0.0,0.0,0.0,3.0,0.0,0.0,-1.0,0.0,3.0,0.0,0.0,0.0,1.0,0.0,0.0,0.0,0.0,1.0,0.0,0.0,0.0,0.0,0.0,0.0,1.0,0.0,0.0,0.0,0.0,0.0,0.0,0
2.092230233486234,0.3856942474884025,1.5238095238095237,168.0,32.0,21.0,0.125,0.19047619047619047,16.0,10.5,10.5,16.0,16.0,0.0,10.5,0.0,0.0,0.0,0.0,0.0,0.0,0.0,0.0,0.0,0.0,0.0,0.0,2.0,0.0,0.0,0.0,2.0,0.0,2.0,2.0,0.0,0.0,0.0,0.0,0.0,0.0,2.0,2.0,2.0,0.0,0.0,0.0,2.0,0.0,0.0,0.0,0.0,2.0,0.0,1.0,2.0,0.0,0.0,0.0,0.0,0.0,2.0,0.0,0.0,-1.0,0.0,2.0,0.0,0.0,0.0,1.0,0.0,0.0,0.0,0.0,1.0,0.0,0.0,0.0,0.0,0.0,0.0,1.0,0.0,0.0,0.0,0.0,0.0,0.0,0
1.9185614727730915,0.3764044922731047,0.967741935483871,930.0,30.0,31.0,0.03333333333333333,0.03225806451612903,30.0,0.0,31.0,0.0,0.0,31.0,0.0,0.0,31.0,0.0,30.0,0.0,0.0,0.0,0.0,0.0,0.0,1.0,0.0,1.0,30.0,1.0,0.0,0.0,1.0,0.0,1.0,0.0,-1.0,0.0,2.0,0.0,-1.0,1.0,0.0,1.0,-1.0,0.0,0.0,1.0,0.0,1.0,-1.0,0.0,2.0,1.0,1.0,1.0,0.0,0.0,0.0,1.0,0.0,0.0,1.0,1.0,1.0,0.0,2.0,1.0,0.0,0.0,0.0,0.0,0.0,1.0,0.0,0.0,0.0,0.0,0.0,0.0,0.0,0.0,1.0,0.0,1.0,0.0,0.0,0.0,0.0,1
3.111232001239826,0.3856942496493689,5.359223300970874,222.09375,103.5,19.3125,0.08695652173913043,0.46601941747572817,34.5,0.0,6.4375,0.0,34.5,0.0,6.4375,0.0,6.4375,0.0,0.0,0.0,0.0,0.0,0.0,0.0,0.0,1.0,0.0,3.0,34.5,1.0,0.0,2.0,0.0,0.0,3.0,0.0,-1.0,0.0,1.0,0.0,-1.0,3.0,3.0,3.0,0.0,0.0,0.0,3.0,0.0,0.0,0.0,0.0,4.0,0.0,0.0,3.0,0.0,0.0,0.0,0.0,0.0,3.0,3.0,0.0,0.0,0.0,3.0,0.0,0.0,0.0,0.0,0.0,0.0,1.0,0.0,0.0,-1.0,0.0,0.0,0.0,0.0,0.0,1.0,0.0,0.0,0.0,0.0,0.0,1.0,0
2.306452427561456,0.3870967741935484,1.9624819624819625,147.2625,51.0,25.987499999999997,0.17647058823529413,0.34632034632034636,17.0,8.6625,8.6625,17.0,17.0,0.0,8.6625,0.0,0.0,0.0,0.0,0.0,0.0,0.0,0.0,0.0,0.0,0.0,0.0,3.0,0.0,0.0,0.0,3.0,0.0,3.0,3.0,0.0,0.0,0.0,0.0,0.0,0.0,3.0,3.0,3.0,0.0,0.0,0.0,3.0,0.0,0.0,0.0,0.0,3.0,0.0,1.0,3.0,0.0,0.0,0.0,0.0,0.0,3.0,0.0,0.0,-1.0,0.0,3.0,0.0,0.0,0.0,1.0,0.0,0.0,0.0,0.0,1.0,0.0,0.0,0.0,0.0,0.0,0.0,1.0,0.0,0.0,0.0,0.0,0.0,0.0,0
3.1328250761557226,0.3764044943820224,5.562913907284768,317.09999999999997,126.0,22.65,0.07142857142857142,0.3973509933774835,42.0,7.55,7.55,42.0,42.0,0.0,7.55,0.0,0.0,0.0,0.0,0.0,0.0,0.0,0.0,0.0,0.0,0.0,0.0,3.0,0.0,0.0,0.0,3.0,0.0,3.0,3.0,0.0,0.0,0.0,0.0,0.0,0.0,3.0,3.0,3.0,0.0,0.0,0.0,3.0,0.0,0.0,0.0,0.0,3.0,0.0,1.0,3.0,0.0,0.0,0.0,0.0,0.0,3.0,0.0,0.0,-1.0,0.0,3.0,0.0,0.0,0.0,1.0,0.0,0.0,0.0,0.0,1.0,0.0,0.0,0.0,0.0,0.0,0.0,1.0,0.0,0.0,0.0,0.0,0.0,0.0,0
2.6167181543658313,0.3870967306315501,0.402588066139468,1947.3999999999999,84.0,208.64999999999998,0.10714285714285714,0.043134435657800146,28.0,69.55,69.55,28.0,28.0,0.0,69.55,556.4,0.0,224.0,0.0,0.11502516175413371,56.0,3.5,0.02875629043853343,10.0,139.1,8.0,0.0,3.0,0.0,2.0,14.0,3.0,8.0,3.0,-5.0,0.0,2.0,2.0,0.0,16.0,8.0,3.0,3.0,11.0,2.0,0.375,2.0,5.0,8.0,2.0,8.0,6.0,3.0,0.0,1.0,1.0,4.0,2.0,0.0,0.0,2.0,3.0,0.0,0.0,-1.0,1.5,3.0,0.0,2.0,0.0,1.0,8.0,0.0,0.0,6.0,1.0,0.0,0.0,8.0,0.0,0.0,0.0,1.0,0.0,0.0,0.0,0.0,0.0,0.0,0
3.0385987428542385,0.3884992987377279,4.432736391499278,276.353,105.0,23.6874,0.08571428571428572,0.379948833557081,35.0,0.0,7.8958,0.0,35.0,0.0,7.8958,0.0,7.8958,0.0,0.0,0.0,0.0,0.0,0.0,0.0,0.0,1.0,0.0,3.0,35.0,1.0,0.0,2.0,0.0,0.0,3.0,0.0,-1.0,0.0,1.0,0.0,-1.0,3.0,3.0,3.0,0.0,0.0,0.0,3.0,0.0,0.0,0.0,0.0,4.0,0.0,0.0,3.0,0.0,0.0,0.0,0.0,0.0,3.0,3.0,0.0,0.0,0.0,3.0,0.0,0.0,0.0,0.0,0.0,0.0,1.0,0.0,0.0,-1.0,0.0,0.0,0.0,0.0,0.0,1.0,0.0,0.0,0.0,0.0,0.0,1.0,0
1.948890757518995,0.3870967776275203,0.8484848484848485,924.0,56.0,66.0,0.07142857142857142,0.06060606060606061,28.0,33.0,33.0,28.0,28.0,0.0,33.0,0.0,0.0,0.0,0.0,0.0,28.0,0.0,0.030303030303030304,1.0,33.0,0.0,0.0,2.0,0.0,1.0,28.0,2.0,0.0,2.0,2.0,0.0,1.0,1.0,0.0,0.0,0.0,2.0,2.0,2.0,1.0,0.0,1.0,3.0,0.0,1.0,0.0,-1.0,2.0,0.0,1.0,1.0,0.0,1.0,0.0,0.0,1.0,2.0,0.0,0.0,-1.0,2.0,2.0,0.0,1.0,0.0,1.0,0.0,0.0,0.0,2.0,1.0,0.0,0.0,0.0,0.0,0.0,0.0,1.0,0.0,0.0,0.0,0.0,0.0,0.0,0
2.86096313355533,0.3764044978759011,0.3142388349819649,2494.9176,28.0,89.1042,0.03571428571428571,0.011222815535070176,28.0,0.0,89.1042,0.0,0.0,89.1042,0.0,89.1042,89.1042,28.0,28.0,0.011222815535070176,0.0,28.0,0.0,1.0,0.0,2.0,0.0,1.0,28.0,1.0,0.0,0.0,2.0,0.0,0.0,0.0,-1.0,0.0,2.0,0.0,0.0,1.0,0.0,2.0,-1.0,1.0,0.0,1.0,0.0,1.0,0.0,1.0,2.0,1.0,1.0,1.0,0.0,0.0,0.0,1.0,0.0,0.0,1.0,1.0,1.0,0.0,2.0,1.0,0.0,0.0,0.0,1.0,0.0,1.0,0.0,0.0,0.0,0.0,0.0,1.0,1.0,0.0,1.0,0.0,1.0,0.0,0.0,0.0,0.0,1
3.1488730700774026,0.3884991798949273,0.1278976818545164,125.1,12.0,93.82499999999999,0.75,0.09592326139088729,4.0,31.275,31.275,4.0,4.0,0.0,31.275,125.1,0.0,16.0,0.0,0.1278976818545164,8.0,1.0,0.0639488409272582,6.0,62.55,4.0,0.0,3.0,0.0,2.0,2.0,3.0,4.0,3.0,-1.0,0.0,2.0,2.0,0.0,8.0,4.0,3.0,3.0,7.0,2.0,0.75,2.0,5.0,4.0,2.0,4.0,2.0,3.0,0.0,1.0,1.0,2.0,2.0,0.0,0.0,2.0,3.0,0.0,0.0,-1.0,1.5,3.0,0.0,2.0,0.0,1.0,4.0,0.0,0.0,6.0,1.0,0.0,0.0,4.0,0.0,0.0,0.0,1.0,0.0,0.0,0.0,0.0,0.0,0.0,0
3.2518911732226465,0.3870967741935484,9.517684887459806,575.35,222.0,23.325000000000003,0.04054054054054054,0.3858520900321543,74.0,7.775,7.775,74.0,74.0,0.0,7.775,0.0,0.0,0.0,0.0,0.0,0.0,0.0,0.0,0.0,0.0,0.0,0.0,3.0,0.0,0.0,0.0,3.0,0.0,3.0,3.0,0.0,0.0,0.0,0.0,0.0,0.0,3.0,3.0,3.0,0.0,0.0,0.0,3.0,0.0,0.0,0.0,0.0,3.0,0.0,1.0,3.0,0.0,0.0,0.0,0.0,0.0,3.0,0.0,0.0,-1.0,0.0,3.0,0.0,0.0,0.0,1.0,0.0,0.0,0.0,0.0,1.0,0.0,0.0,0.0,0.0,0.0,0.0,1.0,0.0,0.0,0.0,0.0,0.0,0.0,0
2.147168440103622,0.3764044922731047,0.590326516155269,137.2122,27.0,45.737399999999994,0.3333333333333333,0.19677550538508967,9.0,0.0,15.2458,0.0,0.0,15.2458,0.0,15.2458,15.2458,9.0,9.0,0.06559183512836322,9.0,9.0,0.06559183512836322,2.0,15.2458,2.0,0.0,3.0,9.0,2.0,9.0,2.0,2.0,0.0,2.0,0.0,0.0,1.0,2.0,1.0,0.0,3.0,2.0,4.0,0.0,3.0,1.0,4.0,0.0,2.0,0.0,0.0,4.0,1.0,1.0,2.0,1.0,0.0,0.0,1.0,1.0,0.0,3.0,3.0,1.0,3.0,4.0,1.0,0.0,1.0,0.0,1.0,0.0,1.0,3.0,0.0,0.0,1.0,0.0,1.0,1.0,0.0,1.0,0.0,1.0,0.0,0.0,0.0,0.0,0
2.643483452558259,0.3764044943820224,0.40609137055837563,630.4,16.0,39.4,0.0625,0.025380710659898477,16.0,39.4,39.4,16.0,0.0,39.4,0.0,0.0,0.0,0.0,16.0,0.0,16.0,0.0,0.025380710659898477,1.0,39.4,0.0,0.0,1.0,0.0,1.0,16.0,1.0,1.0,1.0,1.0,0.0,1.0,1.0,1.0,0.0,0.0,1.0,0.0,1.0,0.0,0.0,1.0,2.0,0.0,2.0,-1.0,-1.0,1.0,1.0,2.0,0.0,0.0,1.0,0.0,1.0,1.0,0.0,0.0,1.0,0.0,1.0,2.0,1.0,0.0,0.0,1.0,0.0,0.0,0.0,1.0,0.0,1.0,1.0,0.0,0.0,0.0,0.0,1.0,0.0,0.0,0.0,0.0,0.0,0.0,1
2.2451804335045327,0.3764044922731047,1.6923076923076923,1144.0,88.0,52.0,0.045454545454545456,0.07692307692307693,44.0,26.0,26.0,44.0,0.0,26.0,0.0,26.0,0.0,44.0,44.0,0.038461538461538464,0.0,44.0,0.0,1.0,0.0,1.0,0.0,2.0,0.0,0.0,0.0,2.0,2.0,2.0,1.0,0.0,0.0,0.0,1.0,0.0,1.0,2.0,1.0,3.0,-1.0,2.0,0.0,2.0,1.0,1.0,0.0,1.0,2.0,1.0,2.0,2.0,0.0,0.0,0.0,1.0,0.0,0.0,0.0,2.0,0.0,0.0,3.0,1.0,0.0,0.0,1.0,1.0,0.0,0.0,0.0,0.0,1.0,0.0,0.0,1.0,0.0,0.0,1.0,0.0,0.0,0.0,0.0,0.0,0.0,0
2.30593843264129,0.3870967741935484,1.9251336898395723,168.29999999999998,54.0,28.049999999999997,0.16666666666666666,0.32085561497326204,18.0,9.35,9.35,18.0,0.0,9.35,0.0,0.0,0.0,0.0,18.0,0.0,18.0,0.0,0.10695187165775401,1.0,9.35,0.0,0.0,3.0,0.0,1.0,18.0,3.0,1.0,3.0,3.0,0.0,1.0,1.0,1.0,0.0,0.0,3.0,2.0,3.0,0.0,0.0,1.0,4.0,0.0,2.0,-1.0,-1.0,3.0,1.0,2.0,2.0,0.0,1.0,0.0,1.0,1.0,0.0,0.0,3.0,0.0,3.0,4.0,1.0,0.0,0.0,1.0,0.0,0.0,0.0,3.0,0.0,1.0,1.0,0.0,0.0,0.0,0.0,1.0,0.0,0.0,0.0,0.0,0.0,0.0,1
2.9553877295887294,0.3870967776275203,0.27294778145010484,7419.0015,45.0,164.8667,0.022222222222222223,0.006065506254446774,45.0,164.8667,164.8667,45.0,0.0,164.8667,0.0,164.8667,0.0,45.0,45.0,0.006065506254446774,45.0,45.0,0.006065506254446774,2.0,164.8667,1.0,0.0,1.0,0.0,1.0,45.0,1.0,2.0,1.0,0.0,0.0,1.0,1.0,1.0,1.0,1.0,1.0,0.0,2.0,0.0,1.0,1.0,2.0,1.0,2.0,0.0,0.0,1.0,1.0,2.0,0.0,1.0,1.0,0.0,1.0,1.0,0.0,0.0,1.0,0.0,1.0,2.0,1.0,0.0,0.0,1.0,1.0,0.0,0.0,1.0,0.0,1.0,1.0,0.0,1.0,0.0,0.0,1.0,0.0,0.0,0.0,0.0,0.0,0.0,1
2.381313500496618,0.3870967741935484,1.9209039548022597,1354.05,51.0,26.55,0.0196078431372549,0.03766478342749529,51.0,26.55,26.55,51.0,51.0,0.0,26.55,0.0,0.0,0.0,0.0,0.0,0.0,0.0,0.0,0.0,0.0,0.0,0.0,1.0,0.0,0.0,0.0,1.0,0.0,1.0,1.0,0.0,0.0,0.0,0.0,0.0,0.0,1.0,1.0,1.0,0.0,0.0,0.0,1.0,0.0,0.0,0.0,0.0,1.0,0.0,1.0,1.0,0.0,0.0,0.0,0.0,0.0,1.0,0.0,0.0,-1.0,0.0,1.0,0.0,0.0,0.0,1.0,0.0,0.0,0.0,0.0,1.0,0.0,0.0,0.0,0.0,0.0,0.0,1.0,0.0,0.0,0.0,0.0,0.0,0.0,1
1.9180255875449224,0.3814866854367755,1.2462159172928038,462.19919999999996,72.0,57.774899999999995,0.125,0.15577698966160047,24.0,0.0,19.2583,0.0,0.0,19.2583,0.0,0.0,19.2583,0.0,24.0,0.0,72.0,0.0,0.15577698966160047,3.0,57.774899999999995,1.0,0.0,3.0,24.0,4.0,8.0,2.0,1.0,0.0,3.0,0.0,2.0,3.0,2.0,0.0,-1.0,3.0,2.0,3.0,2.0,0.0,3.0,6.0,0.0,4.0,-1.0,-3.0,4.0,1.0,1.0,0.0,0.0,0.0,0.0,1.0,3.0,0.0,3.0,3.0,1.0,1.0,4.0,1.0,0.0,3.0,0.0,0.0,0.0,1.0,9.0,0.0,0.0,3.0,0.0,0.0,0.0,0.0,1.0,0.0,1.0,0.0,0.0,0.0,0.0,1
2.9544434130318877,0.3870967741935484,3.8731809882144637,202.4176,84.0,21.6876,0.10714285714285714,0.41498367730869257,28.0,0.0,7.2292,0.0,28.0,0.0,7.2292,0.0,7.2292,0.0,0.0,0.0,0.0,0.0,0.0,0.0,0.0,1.0,0.0,3.0,28.0,1.0,0.0,2.0,0.0,0.0,3.0,0.0,-1.0,0.0,1.0,0.0,-1.0,3.0,3.0,3.0,0.0,0.0,0.0,3.0,0.0,0.0,0.0,0.0,4.0,0.0,0.0,3.0,0.0,0.0,0.0,0.0,0.0,3.0,3.0,0.0,0.0,0.0,3.0,0.0,0.0,0.0,0.0,0.0,0.0,1.0,0.0,0.0,-1.0,0.0,0.0,0.0,0.0,0.0,1.0,0.0,0.0,0.0,0.0,0.0,1.0,0
2.781572835716973,0.3884992987377279,2.9060907409113783,578.4403,123.0,42.3249,0.07317073170731707,0.21264078592034477,41.0,14.1083,14.1083,41.0,41.0,0.0,14.1083,28.2166,0.0,82.0,0.0,0.1417605239468965,0.0,20.5,0.0,2.0,0.0,2.0,0.0,3.0,0.0,0.0,0.0,3.0,2.0,3.0,1.0,0.0,0.0,0.0,0.0,0.0,2.0,3.0,3.0,5.0,0.0,1.5,0.0,3.0,2.0,0.0,2.0,2.0,3.0,0.0,1.0,3.0,0.0,0.0,0.0,0.0,0.0,3.0,0.0,0.0,-1.0,0.0,3.0,0.0,0.0,0.0,1.0,2.0,0.0,0.0,0.0,1.0,0.0,0.0,2.0,0.0,0.0,0.0,1.0,0.0,0.0,0.0,0.0,0.0,0.0,0
2.306406089797556,0.3870967741935484,1.826086956521739,241.5,42.0,23.0,0.09523809523809523,0.17391304347826086,21.0,11.5,11.5,21.0,21.0,0.0,11.5,11.5,0.0,21.0,0.0,0.08695652173913043,0.0,21.0,0.0,1.0,0.0,1.0,0.0,2.0,0.0,0.0,0.0,2.0,1.0,2.0,1.0,0.0,0.0,0.0,0.0,0.0,1.0,2.0,2.0,3.0,0.0,2.0,0.0,2.0,1.0,0.0,1.0,1.0,2.0,0.0,1.0,2.0,0.0,0.0,0.0,0.0,0.0,2.0,0.0,0.0,-1.0,0.0,2.0,0.0,0.0,0.0,1.0,1.0,0.0,0.0,0.0,1.0,0.0,0.0,1.0,0.0,0.0,0.0,1.0,0.0,0.0,0.0,0.0,0.0,0.0,0
2.341543410229442,0.3870967741935484,1.851194791971985,1244.6016,48.0,25.9292,0.020833333333333332,0.03856655816608302,48.0,25.9292,25.9292,48.0,0.0,25.9292,0.0,0.0,0.0,0.0,48.0,0.0,0.0,0.0,0.0,0.0,0.0,0.0,0.0,1.0,0.0,0.0,0.0,1.0,1.0,1.0,1.0,0.0,0.0,0.0,1.0,0.0,0.0,1.0,0.0,1.0,-1.0,0.0,0.0,1.0,0.0,1.0,-1.0,0.0,1.0,1.0,2.0,1.0,0.0,0.0,0.0,1.0,0.0,0.0,0.0,1.0,0.0,0.0,2.0,1.0,0.0,0.0,1.0,0.0,0.0,0.0,0.0,0.0,1.0,0.0,0.0,0.0,0.0,0.0,1.0,0.0,0.0,0.0,0.0,0.0,0.0,1
2.6167181543658313,0.3870967306315501,0.402588066139468,1947.3999999999999,84.0,208.64999999999998,0.10714285714285714,0.043134435657800146,28.0,69.55,69.55,28.0,0.0,69.55,0.0,556.4,0.0,224.0,28.0,0.11502516175413371,56.0,3.5,0.02875629043853343,10.0,139.1,8.0,0.0,3.0,0.0,2.0,14.0,3.0,9.0,3.0,-5.0,0.0,2.0,2.0,1.0,16.0,8.0,3.0,2.0,11.0,1.0,0.375,2.0,5.0,8.0,3.0,7.0,6.0,3.0,1.0,2.0,1.0,4.0,2.0,0.0,1.0,2.0,0.0,0.0,3.0,0.0,1.5,4.0,1.0,0.0,0.0,1.0,8.0,0.0,0.0,6.0,0.0,1.0,2.0,0.0,8.0,0.0,0.0,1.0,0.0,0.0,0.0,0.0,0.0,0.0,0
2.3207619945995073,0.3856942496493689,1.8461538461538463,312.0,48.0,26.0,0.08333333333333333,0.15384615384615385,24.0,13.0,13.0,24.0,24.0,0.0,13.0,0.0,0.0,0.0,0.0,0.0,0.0,0.0,0.0,0.0,0.0,0.0,0.0,2.0,0.0,0.0,0.0,2.0,0.0,2.0,2.0,0.0,0.0,0.0,0.0,0.0,0.0,2.0,2.0,2.0,0.0,0.0,0.0,2.0,0.0,0.0,0.0,0.0,2.0,0.0,1.0,2.0,0.0,0.0,0.0,0.0,0.0,2.0,0.0,0.0,-1.0,0.0,2.0,0.0,0.0,0.0,1.0,0.0,0.0,0.0,0.0,1.0,0.0,0.0,0.0,0.0,0.0,0.0,1.0,0.0,0.0,0.0,0.0,0.0,0.0,0
2.8698636331688894,0.3856942496493689,3.230769230769231,546.0,84.0,26.0,0.047619047619047616,0.15384615384615385,42.0,13.0,13.0,42.0,0.0,13.0,0.0,0.0,0.0,0.0,42.0,0.0,0.0,0.0,0.0,0.0,0.0,0.0,0.0,2.0,0.0,0.0,0.0,2.0,1.0,2.0,2.0,0.0,0.0,0.0,1.0,0.0,0.0,2.0,1.0,2.0,-1.0,0.0,0.0,2.0,0.0,1.0,-1.0,0.0,2.0,1.0,2.0,2.0,0.0,0.0,0.0,1.0,0.0,0.0,0.0,2.0,0.0,0.0,3.0,1.0,0.0,0.0,1.0,0.0,0.0,0.0,0.0,0.0,1.0,0.0,0.0,0.0,0.0,0.0,1.0,0.0,0.0,0.0,0.0,0.0,0.0,1
2.388444517284482,0.3814866760168303,1.9482909159132074,374.1741,54.0,27.7166,0.07407407407407407,0.14431784562320055,27.0,0.0,13.8583,0.0,0.0,13.8583,0.0,13.8583,13.8583,27.0,27.0,0.07215892281160027,0.0,27.0,0.0,1.0,0.0,2.0,0.0,2.0,27.0,1.0,0.0,1.0,2.0,0.0,1.0,0.0,-1.0,0.0,2.0,0.0,0.0,2.0,1.0,3.0,-1.0,2.0,0.0,2.0,0.0,1.0,0.0,1.0,3.0,1.0,1.0,2.0,0.0,0.0,0.0,1.0,0.0,0.0,2.0,2.0,1.0,0.0,3.0,1.0,0.0,0.0,0.0,1.0,0.0,1.0,0.0,0.0,0.0,0.0,0.0,1.0,1.0,0.0,1.0,0.0,1.0,0.0,0.0,0.0,0.0,1
2.207510908728533,0.3884992987377279,0.6139124442032803,1565.3698000000002,31.0,50.4958,0.03225806451612903,0.01980362723236388,31.0,50.4958,50.4958,31.0,31.0,0.0,50.4958,0.0,0.0,0.0,0.0,0.0,0.0,0.0,0.0,0.0,0.0,0.0,0.0,1.0,0.0,0.0,0.0,1.0,0.0,1.0,1.0,0.0,0.0,0.0,0.0,0.0,0.0,1.0,1.0,1.0,0.0,0.0,0.0,1.0,0.0,0.0,0.0,0.0,1.0,0.0,1.0,1.0,0.0,0.0,0.0,0.0,0.0,1.0,0.0,0.0,-1.0,0.0,1.0,0.0,0.0,0.0,1.0,0.0,0.0,0.0,0.0,1.0,0.0,0.0,0.0,0.0,0.0,0.0,1.0,0.0,0.0,0.0,0.0,0.0,0.0,0
2.768443402655934,0.3870967741935484,2.9473684210526314,266.0,84.0,28.5,0.10714285714285714,0.3157894736842105,28.0,9.5,9.5,28.0,28.0,0.0,9.5,0.0,0.0,0.0,0.0,0.0,0.0,0.0,0.0,0.0,0.0,0.0,0.0,3.0,0.0,0.0,0.0,3.0,0.0,3.0,3.0,0.0,0.0,0.0,0.0,0.0,0.0,3.0,3.0,3.0,0.0,0.0,0.0,3.0,0.0,0.0,0.0,0.0,3.0,0.0,1.0,3.0,0.0,0.0,0.0,0.0,0.0,3.0,0.0,0.0,-1.0,0.0,3.0,0.0,0.0,0.0,1.0,0.0,0.0,0.0,0.0,1.0,0.0,0.0,0.0,0.0,0.0,0.0,1.0,0.0,0.0,0.0,0.0,0.0,0.0,0
2.5265842527683837,0.3856942530911989,0.35928251282189466,44.5332,12.0,33.3999,0.75,0.269461884616421,4.0,11.1333,11.1333,4.0,4.0,0.0,11.1333,11.1333,0.0,4.0,0.0,0.08982062820547367,4.0,4.0,0.08982062820547367,2.0,11.1333,1.0,0.0,3.0,0.0,1.0,4.0,3.0,1.0,3.0,2.0,0.0,1.0,1.0,0.0,1.0,1.0,3.0,3.0,4.0,1.0,3.0,1.0,4.0,1.0,1.0,1.0,0.0,3.0,0.0,1.0,2.0,1.0,1.0,0.0,0.0,1.0,3.0,0.0,0.0,-1.0,3.0,3.0,0.0,1.0,0.0,1.0,1.0,0.0,0.0,3.0,1.0,0.0,0.0,1.0,0.0,0.0,0.0,1.0,0.0,0.0,0.0,0.0,0.0,0.0,1
2.845332851410428,0.3870967741935484,3.292889890828035,205.29080000000002,78.0,23.6874,0.11538461538461539,0.379948833557081,26.0,7.8958,7.8958,26.0,26.0,0.0,7.8958,0.0,0.0,0.0,0.0,0.0,0.0,0.0,0.0,0.0,0.0,0.0,0.0,3.0,0.0,0.0,0.0,3.0,0.0,3.0,3.0,0.0,0.0,0.0,0.0,0.0,0.0,3.0,3.0,3.0,0.0,0.0,0.0,3.0,0.0,0.0,0.0,0.0,3.0,0.0,1.0,3.0,0.0,0.0,0.0,0.0,0.0,3.0,0.0,0.0,-1.0,0.0,3.0,0.0,0.0,0.0,1.0,0.0,0.0,0.0,0.0,1.0,0.0,0.0,0.0,0.0,0.0,0.0,1.0,0.0,0.0,0.0,0.0,0.0,0.0,0
1.9380579180395232,0.3884993021638418,0.894314821650791,2470.0474,47.0,52.5542,0.02127659574468085,0.019027974928740234,47.0,52.5542,52.5542,47.0,0.0,52.5542,0.0,52.5542,0.0,47.0,47.0,0.019027974928740234,47.0,47.0,0.019027974928740234,2.0,52.5542,1.0,0.0,1.0,0.0,1.0,47.0,1.0,2.0,1.0,0.0,0.0,1.0,1.0,1.0,1.0,1.0,1.0,0.0,2.0,0.0,1.0,1.0,2.0,1.0,2.0,0.0,0.0,1.0,1.0,2.0,0.0,1.0,1.0,0.0,1.0,1.0,0.0,0.0,1.0,0.0,1.0,2.0,1.0,0.0,0.0,1.0,1.0,0.0,0.0,1.0,0.0,1.0,1.0,0.0,1.0,0.0,0.0,1.0,0.0,0.0,0.0,0.0,0.0,0.0,1
3.192901820157732,0.3870967741935484,6.6,165.0,33.0,5.0,0.030303030303030304,0.2,33.0,5.0,5.0,33.0,33.0,0.0,5.0,0.0,0.0,0.0,0.0,0.0,0.0,0.0,0.0,0.0,0.0,0.0,0.0,1.0,0.0,0.0,0.0,1.0,0.0,1.0,1.0,0.0,0.0,0.0,0.0,0.0,0.0,1.0,1.0,1.0,0.0,0.0,0.0,1.0,0.0,0.0,0.0,0.0,1.0,0.0,1.0,1.0,0.0,0.0,0.0,0.0,0.0,1.0,0.0,0.0,-1.0,0.0,1.0,0.0,0.0,0.0,1.0,0.0,0.0,0.0,0.0,1.0,0.0,0.0,0.0,0.0,0.0,0.0,1.0,0.0,0.0,0.0,0.0,0.0,0.0,0
3.1159389415501137,0.3884992987377279,5.222222222222222,423.0,141.0,27.0,0.06382978723404255,0.3333333333333333,47.0,9.0,9.0,47.0,47.0,0.0,9.0,0.0,0.0,0.0,0.0,0.0,0.0,0.0,0.0,0.0,0.0,0.0,0.0,3.0,0.0,0.0,0.0,3.0,0.0,3.0,3.0,0.0,0.0,0.0,0.0,0.0,0.0,3.0,3.0,3.0,0.0,0.0,0.0,3.0,0.0,0.0,0.0,0.0,3.0,0.0,1.0,3.0,0.0,0.0,0.0,0.0,0.0,3.0,0.0,0.0,-1.0,0.0,3.0,0.0,0.0,0.0,1.0,0.0,0.0,0.0,0.0,1.0,0.0,0.0,0.0,0.0,0.0,0.0,1.0,0.0,0.0,0.0,0.0,0.0,0.0,0
1.940046053980541,0.3814866738794381,1.1666666666666667,672.0,56.0,48.0,0.07142857142857142,0.08333333333333333,28.0,0.0,24.0,0.0,0.0,24.0,0.0,24.0,24.0,28.0,28.0,0.041666666666666664,0.0,28.0,0.0,1.0,0.0,2.0,0.0,2.0,28.0,1.0,0.0,1.0,2.0,0.0,1.0,0.0,-1.0,0.0,2.0,0.0,0.0,2.0,1.0,3.0,-1.0,2.0,0.0,2.0,0.0,1.0,0.0,1.0,3.0,1.0,1.0,2.0,0.0,0.0,0.0,1.0,0.0,0.0,2.0,2.0,1.0,0.0,3.0,1.0,0.0,0.0,0.0,1.0,0.0,1.0,0.0,0.0,0.0,0.0,0.0,1.0,1.0,0.0,1.0,0.0,1.0,0.0,0.0,0.0,0.0,1
2.3341149475332146,0.3870967741935484,2.0761245674740487,108.375,45.0,21.674999999999997,0.2,0.4152249134948097,15.0,0.0,7.225,0.0,0.0,7.225,0.0,0.0,7.225,0.0,15.0,0.0,0.0,0.0,0.0,0.0,0.0,1.0,0.0,3.0,15.0,1.0,0.0,2.0,1.0,0.0,3.0,0.0,-1.0,0.0,2.0,0.0,-1.0,3.0,2.0,3.0,-1.0,0.0,0.0,3.0,0.0,1.0,-1.0,0.0,4.0,1.0,1.0,3.0,0.0,0.0,0.0,1.0,0.0,0.0,3.0,3.0,1.0,0.0,4.0,1.0,0.0,0.0,0.0,0.0,0.0,1.0,0.0,0.0,0.0,0.0,0.0,0.0,0.0,0.0,1.0,0.0,1.0,0.0,0.0,0.0,0.0,1
2.3728369348393916,0.3764044922731047,2.0313230006703367,196.916,60.0,29.5374,0.15,0.30469845010055047,20.0,9.8458,9.8458,20.0,20.0,0.0,9.8458,0.0,0.0,0.0,0.0,0.0,0.0,0.0,0.0,0.0,0.0,0.0,0.0,3.0,0.0,0.0,0.0,3.0,0.0,3.0,3.0,0.0,0.0,0.0,0.0,0.0,0.0,3.0,3.0,3.0,0.0,0.0,0.0,3.0,0.0,0.0,0.0,0.0,3.0,0.0,1.0,3.0,0.0,0.0,0.0,0.0,0.0,3.0,0.0,0.0,-1.0,0.0,3.0,0.0,0.0,0.0,1.0,0.0,0.0,0.0,0.0,1.0,0.0,0.0,0.0,0.0,0.0,0.0,1.0,0.0,0.0,0.0,0.0,0.0,0.0,0
2.5370733668555925,0.3764044943820224,2.4063426125281793,150.02020000000002,57.0,23.6874,0.15789473684210525,0.379948833557081,19.0,7.8958,7.8958,19.0,19.0,0.0,7.8958,0.0,0.0,0.0,0.0,0.0,0.0,0.0,0.0,0.0,0.0,0.0,0.0,3.0,0.0,0.0,0.0,3.0,0.0,3.0,3.0,0.0,0.0,0.0,0.0,0.0,0.0,3.0,3.0,3.0,0.0,0.0,0.0,3.0,0.0,0.0,0.0,0.0,3.0,0.0,1.0,3.0,0.0,0.0,0.0,0.0,0.0,3.0,0.0,0.0,-1.0,0.0,3.0,0.0,0.0,0.0,1.0,0.0,0.0,0.0,0.0,1.0,0.0,0.0,0.0,0.0,0.0,0.0,1.0,0.0,0.0,0.0,0.0,0.0,0.0,0
2.901932732032734,0.3870967741935484,3.5461891131994223,221.0824,84.0,23.6874,0.10714285714285714,0.379948833557081,28.0,7.8958,7.8958,28.0,28.0,0.0,7.8958,0.0,0.0,0.0,0.0,0.0,0.0,0.0,0.0,0.0,0.0,0.0,0.0,3.0,0.0,0.0,0.0,3.0,0.0,3.0,3.0,0.0,0.0,0.0,0.0,0.0,0.0,3.0,3.0,3.0,0.0,0.0,0.0,3.0,0.0,0.0,0.0,0.0,3.0,0.0,1.0,3.0,0.0,0.0,0.0,0.0,0.0,3.0,0.0,0.0,-1.0,0.0,3.0,0.0,0.0,0.0,1.0,0.0,0.0,0.0,0.0,1.0,0.0,0.0,0.0,0.0,0.0,0.0,1.0,0.0,0.0,0.0,0.0,0.0,0.0,0
2.119710016051815,0.3814866760168303,0.6734144396891231,4656.864799999999,56.0,83.1583,0.017857142857142856,0.012025257851591482,56.0,0.0,83.1583,0.0,0.0,83.1583,0.0,0.0,83.1583,0.0,56.0,0.0,56.0,0.0,0.012025257851591482,1.0,83.1583,1.0,0.0,1.0,56.0,2.0,56.0,0.0,1.0,0.0,1.0,0.0,0.0,1.0,2.0,0.0,-1.0,1.0,0.0,1.0,0.0,0.0,1.0,2.0,0.0,2.0,-1.0,-1.0,2.0,1.0,1.0,0.0,0.0,0.0,0.0,1.0,1.0,0.0,1.0,1.0,1.0,1.0,2.0,1.0,0.0,1.0,0.0,0.0,0.0,1.0,1.0,0.0,0.0,1.0,0.0,0.0,0.0,0.0,1.0,0.0,1.0,0.0,0.0,0.0,0.0,1
1.9077494780715138,0.3856942496493689,0.9615384615384616,650.0,50.0,52.0,0.08,0.07692307692307693,25.0,26.0,26.0,25.0,0.0,26.0,0.0,0.0,0.0,0.0,25.0,0.0,25.0,0.0,0.038461538461538464,1.0,26.0,0.0,0.0,2.0,0.0,1.0,25.0,2.0,1.0,2.0,2.0,0.0,1.0,1.0,1.0,0.0,0.0,2.0,1.0,2.0,0.0,0.0,1.0,3.0,0.0,2.0,-1.0,-1.0,2.0,1.0,2.0,1.0,0.0,1.0,0.0,1.0,1.0,0.0,0.0,2.0,0.0,2.0,3.0,1.0,0.0,0.0,1.0,0.0,0.0,0.0,2.0,0.0,1.0,1.0,0.0,0.0,0.0,0.0,1.0,0.0,0.0,0.0,0.0,0.0,0.0,1
3.007071669220499,0.3814866760168303,4.17943716912789,260.5614,99.0,23.6874,0.09090909090909091,0.379948833557081,33.0,7.8958,7.8958,33.0,33.0,0.0,7.8958,0.0,0.0,0.0,0.0,0.0,0.0,0.0,0.0,0.0,0.0,0.0,0.0,3.0,0.0,0.0,0.0,3.0,0.0,3.0,3.0,0.0,0.0,0.0,0.0,0.0,0.0,3.0,3.0,3.0,0.0,0.0,0.0,3.0,0.0,0.0,0.0,0.0,3.0,0.0,1.0,3.0,0.0,0.0,0.0,0.0,0.0,3.0,0.0,0.0,-1.0,0.0,3.0,0.0,0.0,0.0,1.0,0.0,0.0,0.0,0.0,1.0,0.0,0.0,0.0,0.0,0.0,0.0,1.0,0.0,0.0,0.0,0.0,0.0,0.0,0
2.4175907452920944,0.3856942496493689,2.0919109606625654,231.3674,66.0,31.5501,0.13636363636363635,0.28526058554489525,22.0,10.5167,10.5167,22.0,0.0,10.5167,0.0,0.0,0.0,0.0,22.0,0.0,0.0,0.0,0.0,0.0,0.0,0.0,0.0,3.0,0.0,0.0,0.0,3.0,1.0,3.0,3.0,0.0,0.0,0.0,1.0,0.0,0.0,3.0,2.0,3.0,-1.0,0.0,0.0,3.0,0.0,1.0,-1.0,0.0,3.0,1.0,2.0,3.0,0.0,0.0,0.0,1.0,0.0,0.0,0.0,3.0,0.0,0.0,4.0,1.0,0.0,0.0,1.0,0.0,0.0,0.0,0.0,0.0,1.0,0.0,0.0,0.0,0.0,0.0,1.0,0.0,0.0,0.0,0.0,0.0,0.0,0
2.7045298460572664,0.3884992987377279,2.6666666666666665,294.0,56.0,21.0,0.07142857142857142,0.19047619047619047,28.0,10.5,10.5,28.0,28.0,0.0,10.5,0.0,0.0,0.0,0.0,0.0,0.0,0.0,0.0,0.0,0.0,0.0,0.0,2.0,0.0,0.0,0.0,2.0,0.0,2.0,2.0,0.0,0.0,0.0,0.0,0.0,0.0,2.0,2.0,2.0,0.0,0.0,0.0,2.0,0.0,0.0,0.0,0.0,2.0,0.0,1.0,2.0,0.0,0.0,0.0,0.0,0.0,2.0,0.0,0.0,-1.0,0.0,2.0,0.0,0.0,0.0,1.0,0.0,0.0,0.0,0.0,1.0,0.0,0.0,0.0,0.0,0.0,0.0,1.0,0.0,0.0,0.0,0.0,0.0,0.0,0
2.890416679576929,0.3856942496493689,3.546099290780142,176.25,75.0,21.15,0.12,0.425531914893617,25.0,7.05,7.05,25.0,25.0,0.0,7.05,0.0,0.0,0.0,0.0,0.0,0.0,0.0,0.0,0.0,0.0,0.0,0.0,3.0,0.0,0.0,0.0,3.0,0.0,3.0,3.0,0.0,0.0,0.0,0.0,0.0,0.0,3.0,3.0,3.0,0.0,0.0,0.0,3.0,0.0,0.0,0.0,0.0,3.0,0.0,1.0,3.0,0.0,0.0,0.0,0.0,0.0,3.0,0.0,0.0,-1.0,0.0,3.0,0.0,0.0,0.0,1.0,0.0,0.0,0.0,0.0,1.0,0.0,0.0,0.0,0.0,0.0,0.0,1.0,0.0,0.0,0.0,0.0,0.0,0.0,0
1.9835045318279656,0.3764044520232816,1.3390557939914163,1135.875,117.0,87.375,0.07692307692307693,0.10300429184549356,39.0,0.0,29.125,0.0,0.0,29.125,0.0,0.0,0.0,0.0,39.0,0.0,195.0,0.0,0.17167381974248927,5.0,145.625,0.0,29.125,3.0,0.0,5.0,7.8,3.0,1.0,0.0,3.0,39.0,5.0,4.0,1.0,0.0,0.0,2.0,2.0,3.0,4.0,0.0,6.0,8.0,0.0,6.0,-1.0,-5.0,3.0,2.0,1.0,-2.0,0.0,0.0,0.0,1.0,5.0,0.0,0.0,3.0,1.0,0.6,4.0,0.0,0.0,0.0,0.0,0.0,1.0,0.0,15.0,0.0,1.0,5.0,0.0,0.0,0.0,0.0,1.0,1.0,0.0,0.0,0.0,5.0,0.0,0
2.452891477967408,0.3764044943820224,2.076923076923077,351.0,54.0,26.0,0.07407407407407407,0.15384615384615385,27.0,13.0,13.0,27.0,27.0,0.0,13.0,0.0,0.0,0.0,0.0,0.0,0.0,0.0,0.0,0.0,0.0,0.0,0.0,2.0,0.0,0.0,0.0,2.0,0.0,2.0,2.0,0.0,0.0,0.0,0.0,0.0,0.0,2.0,2.0,2.0,0.0,0.0,0.0,2.0,0.0,0.0,0.0,0.0,2.0,0.0,1.0,2.0,0.0,0.0,0.0,0.0,0.0,2.0,0.0,0.0,-1.0,0.0,2.0,0.0,0.0,0.0,1.0,0.0,0.0,0.0,0.0,1.0,0.0,0.0,0.0,0.0,0.0,0.0,1.0,0.0,0.0,0.0,0.0,0.0,0.0,0
2.1736736335521165,0.3884992987377279,0.6333333333333333,570.0,19.0,30.0,0.05263157894736842,0.03333333333333333,19.0,30.0,30.0,19.0,0.0,30.0,0.0,0.0,0.0,0.0,19.0,0.0,0.0,0.0,0.0,0.0,0.0,0.0,0.0,1.0,0.0,0.0,0.0,1.0,1.0,1.0,1.0,0.0,0.0,0.0,1.0,0.0,0.0,1.0,0.0,1.0,-1.0,0.0,0.0,1.0,0.0,1.0,-1.0,0.0,1.0,1.0,2.0,1.0,0.0,0.0,0.0,1.0,0.0,0.0,0.0,1.0,0.0,0.0,2.0,1.0,0.0,0.0,1.0,0.0,0.0,0.0,0.0,0.0,1.0,0.0,0.0,0.0,0.0,0.0,1.0,0.0,0.0,0.0,0.0,0.0,0.0,1
1.9321997948612466,0.3870967720247239,1.1940298507462688,656.6,84.0,70.35,0.10714285714285714,0.1279317697228145,28.0,23.45,23.45,28.0,0.0,23.45,0.0,23.45,0.0,28.0,28.0,0.042643923240938165,56.0,28.0,0.08528784648187633,3.0,46.9,1.0,0.0,3.0,0.0,2.0,14.0,3.0,2.0,3.0,2.0,0.0,2.0,2.0,1.0,2.0,1.0,3.0,2.0,4.0,1.0,3.0,2.0,5.0,1.0,3.0,0.0,-1.0,3.0,1.0,2.0,1.0,0.5,2.0,0.0,1.0,2.0,0.0,0.0,3.0,0.0,1.5,4.0,1.0,0.0,0.0,1.0,1.0,0.0,0.0,6.0,0.0,1.0,2.0,0.0,1.0,0.0,0.0,1.0,0.0,0.0,0.0,0.0,0.0,0.0,0
1.944682440022032,0.3764044943820224,0.8666666666666667,780.0,26.0,30.0,0.038461538461538464,0.03333333333333333,26.0,0.0,30.0,0.0,26.0,0.0,30.0,0.0,30.0,0.0,0.0,0.0,0.0,0.0,0.0,0.0,0.0,1.0,0.0,1.0,26.0,1.0,0.0,0.0,0.0,0.0,1.0,0.0,-1.0,0.0,1.0,0.0,-1.0,1.0,1.0,1.0,0.0,0.0,0.0,1.0,0.0,0.0,0.0,0.0,2.0,0.0,0.0,1.0,0.0,0.0,0.0,0.0,0.0,1.0,1.0,0.0,0.0,0.0,1.0,0.0,0.0,0.0,0.0,0.0,0.0,1.0,0.0,0.0,-1.0,0.0,0.0,0.0,0.0,0.0,1.0,0.0,0.0,0.0,0.0,0.0,1.0,1
2.998956374184776,0.3814866760168303,4.129032258064516,248.0,96.0,23.25,0.09375,0.3870967741935484,32.0,0.0,7.75,0.0,32.0,0.0,7.75,0.0,0.0,0.0,0.0,0.0,0.0,0.0,0.0,0.0,0.0,0.0,7.75,3.0,0.0,0.0,0.0,3.0,0.0,0.0,3.0,32.0,0.0,-1.0,0.0,0.0,0.0,2.0,3.0,3.0,0.0,0.0,1.0,3.0,0.0,0.0,0.0,0.0,3.0,1.0,0.0,3.0,0.0,0.0,1.0,0.0,0.0,3.0,0.0,0.0,0.0,0.0,3.0,-1.0,0.0,0.0,0.0,0.0,1.0,0.0,0.0,0.0,0.0,0.0,0.0,0.0,0.0,0.0,1.0,0.0,0.0,0.0,0.0,0.0,0.0,0
